hazard_id,latitude,longitude,category,description,reported_at,verification_status,source
SIM-HZD-0001,26.750000,75.550000,unsafe_crossing,Simulated unsafe crossing report near this grid cell. No real incident is described.,2026-02-25,simulated,"ClearWay simulated sample data - NOT a real observation, generated by data/generate_sample_data.py"
SIM-HZD-0002,26.750000,75.582000,isolated_stretch,Simulated isolated stretch report near this grid cell. No real incident is described.,2026-03-17,unverified_report,"ClearWay simulated sample data - NOT a real observation, generated by data/generate_sample_data.py"
SIM-HZD-0003,26.750000,75.590000,poor_lighting,Simulated poor lighting report near this grid cell. No real incident is described.,2026-02-21,unverified_report,"ClearWay simulated sample data - NOT a real observation, generated by data/generate_sample_data.py"
SIM-HZD-0004,26.750000,75.614000,uneven_footpath,Simulated uneven footpath report near this grid cell. No real incident is described.,2026-04-25,simulated,"ClearWay simulated sample data - NOT a real observation, generated by data/generate_sample_data.py"
SIM-HZD-0005,26.750000,75.622000,poor_lighting,Simulated poor lighting report near this grid cell. No real incident is described.,2026-03-03,unverified_report,"ClearWay simulated sample data - NOT a real observation, generated by data/generate_sample_data.py"
SIM-HZD-0006,26.750000,75.678000,stray_animals,Simulated stray animals report near this grid cell. No real incident is described.,2025-11-30,unverified_report,"ClearWay simulated sample data - NOT a real observation, generated by data/generate_sample_data.py"
SIM-HZD-0007,26.750000,75.694000,isolated_stretch,Simulated isolated stretch report near this grid cell. No real incident is described.,2026-06-27,simulated,"ClearWay simulated sample data - NOT a real observation, generated by data/generate_sample_data.py"
SIM-HZD-0008,26.750000,75.718000,no_footpath,Simulated no footpath report near this grid cell. No real incident is described.,2026-01-18,unverified_report,"ClearWay simulated sample data - NOT a real observation, generated by data/generate_sample_data.py"
SIM-HZD-0009,26.750000,75.726000,unsafe_crossing,Simulated unsafe crossing report near this grid cell. No real incident is described.,2026-08-15,simulated,"ClearWay simulated sample data - NOT a real observation, generated by data/generate_sample_data.py"
SIM-HZD-0010,26.750000,75.870000,isolated_stretch,Simulated isolated stretch report near this grid cell. No real incident is described.,2026-10-07,unverified_report,"ClearWay simulated sample data - NOT a real observation, generated by data/generate_sample_data.py"
SIM-HZD-0011,26.750000,75.894000,isolated_stretch,Simulated isolated stretch report near this grid cell. No real incident is described.,2026-09-11,simulated,"ClearWay simulated sample data - NOT a real observation, generated by data/generate_sample_data.py"
SIM-HZD-0012,26.750000,75.902000,no_footpath,Simulated no footpath report near this grid cell. No real incident is described.,2026-04-17,unverified_report,"ClearWay simulated sample data - NOT a real observation, generated by data/generate_sample_data.py"
SIM-HZD-0013,26.758000,75.574000,poor_lighting,Simulated poor lighting report near this grid cell. No real incident is described.,2026-09-16,unverified_report,"ClearWay simulated sample data - NOT a real observation, generated by data/generate_sample_data.py"
SIM-HZD-0014,26.758000,75.590000,unsafe_crossing,Simulated unsafe crossing report near this grid cell. No real incident is described.,2025-09-10,unverified_report,"ClearWay simulated sample data - NOT a real observation, generated by data/generate_sample_data.py"
SIM-HZD-0015,26.758000,75.614000,stray_animals,Simulated stray animals report near this grid cell. No real incident is described.,2026-07-04,simulated,"ClearWay simulated sample data - NOT a real observation, generated by data/generate_sample_data.py"
SIM-HZD-0016,26.758000,75.622000,isolated_stretch,Simulated isolated stretch report near this grid cell. No real incident is described.,2026-02-26,unverified_report,"ClearWay simulated sample data - NOT a real observation, generated by data/generate_sample_data.py"
SIM-HZD-0017,26.758000,75.646000,uneven_footpath,Simulated uneven footpath report near this grid cell. No real incident is described.,2026-02-22,simulated,"ClearWay simulated sample data - NOT a real observation, generated by data/generate_sample_data.py"
SIM-HZD-0018,26.758000,75.654000,uneven_footpath,Simulated uneven footpath report near this grid cell. No real incident is described.,2026-01-18,unverified_report,"ClearWay simulated sample data - NOT a real observation, generated by data/generate_sample_data.py"
SIM-HZD-0019,26.758000,75.662000,uneven_footpath,Simulated uneven footpath report near this grid cell. No real incident is described.,2026-03-21,simulated,"ClearWay simulated sample data - NOT a real observation, generated by data/generate_sample_data.py"
SIM-HZD-0020,26.758000,75.670000,stray_animals,Simulated stray animals report near this grid cell. No real incident is described.,2025-11-21,unverified_report,"ClearWay simulated sample data - NOT a real observation, generated by data/generate_sample_data.py"
SIM-HZD-0021,26.758000,75.694000,no_footpath,Simulated no footpath report near this grid cell. No real incident is described.,2025-12-03,unverified_report,"ClearWay simulated sample data - NOT a real observation, generated by data/generate_sample_data.py"
SIM-HZD-0022,26.758000,75.718000,isolated_stretch,Simulated isolated stretch report near this grid cell. No real incident is described.,2026-09-16,simulated,"ClearWay simulated sample data - NOT a real observation, generated by data/generate_sample_data.py"
SIM-HZD-0023,26.758000,75.734000,unsafe_crossing,Simulated unsafe crossing report near this grid cell. No real incident is described.,2026-01-21,unverified_report,"ClearWay simulated sample data - NOT a real observation, generated by data/generate_sample_data.py"
SIM-HZD-0024,26.758000,75.742000,stray_animals,Simulated stray animals report near this grid cell. No real incident is described.,2026-03-01,simulated,"ClearWay simulated sample data - NOT a real observation, generated by data/generate_sample_data.py"
SIM-HZD-0025,26.758000,75.782000,no_footpath,Simulated no footpath report near this grid cell. No real incident is described.,2026-08-19,simulated,"ClearWay simulated sample data - NOT a real observation, generated by data/generate_sample_data.py"
SIM-HZD-0026,26.758000,75.798000,uneven_footpath,Simulated uneven footpath report near this grid cell. No real incident is described.,2026-08-15,unverified_report,"ClearWay simulated sample data - NOT a real observation, generated by data/generate_sample_data.py"
SIM-HZD-0027,26.758000,75.822000,uneven_footpath,Simulated uneven footpath report near this grid cell. No real incident is described.,2025-11-08,unverified_report,"ClearWay simulated sample data - NOT a real observation, generated by data/generate_sample_data.py"
SIM-HZD-0028,26.758000,75.830000,unsafe_crossing,Simulated unsafe crossing report near this grid cell. No real incident is described.,2026-05-29,unverified_report,"ClearWay simulated sample data - NOT a real observation, generated by data/generate_sample_data.py"
SIM-HZD-0029,26.758000,75.838000,uneven_footpath,Simulated uneven footpath report near this grid cell. No real incident is described.,2026-01-23,unverified_report,"ClearWay simulated sample data - NOT a real observation, generated by data/generate_sample_data.py"
SIM-HZD-0030,26.758000,75.846000,poor_lighting,Simulated poor lighting report near this grid cell. No real incident is described.,2026-06-13,simulated,"ClearWay simulated sample data - NOT a real observation, generated by data/generate_sample_data.py"
SIM-HZD-0031,26.758000,75.878000,no_footpath,Simulated no footpath report near this grid cell. No real incident is described.,2025-11-13,simulated,"ClearWay simulated sample data - NOT a real observation, generated by data/generate_sample_data.py"
SIM-HZD-0032,26.758000,75.886000,unsafe_crossing,Simulated unsafe crossing report near this grid cell. No real incident is described.,2025-10-28,unverified_report,"ClearWay simulated sample data - NOT a real observation, generated by data/generate_sample_data.py"
SIM-HZD-0033,26.758000,75.894000,stray_animals,Simulated stray animals report near this grid cell. No real incident is described.,2026-06-07,simulated,"ClearWay simulated sample data - NOT a real observation, generated by data/generate_sample_data.py"
SIM-HZD-0034,26.766000,75.566000,isolated_stretch,Simulated isolated stretch report near this grid cell. No real incident is described.,2025-09-21,simulated,"ClearWay simulated sample data - NOT a real observation, generated by data/generate_sample_data.py"
SIM-HZD-0035,26.766000,75.598000,no_footpath,Simulated no footpath report near this grid cell. No real incident is described.,2025-11-01,simulated,"ClearWay simulated sample data - NOT a real observation, generated by data/generate_sample_data.py"
SIM-HZD-0036,26.766000,75.622000,unsafe_crossing,Simulated unsafe crossing report near this grid cell. No real incident is described.,2026-04-27,simulated,"ClearWay simulated sample data - NOT a real observation, generated by data/generate_sample_data.py"
SIM-HZD-0037,26.766000,75.638000,poor_lighting,Simulated poor lighting report near this grid cell. No real incident is described.,2026-01-01,simulated,"ClearWay simulated sample data - NOT a real observation, generated by data/generate_sample_data.py"
SIM-HZD-0038,26.766000,75.654000,no_footpath,Simulated no footpath report near this grid cell. No real incident is described.,2026-03-14,simulated,"ClearWay simulated sample data - NOT a real observation, generated by data/generate_sample_data.py"
SIM-HZD-0039,26.766000,75.662000,no_footpath,Simulated no footpath report near this grid cell. No real incident is described.,2025-09-24,simulated,"ClearWay simulated sample data - NOT a real observation, generated by data/generate_sample_data.py"
SIM-HZD-0040,26.766000,75.670000,unsafe_crossing,Simulated unsafe crossing report near this grid cell. No real incident is described.,2025-10-06,simulated,"ClearWay simulated sample data - NOT a real observation, generated by data/generate_sample_data.py"
SIM-HZD-0041,26.766000,75.734000,unsafe_crossing,Simulated unsafe crossing report near this grid cell. No real incident is described.,2026-05-22,unverified_report,"ClearWay simulated sample data - NOT a real observation, generated by data/generate_sample_data.py"
SIM-HZD-0042,26.766000,75.742000,unsafe_crossing,Simulated unsafe crossing report near this grid cell. No real incident is described.,2026-08-20,unverified_report,"ClearWay simulated sample data - NOT a real observation, generated by data/generate_sample_data.py"
SIM-HZD-0043,26.766000,75.782000,no_footpath,Simulated no footpath report near this grid cell. No real incident is described.,2026-01-19,unverified_report,"ClearWay simulated sample data - NOT a real observation, generated by data/generate_sample_data.py"
SIM-HZD-0044,26.766000,75.806000,unsafe_crossing,Simulated unsafe crossing report near this grid cell. No real incident is described.,2026-07-11,simulated,"ClearWay simulated sample data - NOT a real observation, generated by data/generate_sample_data.py"
SIM-HZD-0045,26.766000,75.846000,unsafe_crossing,Simulated unsafe crossing report near this grid cell. No real incident is described.,2026-03-10,unverified_report,"ClearWay simulated sample data - NOT a real observation, generated by data/generate_sample_data.py"
SIM-HZD-0046,26.766000,75.870000,no_footpath,Simulated no footpath report near this grid cell. No real incident is described.,2026-07-07,unverified_report,"ClearWay simulated sample data - NOT a real observation, generated by data/generate_sample_data.py"
SIM-HZD-0047,26.766000,75.886000,stray_animals,Simulated stray animals report near this grid cell. No real incident is described.,2026-02-01,simulated,"ClearWay simulated sample data - NOT a real observation, generated by data/generate_sample_data.py"
SIM-HZD-0048,26.774000,75.558000,uneven_footpath,Simulated uneven footpath report near this grid cell. No real incident is described.,2025-10-16,unverified_report,"ClearWay simulated sample data - NOT a real observation, generated by data/generate_sample_data.py"
SIM-HZD-0049,26.774000,75.574000,no_footpath,Simulated no footpath report near this grid cell. No real incident is described.,2026-08-26,simulated,"ClearWay simulated sample data - NOT a real observation, generated by data/generate_sample_data.py"
SIM-HZD-0050,26.774000,75.614000,unsafe_crossing,Simulated unsafe crossing report near this grid cell. No real incident is described.,2025-11-06,unverified_report,"ClearWay simulated sample data - NOT a real observation, generated by data/generate_sample_data.py"
SIM-HZD-0051,26.774000,75.630000,no_footpath,Simulated no footpath report near this grid cell. No real incident is described.,2026-02-12,simulated,"ClearWay simulated sample data - NOT a real observation, generated by data/generate_sample_data.py"
SIM-HZD-0052,26.774000,75.646000,isolated_stretch,Simulated isolated stretch report near this grid cell. No real incident is described.,2025-10-26,unverified_report,"ClearWay simulated sample data - NOT a real observation, generated by data/generate_sample_data.py"
SIM-HZD-0053,26.774000,75.686000,poor_lighting,Simulated poor lighting report near this grid cell. No real incident is described.,2026-04-13,simulated,"ClearWay simulated sample data - NOT a real observation, generated by data/generate_sample_data.py"
SIM-HZD-0054,26.774000,75.694000,stray_animals,Simulated stray animals report near this grid cell. No real incident is described.,2026-02-06,unverified_report,"ClearWay simulated sample data - NOT a real observation, generated by data/generate_sample_data.py"
SIM-HZD-0055,26.774000,75.790000,stray_animals,Simulated stray animals report near this grid cell. No real incident is described.,2025-11-28,simulated,"ClearWay simulated sample data - NOT a real observation, generated by data/generate_sample_data.py"
SIM-HZD-0056,26.774000,75.806000,uneven_footpath,Simulated uneven footpath report near this grid cell. No real incident is described.,2026-08-14,unverified_report,"ClearWay simulated sample data - NOT a real observation, generated by data/generate_sample_data.py"
SIM-HZD-0057,26.774000,75.822000,uneven_footpath,Simulated uneven footpath report near this grid cell. No real incident is described.,2026-01-30,unverified_report,"ClearWay simulated sample data - NOT a real observation, generated by data/generate_sample_data.py"
SIM-HZD-0058,26.782000,75.550000,isolated_stretch,Simulated isolated stretch report near this grid cell. No real incident is described.,2026-02-11,unverified_report,"ClearWay simulated sample data - NOT a real observation, generated by data/generate_sample_data.py"
SIM-HZD-0059,26.782000,75.558000,uneven_footpath,Simulated uneven footpath report near this grid cell. No real incident is described.,2026-07-06,simulated,"ClearWay simulated sample data - NOT a real observation, generated by data/generate_sample_data.py"
SIM-HZD-0060,26.782000,75.574000,isolated_stretch,Simulated isolated stretch report near this grid cell. No real incident is described.,2025-12-24,unverified_report,"ClearWay simulated sample data - NOT a real observation, generated by data/generate_sample_data.py"
SIM-HZD-0061,26.782000,75.590000,no_footpath,Simulated no footpath report near this grid cell. No real incident is described.,2026-09-14,simulated,"ClearWay simulated sample data - NOT a real observation, generated by data/generate_sample_data.py"
SIM-HZD-0062,26.782000,75.614000,unsafe_crossing,Simulated unsafe crossing report near this grid cell. No real incident is described.,2026-03-25,unverified_report,"ClearWay simulated sample data - NOT a real observation, generated by data/generate_sample_data.py"
SIM-HZD-0063,26.782000,75.638000,poor_lighting,Simulated poor lighting report near this grid cell. No real incident is described.,2026-02-06,unverified_report,"ClearWay simulated sample data - NOT a real observation, generated by data/generate_sample_data.py"
SIM-HZD-0064,26.782000,75.654000,poor_lighting,Simulated poor lighting report near this grid cell. No real incident is described.,2026-04-30,unverified_report,"ClearWay simulated sample data - NOT a real observation, generated by data/generate_sample_data.py"
SIM-HZD-0065,26.782000,75.686000,unsafe_crossing,Simulated unsafe crossing report near this grid cell. No real incident is described.,2026-03-19,simulated,"ClearWay simulated sample data - NOT a real observation, generated by data/generate_sample_data.py"
SIM-HZD-0066,26.782000,75.702000,uneven_footpath,Simulated uneven footpath report near this grid cell. No real incident is described.,2026-02-23,simulated,"ClearWay simulated sample data - NOT a real observation, generated by data/generate_sample_data.py"
SIM-HZD-0067,26.782000,75.758000,poor_lighting,Simulated poor lighting report near this grid cell. No real incident is described.,2026-04-02,simulated,"ClearWay simulated sample data - NOT a real observation, generated by data/generate_sample_data.py"
SIM-HZD-0068,26.782000,75.798000,isolated_stretch,Simulated isolated stretch report near this grid cell. No real incident is described.,2026-06-08,simulated,"ClearWay simulated sample data - NOT a real observation, generated by data/generate_sample_data.py"
SIM-HZD-0069,26.782000,75.814000,stray_animals,Simulated stray animals report near this grid cell. No real incident is described.,2026-09-07,unverified_report,"ClearWay simulated sample data - NOT a real observation, generated by data/generate_sample_data.py"
SIM-HZD-0070,26.782000,75.838000,stray_animals,Simulated stray animals report near this grid cell. No real incident is described.,2026-04-12,unverified_report,"ClearWay simulated sample data - NOT a real observation, generated by data/generate_sample_data.py"
SIM-HZD-0071,26.790000,75.550000,stray_animals,Simulated stray animals report near this grid cell. No real incident is described.,2025-12-07,unverified_report,"ClearWay simulated sample data - NOT a real observation, generated by data/generate_sample_data.py"
SIM-HZD-0072,26.790000,75.558000,no_footpath,Simulated no footpath report near this grid cell. No real incident is described.,2026-04-18,unverified_report,"ClearWay simulated sample data - NOT a real observation, generated by data/generate_sample_data.py"
SIM-HZD-0073,26.790000,75.574000,uneven_footpath,Simulated uneven footpath report near this grid cell. No real incident is described.,2026-07-19,unverified_report,"ClearWay simulated sample data - NOT a real observation, generated by data/generate_sample_data.py"
SIM-HZD-0074,26.790000,75.606000,isolated_stretch,Simulated isolated stretch report near this grid cell. No real incident is described.,2025-09-15,simulated,"ClearWay simulated sample data - NOT a real observation, generated by data/generate_sample_data.py"
SIM-HZD-0075,26.790000,75.622000,no_footpath,Simulated no footpath report near this grid cell. No real incident is described.,2025-10-01,simulated,"ClearWay simulated sample data - NOT a real observation, generated by data/generate_sample_data.py"
SIM-HZD-0076,26.790000,75.630000,uneven_footpath,Simulated uneven footpath report near this grid cell. No real incident is described.,2026-09-12,unverified_report,"ClearWay simulated sample data - NOT a real observation, generated by data/generate_sample_data.py"
SIM-HZD-0077,26.790000,75.638000,isolated_stretch,Simulated isolated stretch report near this grid cell. No real incident is described.,2025-10-14,simulated,"ClearWay simulated sample data - NOT a real observation, generated by data/generate_sample_data.py"
SIM-HZD-0078,26.790000,75.662000,isolated_stretch,Simulated isolated stretch report near this grid cell. No real incident is described.,2026-06-07,simulated,"ClearWay simulated sample data - NOT a real observation, generated by data/generate_sample_data.py"
SIM-HZD-0079,26.790000,75.694000,isolated_stretch,Simulated isolated stretch report near this grid cell. No real incident is described.,2026-07-19,unverified_report,"ClearWay simulated sample data - NOT a real observation, generated by data/generate_sample_data.py"
SIM-HZD-0080,26.790000,75.702000,uneven_footpath,Simulated uneven footpath report near this grid cell. No real incident is described.,2026-05-16,simulated,"ClearWay simulated sample data - NOT a real observation, generated by data/generate_sample_data.py"
SIM-HZD-0081,26.790000,75.710000,isolated_stretch,Simulated isolated stretch report near this grid cell. No real incident is described.,2026-04-08,unverified_report,"ClearWay simulated sample data - NOT a real observation, generated by data/generate_sample_data.py"
SIM-HZD-0082,26.790000,75.726000,isolated_stretch,Simulated isolated stretch report near this grid cell. No real incident is described.,2026-09-13,simulated,"ClearWay simulated sample data - NOT a real observation, generated by data/generate_sample_data.py"
SIM-HZD-0083,26.790000,75.742000,stray_animals,Simulated stray animals report near this grid cell. No real incident is described.,2026-08-07,unverified_report,"ClearWay simulated sample data - NOT a real observation, generated by data/generate_sample_data.py"
SIM-HZD-0084,26.790000,75.774000,poor_lighting,Simulated poor lighting report near this grid cell. No real incident is described.,2026-09-21,simulated,"ClearWay simulated sample data - NOT a real observation, generated by data/generate_sample_data.py"
SIM-HZD-0085,26.790000,75.790000,no_footpath,Simulated no footpath report near this grid cell. No real incident is described.,2026-01-01,simulated,"ClearWay simulated sample data - NOT a real observation, generated by data/generate_sample_data.py"
SIM-HZD-0086,26.790000,75.806000,poor_lighting,Simulated poor lighting report near this grid cell. No real incident is described.,2026-08-29,unverified_report,"ClearWay simulated sample data - NOT a real observation, generated by data/generate_sample_data.py"
SIM-HZD-0087,26.790000,75.830000,stray_animals,Simulated stray animals report near this grid cell. No real incident is described.,2025-10-03,unverified_report,"ClearWay simulated sample data - NOT a real observation, generated by data/generate_sample_data.py"
SIM-HZD-0088,26.790000,75.846000,isolated_stretch,Simulated isolated stretch report near this grid cell. No real incident is described.,2026-02-05,simulated,"ClearWay simulated sample data - NOT a real observation, generated by data/generate_sample_data.py"
SIM-HZD-0089,26.790000,75.854000,poor_lighting,Simulated poor lighting report near this grid cell. No real incident is described.,2026-05-23,simulated,"ClearWay simulated sample data - NOT a real observation, generated by data/generate_sample_data.py"
SIM-HZD-0090,26.790000,75.870000,unsafe_crossing,Simulated unsafe crossing report near this grid cell. No real incident is described.,2026-06-29,simulated,"ClearWay simulated sample data - NOT a real observation, generated by data/generate_sample_data.py"
SIM-HZD-0091,26.790000,75.878000,isolated_stretch,Simulated isolated stretch report near this grid cell. No real incident is described.,2026-10-01,simulated,"ClearWay simulated sample data - NOT a real observation, generated by data/generate_sample_data.py"
SIM-HZD-0092,26.790000,75.902000,unsafe_crossing,Simulated unsafe crossing report near this grid cell. No real incident is described.,2026-09-19,unverified_report,"ClearWay simulated sample data - NOT a real observation, generated by data/generate_sample_data.py"
SIM-HZD-0093,26.798000,75.574000,uneven_footpath,Simulated uneven footpath report near this grid cell. No real incident is described.,2026-05-25,unverified_report,"ClearWay simulated sample data - NOT a real observation, generated by data/generate_sample_data.py"
SIM-HZD-0094,26.798000,75.590000,unsafe_crossing,Simulated unsafe crossing report near this grid cell. No real incident is described.,2025-11-08,unverified_report,"ClearWay simulated sample data - NOT a real observation, generated by data/generate_sample_data.py"
SIM-HZD-0095,26.798000,75.606000,unsafe_crossing,Simulated unsafe crossing report near this grid cell. No real incident is described.,2026-03-02,unverified_report,"ClearWay simulated sample data - NOT a real observation, generated by data/generate_sample_data.py"
SIM-HZD-0096,26.798000,75.614000,uneven_footpath,Simulated uneven footpath report near this grid cell. No real incident is described.,2025-11-11,simulated,"ClearWay simulated sample data - NOT a real observation, generated by data/generate_sample_data.py"
SIM-HZD-0097,26.798000,75.638000,uneven_footpath,Simulated uneven footpath report near this grid cell. No real incident is described.,2025-12-25,unverified_report,"ClearWay simulated sample data - NOT a real observation, generated by data/generate_sample_data.py"
SIM-HZD-0098,26.798000,75.686000,no_footpath,Simulated no footpath report near this grid cell. No real incident is described.,2026-08-05,unverified_report,"ClearWay simulated sample data - NOT a real observation, generated by data/generate_sample_data.py"
SIM-HZD-0099,26.798000,75.710000,unsafe_crossing,Simulated unsafe crossing report near this grid cell. No real incident is described.,2025-10-23,unverified_report,"ClearWay simulated sample data - NOT a real observation, generated by data/generate_sample_data.py"
SIM-HZD-0100,26.798000,75.718000,unsafe_crossing,Simulated unsafe crossing report near this grid cell. No real incident is described.,2026-09-07,simulated,"ClearWay simulated sample data - NOT a real observation, generated by data/generate_sample_data.py"
SIM-HZD-0101,26.798000,75.726000,no_footpath,Simulated no footpath report near this grid cell. No real incident is described.,2026-04-09,unverified_report,"ClearWay simulated sample data - NOT a real observation, generated by data/generate_sample_data.py"
SIM-HZD-0102,26.798000,75.734000,poor_lighting,Simulated poor lighting report near this grid cell. No real incident is described.,2026-02-26,unverified_report,"ClearWay simulated sample data - NOT a real observation, generated by data/generate_sample_data.py"
SIM-HZD-0103,26.798000,75.774000,stray_animals,Simulated stray animals report near this grid cell. No real incident is described.,2026-03-21,unverified_report,"ClearWay simulated sample data - NOT a real observation, generated by data/generate_sample_data.py"
SIM-HZD-0104,26.798000,75.782000,uneven_footpath,Simulated uneven footpath report near this grid cell. No real incident is described.,2026-04-11,unverified_report,"ClearWay simulated sample data - NOT a real observation, generated by data/generate_sample_data.py"
SIM-HZD-0105,26.798000,75.790000,unsafe_crossing,Simulated unsafe crossing report near this grid cell. No real incident is described.,2026-10-04,simulated,"ClearWay simulated sample data - NOT a real observation, generated by data/generate_sample_data.py"
SIM-HZD-0106,26.798000,75.798000,stray_animals,Simulated stray animals report near this grid cell. No real incident is described.,2026-06-01,simulated,"ClearWay simulated sample data - NOT a real observation, generated by data/generate_sample_data.py"
SIM-HZD-0107,26.798000,75.806000,uneven_footpath,Simulated uneven footpath report near this grid cell. No real incident is described.,2026-03-16,simulated,"ClearWay simulated sample data - NOT a real observation, generated by data/generate_sample_data.py"
SIM-HZD-0108,26.798000,75.830000,unsafe_crossing,Simulated unsafe crossing report near this grid cell. No real incident is described.,2025-10-28,unverified_report,"ClearWay simulated sample data - NOT a real observation, generated by data/generate_sample_data.py"
SIM-HZD-0109,26.798000,75.846000,poor_lighting,Simulated poor lighting report near this grid cell. No real incident is described.,2025-12-29,unverified_report,"ClearWay simulated sample data - NOT a real observation, generated by data/generate_sample_data.py"
SIM-HZD-0110,26.798000,75.854000,no_footpath,Simulated no footpath report near this grid cell. No real incident is described.,2026-08-04,simulated,"ClearWay simulated sample data - NOT a real observation, generated by data/generate_sample_data.py"
SIM-HZD-0111,26.806000,75.574000,isolated_stretch,Simulated isolated stretch report near this grid cell. No real incident is described.,2026-10-06,unverified_report,"ClearWay simulated sample data - NOT a real observation, generated by data/generate_sample_data.py"
SIM-HZD-0112,26.806000,75.598000,unsafe_crossing,Simulated unsafe crossing report near this grid cell. No real incident is described.,2026-05-20,unverified_report,"ClearWay simulated sample data - NOT a real observation, generated by data/generate_sample_data.py"
SIM-HZD-0113,26.806000,75.614000,unsafe_crossing,Simulated unsafe crossing report near this grid cell. No real incident is described.,2026-04-23,unverified_report,"ClearWay simulated sample data - NOT a real observation, generated by data/generate_sample_data.py"
SIM-HZD-0114,26.806000,75.630000,stray_animals,Simulated stray animals report near this grid cell. No real incident is described.,2025-11-15,simulated,"ClearWay simulated sample data - NOT a real observation, generated by data/generate_sample_data.py"
SIM-HZD-0115,26.806000,75.694000,poor_lighting,Simulated poor lighting report near this grid cell. No real incident is described.,2025-09-14,simulated,"ClearWay simulated sample data - NOT a real observation, generated by data/generate_sample_data.py"
SIM-HZD-0116,26.806000,75.758000,isolated_stretch,Simulated isolated stretch report near this grid cell. No real incident is described.,2026-04-25,unverified_report,"ClearWay simulated sample data - NOT a real observation, generated by data/generate_sample_data.py"
SIM-HZD-0117,26.806000,75.774000,uneven_footpath,Simulated uneven footpath report near this grid cell. No real incident is described.,2026-03-21,simulated,"ClearWay simulated sample data - NOT a real observation, generated by data/generate_sample_data.py"
SIM-HZD-0118,26.806000,75.814000,no_footpath,Simulated no footpath report near this grid cell. No real incident is described.,2025-09-25,simulated,"ClearWay simulated sample data - NOT a real observation, generated by data/generate_sample_data.py"
SIM-HZD-0119,26.806000,75.822000,stray_animals,Simulated stray animals report near this grid cell. No real incident is described.,2026-06-23,unverified_report,"ClearWay simulated sample data - NOT a real observation, generated by data/generate_sample_data.py"
SIM-HZD-0120,26.806000,75.838000,unsafe_crossing,Simulated unsafe crossing report near this grid cell. No real incident is described.,2026-05-27,simulated,"ClearWay simulated sample data - NOT a real observation, generated by data/generate_sample_data.py"
SIM-HZD-0121,26.806000,75.846000,stray_animals,Simulated stray animals report near this grid cell. No real incident is described.,2025-09-29,unverified_report,"ClearWay simulated sample data - NOT a real observation, generated by data/generate_sample_data.py"
SIM-HZD-0122,26.806000,75.862000,no_footpath,Simulated no footpath report near this grid cell. No real incident is described.,2026-03-18,unverified_report,"ClearWay simulated sample data - NOT a real observation, generated by data/generate_sample_data.py"
SIM-HZD-0123,26.814000,75.582000,uneven_footpath,Simulated uneven footpath report near this grid cell. No real incident is described.,2026-05-02,unverified_report,"ClearWay simulated sample data - NOT a real observation, generated by data/generate_sample_data.py"
SIM-HZD-0124,26.814000,75.614000,unsafe_crossing,Simulated unsafe crossing report near this grid cell. No real incident is described.,2026-01-25,unverified_report,"ClearWay simulated sample data - NOT a real observation, generated by data/generate_sample_data.py"
SIM-HZD-0125,26.814000,75.622000,no_footpath,Simulated no footpath report near this grid cell. No real incident is described.,2026-09-30,simulated,"ClearWay simulated sample data - NOT a real observation, generated by data/generate_sample_data.py"
SIM-HZD-0126,26.814000,75.646000,uneven_footpath,Simulated uneven footpath report near this grid cell. No real incident is described.,2026-08-28,unverified_report,"ClearWay simulated sample data - NOT a real observation, generated by data/generate_sample_data.py"
SIM-HZD-0127,26.814000,75.654000,no_footpath,Simulated no footpath report near this grid cell. No real incident is described.,2026-06-01,simulated,"ClearWay simulated sample data - NOT a real observation, generated by data/generate_sample_data.py"
SIM-HZD-0128,26.814000,75.670000,poor_lighting,Simulated poor lighting report near this grid cell. No real incident is described.,2025-10-30,unverified_report,"ClearWay simulated sample data - NOT a real observation, generated by data/generate_sample_data.py"
SIM-HZD-0129,26.814000,75.678000,isolated_stretch,Simulated isolated stretch report near this grid cell. No real incident is described.,2025-09-05,unverified_report,"ClearWay simulated sample data - NOT a real observation, generated by data/generate_sample_data.py"
SIM-HZD-0130,26.814000,75.702000,unsafe_crossing,Simulated unsafe crossing report near this grid cell. No real incident is described.,2026-07-06,simulated,"ClearWay simulated sample data - NOT a real observation, generated by data/generate_sample_data.py"
SIM-HZD-0131,26.814000,75.726000,isolated_stretch,Simulated isolated stretch report near this grid cell. No real incident is described.,2026-06-09,simulated,"ClearWay simulated sample data - NOT a real observation, generated by data/generate_sample_data.py"
SIM-HZD-0132,26.814000,75.742000,no_footpath,Simulated no footpath report near this grid cell. No real incident is described.,2025-12-04,unverified_report,"ClearWay simulated sample data - NOT a real observation, generated by data/generate_sample_data.py"
SIM-HZD-0133,26.814000,75.750000,isolated_stretch,Simulated isolated stretch report near this grid cell. No real incident is described.,2025-12-25,unverified_report,"ClearWay simulated sample data - NOT a real observation, generated by data/generate_sample_data.py"
SIM-HZD-0134,26.814000,75.758000,stray_animals,Simulated stray animals report near this grid cell. No real incident is described.,2026-06-07,simulated,"ClearWay simulated sample data - NOT a real observation, generated by data/generate_sample_data.py"
SIM-HZD-0135,26.814000,75.774000,unsafe_crossing,Simulated unsafe crossing report near this grid cell. No real incident is described.,2026-01-13,unverified_report,"ClearWay simulated sample data - NOT a real observation, generated by data/generate_sample_data.py"
SIM-HZD-0136,26.814000,75.790000,poor_lighting,Simulated poor lighting report near this grid cell. No real incident is described.,2026-02-28,unverified_report,"ClearWay simulated sample data - NOT a real observation, generated by data/generate_sample_data.py"
SIM-HZD-0137,26.814000,75.862000,uneven_footpath,Simulated uneven footpath report near this grid cell. No real incident is described.,2026-01-20,unverified_report,"ClearWay simulated sample data - NOT a real observation, generated by data/generate_sample_data.py"
SIM-HZD-0138,26.814000,75.894000,stray_animals,Simulated stray animals report near this grid cell. No real incident is described.,2026-09-11,simulated,"ClearWay simulated sample data - NOT a real observation, generated by data/generate_sample_data.py"
SIM-HZD-0139,26.814000,75.902000,poor_lighting,Simulated poor lighting report near this grid cell. No real incident is described.,2026-07-05,simulated,"ClearWay simulated sample data - NOT a real observation, generated by data/generate_sample_data.py"
SIM-HZD-0140,26.822000,75.574000,no_footpath,Simulated no footpath report near this grid cell. No real incident is described.,2025-11-07,unverified_report,"ClearWay simulated sample data - NOT a real observation, generated by data/generate_sample_data.py"
SIM-HZD-0141,26.822000,75.598000,no_footpath,Simulated no footpath report near this grid cell. No real incident is described.,2025-12-08,unverified_report,"ClearWay simulated sample data - NOT a real observation, generated by data/generate_sample_data.py"
SIM-HZD-0142,26.822000,75.606000,uneven_footpath,Simulated uneven footpath report near this grid cell. No real incident is described.,2025-09-20,unverified_report,"ClearWay simulated sample data - NOT a real observation, generated by data/generate_sample_data.py"
SIM-HZD-0143,26.822000,75.646000,uneven_footpath,Simulated uneven footpath report near this grid cell. No real incident is described.,2026-09-25,simulated,"ClearWay simulated sample data - NOT a real observation, generated by data/generate_sample_data.py"
SIM-HZD-0144,26.822000,75.654000,stray_animals,Simulated stray animals report near this grid cell. No real incident is described.,2025-11-20,unverified_report,"ClearWay simulated sample data - NOT a real observation, generated by data/generate_sample_data.py"
SIM-HZD-0145,26.822000,75.686000,isolated_stretch,Simulated isolated stretch report near this grid cell. No real incident is described.,2026-06-27,simulated,"ClearWay simulated sample data - NOT a real observation, generated by data/generate_sample_data.py"
SIM-HZD-0146,26.822000,75.710000,poor_lighting,Simulated poor lighting report near this grid cell. No real incident is described.,2025-09-19,unverified_report,"ClearWay simulated sample data - NOT a real observation, generated by data/generate_sample_data.py"
SIM-HZD-0147,26.822000,75.734000,stray_animals,Simulated stray animals report near this grid cell. No real incident is described.,2025-12-15,simulated,"ClearWay simulated sample data - NOT a real observation, generated by data/generate_sample_data.py"
SIM-HZD-0148,26.822000,75.774000,unsafe_crossing,Simulated unsafe crossing report near this grid cell. No real incident is described.,2025-11-11,simulated,"ClearWay simulated sample data - NOT a real observation, generated by data/generate_sample_data.py"
SIM-HZD-0149,26.822000,75.790000,poor_lighting,Simulated poor lighting report near this grid cell. No real incident is described.,2026-09-25,unverified_report,"ClearWay simulated sample data - NOT a real observation, generated by data/generate_sample_data.py"
SIM-HZD-0150,26.822000,75.822000,uneven_footpath,Simulated uneven footpath report near this grid cell. No real incident is described.,2026-09-12,simulated,"ClearWay simulated sample data - NOT a real observation, generated by data/generate_sample_data.py"
SIM-HZD-0151,26.822000,75.862000,stray_animals,Simulated stray animals report near this grid cell. No real incident is described.,2026-06-27,simulated,"ClearWay simulated sample data - NOT a real observation, generated by data/generate_sample_data.py"
SIM-HZD-0152,26.822000,75.870000,poor_lighting,Simulated poor lighting report near this grid cell. No real incident is described.,2026-08-01,simulated,"ClearWay simulated sample data - NOT a real observation, generated by data/generate_sample_data.py"
SIM-HZD-0153,26.822000,75.886000,no_footpath,Simulated no footpath report near this grid cell. No real incident is described.,2025-09-15,simulated,"ClearWay simulated sample data - NOT a real observation, generated by data/generate_sample_data.py"
SIM-HZD-0154,26.822000,75.902000,stray_animals,Simulated stray animals report near this grid cell. No real incident is described.,2026-01-17,unverified_report,"ClearWay simulated sample data - NOT a real observation, generated by data/generate_sample_data.py"
SIM-HZD-0155,26.830000,75.574000,isolated_stretch,Simulated isolated stretch report near this grid cell. No real incident is described.,2026-05-12,unverified_report,"ClearWay simulated sample data - NOT a real observation, generated by data/generate_sample_data.py"
SIM-HZD-0156,26.830000,75.598000,no_footpath,Simulated no footpath report near this grid cell. No real incident is described.,2026-04-27,simulated,"ClearWay simulated sample data - NOT a real observation, generated by data/generate_sample_data.py"
SIM-HZD-0157,26.830000,75.614000,stray_animals,Simulated stray animals report near this grid cell. No real incident is described.,2025-09-26,unverified_report,"ClearWay simulated sample data - NOT a real observation, generated by data/generate_sample_data.py"
SIM-HZD-0158,26.830000,75.622000,poor_lighting,Simulated poor lighting report near this grid cell. No real incident is described.,2025-12-19,unverified_report,"ClearWay simulated sample data - NOT a real observation, generated by data/generate_sample_data.py"
SIM-HZD-0159,26.830000,75.662000,poor_lighting,Simulated poor lighting report near this grid cell. No real incident is described.,2026-09-10,unverified_report,"ClearWay simulated sample data - NOT a real observation, generated by data/generate_sample_data.py"
SIM-HZD-0160,26.830000,75.710000,stray_animals,Simulated stray animals report near this grid cell. No real incident is described.,2026-02-20,unverified_report,"ClearWay simulated sample data - NOT a real observation, generated by data/generate_sample_data.py"
SIM-HZD-0161,26.830000,75.734000,isolated_stretch,Simulated isolated stretch report near this grid cell. No real incident is described.,2025-12-18,unverified_report,"ClearWay simulated sample data - NOT a real observation, generated by data/generate_sample_data.py"
SIM-HZD-0162,26.830000,75.750000,poor_lighting,Simulated poor lighting report near this grid cell. No real incident is described.,2025-11-06,unverified_report,"ClearWay simulated sample data - NOT a real observation, generated by data/generate_sample_data.py"
SIM-HZD-0163,26.830000,75.774000,unsafe_crossing,Simulated unsafe crossing report near this grid cell. No real incident is described.,2025-11-11,simulated,"ClearWay simulated sample data - NOT a real observation, generated by data/generate_sample_data.py"
SIM-HZD-0164,26.830000,75.790000,stray_animals,Simulated stray animals report near this grid cell. No real incident is described.,2026-04-25,unverified_report,"ClearWay simulated sample data - NOT a real observation, generated by data/generate_sample_data.py"
SIM-HZD-0165,26.830000,75.814000,stray_animals,Simulated stray animals report near this grid cell. No real incident is described.,2026-06-16,simulated,"ClearWay simulated sample data - NOT a real observation, generated by data/generate_sample_data.py"
SIM-HZD-0166,26.830000,75.830000,uneven_footpath,Simulated uneven footpath report near this grid cell. No real incident is described.,2025-10-13,unverified_report,"ClearWay simulated sample data - NOT a real observation, generated by data/generate_sample_data.py"
SIM-HZD-0167,26.830000,75.886000,stray_animals,Simulated stray animals report near this grid cell. No real incident is described.,2025-12-09,unverified_report,"ClearWay simulated sample data - NOT a real observation, generated by data/generate_sample_data.py"
SIM-HZD-0168,26.830000,75.894000,no_footpath,Simulated no footpath report near this grid cell. No real incident is described.,2026-03-29,simulated,"ClearWay simulated sample data - NOT a real observation, generated by data/generate_sample_data.py"
SIM-HZD-0169,26.838000,75.558000,poor_lighting,Simulated poor lighting report near this grid cell. No real incident is described.,2026-04-28,simulated,"ClearWay simulated sample data - NOT a real observation, generated by data/generate_sample_data.py"
SIM-HZD-0170,26.838000,75.566000,stray_animals,Simulated stray animals report near this grid cell. No real incident is described.,2026-05-06,unverified_report,"ClearWay simulated sample data - NOT a real observation, generated by data/generate_sample_data.py"
SIM-HZD-0171,26.838000,75.574000,poor_lighting,Simulated poor lighting report near this grid cell. No real incident is described.,2026-04-20,unverified_report,"ClearWay simulated sample data - NOT a real observation, generated by data/generate_sample_data.py"
SIM-HZD-0172,26.838000,75.622000,isolated_stretch,Simulated isolated stretch report near this grid cell. No real incident is described.,2026-01-16,unverified_report,"ClearWay simulated sample data - NOT a real observation, generated by data/generate_sample_data.py"
SIM-HZD-0173,26.838000,75.662000,no_footpath,Simulated no footpath report near this grid cell. No real incident is described.,2026-03-05,simulated,"ClearWay simulated sample data - NOT a real observation, generated by data/generate_sample_data.py"
SIM-HZD-0174,26.838000,75.710000,no_footpath,Simulated no footpath report near this grid cell. No real incident is described.,2026-06-06,unverified_report,"ClearWay simulated sample data - NOT a real observation, generated by data/generate_sample_data.py"
SIM-HZD-0175,26.838000,75.718000,poor_lighting,Simulated poor lighting report near this grid cell. No real incident is described.,2026-04-15,unverified_report,"ClearWay simulated sample data - NOT a real observation, generated by data/generate_sample_data.py"
SIM-HZD-0176,26.838000,75.750000,isolated_stretch,Simulated isolated stretch report near this grid cell. No real incident is described.,2026-08-12,simulated,"ClearWay simulated sample data - NOT a real observation, generated by data/generate_sample_data.py"
SIM-HZD-0177,26.838000,75.758000,unsafe_crossing,Simulated unsafe crossing report near this grid cell. No real incident is described.,2026-03-05,simulated,"ClearWay simulated sample data - NOT a real observation, generated by data/generate_sample_data.py"
SIM-HZD-0178,26.838000,75.766000,uneven_footpath,Simulated uneven footpath report near this grid cell. No real incident is described.,2026-01-09,simulated,"ClearWay simulated sample data - NOT a real observation, generated by data/generate_sample_data.py"
SIM-HZD-0179,26.838000,75.806000,stray_animals,Simulated stray animals report near this grid cell. No real incident is described.,2025-11-29,unverified_report,"ClearWay simulated sample data - NOT a real observation, generated by data/generate_sample_data.py"
SIM-HZD-0180,26.838000,75.830000,no_footpath,Simulated no footpath report near this grid cell. No real incident is described.,2026-08-14,simulated,"ClearWay simulated sample data - NOT a real observation, generated by data/generate_sample_data.py"
SIM-HZD-0181,26.838000,75.870000,isolated_stretch,Simulated isolated stretch report near this grid cell. No real incident is described.,2026-10-01,unverified_report,"ClearWay simulated sample data - NOT a real observation, generated by data/generate_sample_data.py"
SIM-HZD-0182,26.838000,75.902000,unsafe_crossing,Simulated unsafe crossing report near this grid cell. No real incident is described.,2026-05-13,simulated,"ClearWay simulated sample data - NOT a real observation, generated by data/generate_sample_data.py"
SIM-HZD-0183,26.846000,75.566000,no_footpath,Simulated no footpath report near this grid cell. No real incident is described.,2025-12-15,unverified_report,"ClearWay simulated sample data - NOT a real observation, generated by data/generate_sample_data.py"
SIM-HZD-0184,26.846000,75.614000,isolated_stretch,Simulated isolated stretch report near this grid cell. No real incident is described.,2025-12-22,simulated,"ClearWay simulated sample data - NOT a real observation, generated by data/generate_sample_data.py"
SIM-HZD-0185,26.846000,75.630000,uneven_footpath,Simulated uneven footpath report near this grid cell. No real incident is described.,2026-06-20,simulated,"ClearWay simulated sample data - NOT a real observation, generated by data/generate_sample_data.py"
SIM-HZD-0186,26.846000,75.654000,isolated_stretch,Simulated isolated stretch report near this grid cell. No real incident is described.,2025-09-23,simulated,"ClearWay simulated sample data - NOT a real observation, generated by data/generate_sample_data.py"
SIM-HZD-0187,26.846000,75.718000,stray_animals,Simulated stray animals report near this grid cell. No real incident is described.,2026-10-09,unverified_report,"ClearWay simulated sample data - NOT a real observation, generated by data/generate_sample_data.py"
SIM-HZD-0188,26.846000,75.734000,uneven_footpath,Simulated uneven footpath report near this grid cell. No real incident is described.,2025-10-18,unverified_report,"ClearWay simulated sample data - NOT a real observation, generated by data/generate_sample_data.py"
SIM-HZD-0189,26.846000,75.766000,uneven_footpath,Simulated uneven footpath report near this grid cell. No real incident is described.,2026-07-18,simulated,"ClearWay simulated sample data - NOT a real observation, generated by data/generate_sample_data.py"
SIM-HZD-0190,26.846000,75.774000,poor_lighting,Simulated poor lighting report near this grid cell. No real incident is described.,2026-03-15,simulated,"ClearWay simulated sample data - NOT a real observation, generated by data/generate_sample_data.py"
SIM-HZD-0191,26.846000,75.814000,uneven_footpath,Simulated uneven footpath report near this grid cell. No real incident is described.,2026-03-09,simulated,"ClearWay simulated sample data - NOT a real observation, generated by data/generate_sample_data.py"
SIM-HZD-0192,26.846000,75.830000,poor_lighting,Simulated poor lighting report near this grid cell. No real incident is described.,2026-01-27,simulated,"ClearWay simulated sample data - NOT a real observation, generated by data/generate_sample_data.py"
SIM-HZD-0193,26.846000,75.854000,poor_lighting,Simulated poor lighting report near this grid cell. No real incident is described.,2026-09-08,unverified_report,"ClearWay simulated sample data - NOT a real observation, generated by data/generate_sample_data.py"
SIM-HZD-0194,26.846000,75.862000,uneven_footpath,Simulated uneven footpath report near this grid cell. No real incident is described.,2026-07-15,simulated,"ClearWay simulated sample data - NOT a real observation, generated by data/generate_sample_data.py"
SIM-HZD-0195,26.846000,75.870000,stray_animals,Simulated stray animals report near this grid cell. No real incident is described.,2026-03-21,unverified_report,"ClearWay simulated sample data - NOT a real observation, generated by data/generate_sample_data.py"
SIM-HZD-0196,26.846000,75.878000,stray_animals,Simulated stray animals report near this grid cell. No real incident is described.,2026-09-30,unverified_report,"ClearWay simulated sample data - NOT a real observation, generated by data/generate_sample_data.py"
SIM-HZD-0197,26.846000,75.886000,isolated_stretch,Simulated isolated stretch report near this grid cell. No real incident is described.,2026-04-18,simulated,"ClearWay simulated sample data - NOT a real observation, generated by data/generate_sample_data.py"
SIM-HZD-0198,26.846000,75.894000,stray_animals,Simulated stray animals report near this grid cell. No real incident is described.,2026-04-03,unverified_report,"ClearWay simulated sample data - NOT a real observation, generated by data/generate_sample_data.py"
SIM-HZD-0199,26.854000,75.550000,uneven_footpath,Simulated uneven footpath report near this grid cell. No real incident is described.,2026-05-15,unverified_report,"ClearWay simulated sample data - NOT a real observation, generated by data/generate_sample_data.py"
SIM-HZD-0200,26.854000,75.558000,isolated_stretch,Simulated isolated stretch report near this grid cell. No real incident is described.,2026-03-18,unverified_report,"ClearWay simulated sample data - NOT a real observation, generated by data/generate_sample_data.py"
SIM-HZD-0201,26.854000,75.574000,isolated_stretch,Simulated isolated stretch report near this grid cell. No real incident is described.,2025-10-26,simulated,"ClearWay simulated sample data - NOT a real observation, generated by data/generate_sample_data.py"
SIM-HZD-0202,26.854000,75.582000,isolated_stretch,Simulated isolated stretch report near this grid cell. No real incident is described.,2026-08-30,simulated,"ClearWay simulated sample data - NOT a real observation, generated by data/generate_sample_data.py"
SIM-HZD-0203,26.854000,75.606000,stray_animals,Simulated stray animals report near this grid cell. No real incident is described.,2026-04-01,unverified_report,"ClearWay simulated sample data - NOT a real observation, generated by data/generate_sample_data.py"
SIM-HZD-0204,26.854000,75.622000,isolated_stretch,Simulated isolated stretch report near this grid cell. No real incident is described.,2025-11-17,simulated,"ClearWay simulated sample data - NOT a real observation, generated by data/generate_sample_data.py"
SIM-HZD-0205,26.854000,75.630000,no_footpath,Simulated no footpath report near this grid cell. No real incident is described.,2026-03-03,simulated,"ClearWay simulated sample data - NOT a real observation, generated by data/generate_sample_data.py"
SIM-HZD-0206,26.854000,75.678000,unsafe_crossing,Simulated unsafe crossing report near this grid cell. No real incident is described.,2026-05-30,unverified_report,"ClearWay simulated sample data - NOT a real observation, generated by data/generate_sample_data.py"
SIM-HZD-0207,26.854000,75.742000,unsafe_crossing,Simulated unsafe crossing report near this grid cell. No real incident is described.,2026-10-06,simulated,"ClearWay simulated sample data - NOT a real observation, generated by data/generate_sample_data.py"
SIM-HZD-0208,26.854000,75.758000,poor_lighting,Simulated poor lighting report near this grid cell. No real incident is described.,2025-11-18,unverified_report,"ClearWay simulated sample data - NOT a real observation, generated by data/generate_sample_data.py"
SIM-HZD-0209,26.854000,75.774000,stray_animals,Simulated stray animals report near this grid cell. No real incident is described.,2025-10-25,simulated,"ClearWay simulated sample data - NOT a real observation, generated by data/generate_sample_data.py"
SIM-HZD-0210,26.854000,75.822000,no_footpath,Simulated no footpath report near this grid cell. No real incident is described.,2026-04-30,unverified_report,"ClearWay simulated sample data - NOT a real observation, generated by data/generate_sample_data.py"
SIM-HZD-0211,26.854000,75.830000,isolated_stretch,Simulated isolated stretch report near this grid cell. No real incident is described.,2026-09-22,simulated,"ClearWay simulated sample data - NOT a real observation, generated by data/generate_sample_data.py"
SIM-HZD-0212,26.854000,75.862000,unsafe_crossing,Simulated unsafe crossing report near this grid cell. No real incident is described.,2026-04-11,simulated,"ClearWay simulated sample data - NOT a real observation, generated by data/generate_sample_data.py"
SIM-HZD-0213,26.854000,75.870000,no_footpath,Simulated no footpath report near this grid cell. No real incident is described.,2026-05-09,simulated,"ClearWay simulated sample data - NOT a real observation, generated by data/generate_sample_data.py"
SIM-HZD-0214,26.862000,75.550000,stray_animals,Simulated stray animals report near this grid cell. No real incident is described.,2026-07-03,unverified_report,"ClearWay simulated sample data - NOT a real observation, generated by data/generate_sample_data.py"
SIM-HZD-0215,26.862000,75.574000,isolated_stretch,Simulated isolated stretch report near this grid cell. No real incident is described.,2026-09-04,unverified_report,"ClearWay simulated sample data - NOT a real observation, generated by data/generate_sample_data.py"
SIM-HZD-0216,26.862000,75.590000,uneven_footpath,Simulated uneven footpath report near this grid cell. No real incident is described.,2025-10-07,simulated,"ClearWay simulated sample data - NOT a real observation, generated by data/generate_sample_data.py"
SIM-HZD-0217,26.862000,75.606000,unsafe_crossing,Simulated unsafe crossing report near this grid cell. No real incident is described.,2026-06-10,unverified_report,"ClearWay simulated sample data - NOT a real observation, generated by data/generate_sample_data.py"
SIM-HZD-0218,26.862000,75.646000,no_footpath,Simulated no footpath report near this grid cell. No real incident is described.,2025-10-11,unverified_report,"ClearWay simulated sample data - NOT a real observation, generated by data/generate_sample_data.py"
SIM-HZD-0219,26.862000,75.710000,unsafe_crossing,Simulated unsafe crossing report near this grid cell. No real incident is described.,2026-07-21,unverified_report,"ClearWay simulated sample data - NOT a real observation, generated by data/generate_sample_data.py"
SIM-HZD-0220,26.862000,75.718000,isolated_stretch,Simulated isolated stretch report near this grid cell. No real incident is described.,2026-07-20,unverified_report,"ClearWay simulated sample data - NOT a real observation, generated by data/generate_sample_data.py"
SIM-HZD-0221,26.862000,75.742000,uneven_footpath,Simulated uneven footpath report near this grid cell. No real incident is described.,2026-01-26,simulated,"ClearWay simulated sample data - NOT a real observation, generated by data/generate_sample_data.py"
SIM-HZD-0222,26.862000,75.774000,poor_lighting,Simulated poor lighting report near this grid cell. No real incident is described.,2026-06-28,simulated,"ClearWay simulated sample data - NOT a real observation, generated by data/generate_sample_data.py"
SIM-HZD-0223,26.862000,75.782000,poor_lighting,Simulated poor lighting report near this grid cell. No real incident is described.,2025-10-24,unverified_report,"ClearWay simulated sample data - NOT a real observation, generated by data/generate_sample_data.py"
SIM-HZD-0224,26.862000,75.814000,uneven_footpath,Simulated uneven footpath report near this grid cell. No real incident is described.,2025-10-09,unverified_report,"ClearWay simulated sample data - NOT a real observation, generated by data/generate_sample_data.py"
SIM-HZD-0225,26.862000,75.862000,isolated_stretch,Simulated isolated stretch report near this grid cell. No real incident is described.,2026-09-09,unverified_report,"ClearWay simulated sample data - NOT a real observation, generated by data/generate_sample_data.py"
SIM-HZD-0226,26.862000,75.870000,poor_lighting,Simulated poor lighting report near this grid cell. No real incident is described.,2026-09-01,simulated,"ClearWay simulated sample data - NOT a real observation, generated by data/generate_sample_data.py"
SIM-HZD-0227,26.862000,75.894000,isolated_stretch,Simulated isolated stretch report near this grid cell. No real incident is described.,2026-07-05,simulated,"ClearWay simulated sample data - NOT a real observation, generated by data/generate_sample_data.py"
SIM-HZD-0228,26.870000,75.558000,isolated_stretch,Simulated isolated stretch report near this grid cell. No real incident is described.,2026-05-15,simulated,"ClearWay simulated sample data - NOT a real observation, generated by data/generate_sample_data.py"
SIM-HZD-0229,26.870000,75.566000,uneven_footpath,Simulated uneven footpath report near this grid cell. No real incident is described.,2025-12-15,simulated,"ClearWay simulated sample data - NOT a real observation, generated by data/generate_sample_data.py"
SIM-HZD-0230,26.870000,75.574000,no_footpath,Simulated no footpath report near this grid cell. No real incident is described.,2026-09-08,unverified_report,"ClearWay simulated sample data - NOT a real observation, generated by data/generate_sample_data.py"
SIM-HZD-0231,26.870000,75.598000,uneven_footpath,Simulated uneven footpath report near this grid cell. No real incident is described.,2026-04-17,unverified_report,"ClearWay simulated sample data - NOT a real observation, generated by data/generate_sample_data.py"
SIM-HZD-0232,26.870000,75.662000,uneven_footpath,Simulated uneven footpath report near this grid cell. No real incident is described.,2025-12-07,simulated,"ClearWay simulated sample data - NOT a real observation, generated by data/generate_sample_data.py"
SIM-HZD-0233,26.870000,75.670000,no_footpath,Simulated no footpath report near this grid cell. No real incident is described.,2025-09-29,unverified_report,"ClearWay simulated sample data - NOT a real observation, generated by data/generate_sample_data.py"
SIM-HZD-0234,26.870000,75.686000,no_footpath,Simulated no footpath report near this grid cell. No real incident is described.,2026-05-13,unverified_report,"ClearWay simulated sample data - NOT a real observation, generated by data/generate_sample_data.py"
SIM-HZD-0235,26.870000,75.702000,uneven_footpath,Simulated uneven footpath report near this grid cell. No real incident is described.,2026-05-17,unverified_report,"ClearWay simulated sample data - NOT a real observation, generated by data/generate_sample_data.py"
SIM-HZD-0236,26.870000,75.710000,poor_lighting,Simulated poor lighting report near this grid cell. No real incident is described.,2026-07-05,unverified_report,"ClearWay simulated sample data - NOT a real observation, generated by data/generate_sample_data.py"
SIM-HZD-0237,26.870000,75.758000,poor_lighting,Simulated poor lighting report near this grid cell. No real incident is described.,2026-01-22,simulated,"ClearWay simulated sample data - NOT a real observation, generated by data/generate_sample_data.py"
SIM-HZD-0238,26.870000,75.798000,isolated_stretch,Simulated isolated stretch report near this grid cell. No real incident is described.,2026-01-21,unverified_report,"ClearWay simulated sample data - NOT a real observation, generated by data/generate_sample_data.py"
SIM-HZD-0239,26.870000,75.806000,no_footpath,Simulated no footpath report near this grid cell. No real incident is described.,2026-03-03,simulated,"ClearWay simulated sample data - NOT a real observation, generated by data/generate_sample_data.py"
SIM-HZD-0240,26.870000,75.814000,no_footpath,Simulated no footpath report near this grid cell. No real incident is described.,2025-11-29,simulated,"ClearWay simulated sample data - NOT a real observation, generated by data/generate_sample_data.py"
SIM-HZD-0241,26.870000,75.854000,poor_lighting,Simulated poor lighting report near this grid cell. No real incident is described.,2026-02-24,simulated,"ClearWay simulated sample data - NOT a real observation, generated by data/generate_sample_data.py"
SIM-HZD-0242,26.870000,75.870000,uneven_footpath,Simulated uneven footpath report near this grid cell. No real incident is described.,2026-02-13,unverified_report,"ClearWay simulated sample data - NOT a real observation, generated by data/generate_sample_data.py"
SIM-HZD-0243,26.870000,75.886000,unsafe_crossing,Simulated unsafe crossing report near this grid cell. No real incident is described.,2025-11-26,simulated,"ClearWay simulated sample data - NOT a real observation, generated by data/generate_sample_data.py"
SIM-HZD-0244,26.878000,75.566000,unsafe_crossing,Simulated unsafe crossing report near this grid cell. No real incident is described.,2025-09-21,simulated,"ClearWay simulated sample data - NOT a real observation, generated by data/generate_sample_data.py"
SIM-HZD-0245,26.878000,75.598000,unsafe_crossing,Simulated unsafe crossing report near this grid cell. No real incident is described.,2025-11-08,simulated,"ClearWay simulated sample data - NOT a real observation, generated by data/generate_sample_data.py"
SIM-HZD-0246,26.878000,75.630000,unsafe_crossing,Simulated unsafe crossing report near this grid cell. No real incident is described.,2026-09-10,simulated,"ClearWay simulated sample data - NOT a real observation, generated by data/generate_sample_data.py"
SIM-HZD-0247,26.878000,75.654000,stray_animals,Simulated stray animals report near this grid cell. No real incident is described.,2026-07-20,unverified_report,"ClearWay simulated sample data - NOT a real observation, generated by data/generate_sample_data.py"
SIM-HZD-0248,26.878000,75.678000,uneven_footpath,Simulated uneven footpath report near this grid cell. No real incident is described.,2026-05-04,unverified_report,"ClearWay simulated sample data - NOT a real observation, generated by data/generate_sample_data.py"
SIM-HZD-0249,26.878000,75.710000,isolated_stretch,Simulated isolated stretch report near this grid cell. No real incident is described.,2026-06-27,simulated,"ClearWay simulated sample data - NOT a real observation, generated by data/generate_sample_data.py"
SIM-HZD-0250,26.878000,75.726000,poor_lighting,Simulated poor lighting report near this grid cell. No real incident is described.,2025-12-16,simulated,"ClearWay simulated sample data - NOT a real observation, generated by data/generate_sample_data.py"
SIM-HZD-0251,26.878000,75.766000,isolated_stretch,Simulated isolated stretch report near this grid cell. No real incident is described.,2026-10-03,simulated,"ClearWay simulated sample data - NOT a real observation, generated by data/generate_sample_data.py"
SIM-HZD-0252,26.878000,75.782000,uneven_footpath,Simulated uneven footpath report near this grid cell. No real incident is described.,2026-07-01,unverified_report,"ClearWay simulated sample data - NOT a real observation, generated by data/generate_sample_data.py"
SIM-HZD-0253,26.878000,75.790000,no_footpath,Simulated no footpath report near this grid cell. No real incident is described.,2026-04-19,unverified_report,"ClearWay simulated sample data - NOT a real observation, generated by data/generate_sample_data.py"
SIM-HZD-0254,26.878000,75.830000,uneven_footpath,Simulated uneven footpath report near this grid cell. No real incident is described.,2026-03-18,simulated,"ClearWay simulated sample data - NOT a real observation, generated by data/generate_sample_data.py"
SIM-HZD-0255,26.878000,75.878000,isolated_stretch,Simulated isolated stretch report near this grid cell. No real incident is described.,2026-04-24,simulated,"ClearWay simulated sample data - NOT a real observation, generated by data/generate_sample_data.py"
SIM-HZD-0256,26.878000,75.894000,uneven_footpath,Simulated uneven footpath report near this grid cell. No real incident is described.,2026-09-03,unverified_report,"ClearWay simulated sample data - NOT a real observation, generated by data/generate_sample_data.py"
SIM-HZD-0257,26.878000,75.902000,stray_animals,Simulated stray animals report near this grid cell. No real incident is described.,2026-06-07,simulated,"ClearWay simulated sample data - NOT a real observation, generated by data/generate_sample_data.py"
SIM-HZD-0258,26.886000,75.614000,poor_lighting,Simulated poor lighting report near this grid cell. No real incident is described.,2026-03-20,simulated,"ClearWay simulated sample data - NOT a real observation, generated by data/generate_sample_data.py"
SIM-HZD-0259,26.886000,75.622000,poor_lighting,Simulated poor lighting report near this grid cell. No real incident is described.,2026-05-13,simulated,"ClearWay simulated sample data - NOT a real observation, generated by data/generate_sample_data.py"
SIM-HZD-0260,26.886000,75.646000,unsafe_crossing,Simulated unsafe crossing report near this grid cell. No real incident is described.,2026-09-08,unverified_report,"ClearWay simulated sample data - NOT a real observation, generated by data/generate_sample_data.py"
SIM-HZD-0261,26.886000,75.670000,unsafe_crossing,Simulated unsafe crossing report near this grid cell. No real incident is described.,2026-07-11,unverified_report,"ClearWay simulated sample data - NOT a real observation, generated by data/generate_sample_data.py"
SIM-HZD-0262,26.886000,75.678000,unsafe_crossing,Simulated unsafe crossing report near this grid cell. No real incident is described.,2025-11-23,unverified_report,"ClearWay simulated sample data - NOT a real observation, generated by data/generate_sample_data.py"
SIM-HZD-0263,26.886000,75.718000,no_footpath,Simulated no footpath report near this grid cell. No real incident is described.,2026-08-31,unverified_report,"ClearWay simulated sample data - NOT a real observation, generated by data/generate_sample_data.py"
SIM-HZD-0264,26.886000,75.726000,no_footpath,Simulated no footpath report near this grid cell. No real incident is described.,2026-04-05,simulated,"ClearWay simulated sample data - NOT a real observation, generated by data/generate_sample_data.py"
SIM-HZD-0265,26.886000,75.734000,isolated_stretch,Simulated isolated stretch report near this grid cell. No real incident is described.,2026-08-23,simulated,"ClearWay simulated sample data - NOT a real observation, generated by data/generate_sample_data.py"
SIM-HZD-0266,26.886000,75.750000,isolated_stretch,Simulated isolated stretch report near this grid cell. No real incident is described.,2025-11-10,simulated,"ClearWay simulated sample data - NOT a real observation, generated by data/generate_sample_data.py"
SIM-HZD-0267,26.886000,75.758000,poor_lighting,Simulated poor lighting report near this grid cell. No real incident is described.,2026-03-10,unverified_report,"ClearWay simulated sample data - NOT a real observation, generated by data/generate_sample_data.py"
SIM-HZD-0268,26.886000,75.766000,no_footpath,Simulated no footpath report near this grid cell. No real incident is described.,2026-02-20,simulated,"ClearWay simulated sample data - NOT a real observation, generated by data/generate_sample_data.py"
SIM-HZD-0269,26.886000,75.774000,poor_lighting,Simulated poor lighting report near this grid cell. No real incident is described.,2026-01-02,unverified_report,"ClearWay simulated sample data - NOT a real observation, generated by data/generate_sample_data.py"
SIM-HZD-0270,26.886000,75.782000,poor_lighting,Simulated poor lighting report near this grid cell. No real incident is described.,2026-06-20,unverified_report,"ClearWay simulated sample data - NOT a real observation, generated by data/generate_sample_data.py"
SIM-HZD-0271,26.886000,75.798000,poor_lighting,Simulated poor lighting report near this grid cell. No real incident is described.,2026-06-06,unverified_report,"ClearWay simulated sample data - NOT a real observation, generated by data/generate_sample_data.py"
SIM-HZD-0272,26.886000,75.814000,stray_animals,Simulated stray animals report near this grid cell. No real incident is described.,2026-06-18,simulated,"ClearWay simulated sample data - NOT a real observation, generated by data/generate_sample_data.py"
SIM-HZD-0273,26.886000,75.846000,stray_animals,Simulated stray animals report near this grid cell. No real incident is described.,2026-01-22,simulated,"ClearWay simulated sample data - NOT a real observation, generated by data/generate_sample_data.py"
SIM-HZD-0274,26.886000,75.878000,isolated_stretch,Simulated isolated stretch report near this grid cell. No real incident is described.,2026-09-17,simulated,"ClearWay simulated sample data - NOT a real observation, generated by data/generate_sample_data.py"
SIM-HZD-0275,26.894000,75.550000,no_footpath,Simulated no footpath report near this grid cell. No real incident is described.,2026-03-26,unverified_report,"ClearWay simulated sample data - NOT a real observation, generated by data/generate_sample_data.py"
SIM-HZD-0276,26.894000,75.558000,poor_lighting,Simulated poor lighting report near this grid cell. No real incident is described.,2026-07-20,simulated,"ClearWay simulated sample data - NOT a real observation, generated by data/generate_sample_data.py"
SIM-HZD-0277,26.894000,75.590000,stray_animals,Simulated stray animals report near this grid cell. No real incident is described.,2026-07-30,simulated,"ClearWay simulated sample data - NOT a real observation, generated by data/generate_sample_data.py"
SIM-HZD-0278,26.894000,75.598000,uneven_footpath,Simulated uneven footpath report near this grid cell. No real incident is described.,2026-06-15,simulated,"ClearWay simulated sample data - NOT a real observation, generated by data/generate_sample_data.py"
SIM-HZD-0279,26.894000,75.606000,isolated_stretch,Simulated isolated stretch report near this grid cell. No real incident is described.,2025-12-06,unverified_report,"ClearWay simulated sample data - NOT a real observation, generated by data/generate_sample_data.py"
SIM-HZD-0280,26.894000,75.630000,uneven_footpath,Simulated uneven footpath report near this grid cell. No real incident is described.,2026-07-07,simulated,"ClearWay simulated sample data - NOT a real observation, generated by data/generate_sample_data.py"
SIM-HZD-0281,26.894000,75.638000,unsafe_crossing,Simulated unsafe crossing report near this grid cell. No real incident is described.,2026-04-24,simulated,"ClearWay simulated sample data - NOT a real observation, generated by data/generate_sample_data.py"
SIM-HZD-0282,26.894000,75.646000,poor_lighting,Simulated poor lighting report near this grid cell. No real incident is described.,2026-09-06,simulated,"ClearWay simulated sample data - NOT a real observation, generated by data/generate_sample_data.py"
SIM-HZD-0283,26.894000,75.654000,no_footpath,Simulated no footpath report near this grid cell. No real incident is described.,2026-02-03,unverified_report,"ClearWay simulated sample data - NOT a real observation, generated by data/generate_sample_data.py"
SIM-HZD-0284,26.894000,75.670000,poor_lighting,Simulated poor lighting report near this grid cell. No real incident is described.,2026-01-21,simulated,"ClearWay simulated sample data - NOT a real observation, generated by data/generate_sample_data.py"
SIM-HZD-0285,26.894000,75.734000,uneven_footpath,Simulated uneven footpath report near this grid cell. No real incident is described.,2026-01-26,unverified_report,"ClearWay simulated sample data - NOT a real observation, generated by data/generate_sample_data.py"
SIM-HZD-0286,26.894000,75.758000,poor_lighting,Simulated poor lighting report near this grid cell. No real incident is described.,2025-12-22,unverified_report,"ClearWay simulated sample data - NOT a real observation, generated by data/generate_sample_data.py"
SIM-HZD-0287,26.894000,75.774000,poor_lighting,Simulated poor lighting report near this grid cell. No real incident is described.,2026-03-21,unverified_report,"ClearWay simulated sample data - NOT a real observation, generated by data/generate_sample_data.py"
SIM-HZD-0288,26.894000,75.790000,no_footpath,Simulated no footpath report near this grid cell. No real incident is described.,2025-12-12,unverified_report,"ClearWay simulated sample data - NOT a real observation, generated by data/generate_sample_data.py"
SIM-HZD-0289,26.894000,75.814000,isolated_stretch,Simulated isolated stretch report near this grid cell. No real incident is described.,2025-11-10,simulated,"ClearWay simulated sample data - NOT a real observation, generated by data/generate_sample_data.py"
SIM-HZD-0290,26.894000,75.822000,no_footpath,Simulated no footpath report near this grid cell. No real incident is described.,2026-07-17,unverified_report,"ClearWay simulated sample data - NOT a real observation, generated by data/generate_sample_data.py"
SIM-HZD-0291,26.894000,75.846000,isolated_stretch,Simulated isolated stretch report near this grid cell. No real incident is described.,2026-01-11,simulated,"ClearWay simulated sample data - NOT a real observation, generated by data/generate_sample_data.py"
SIM-HZD-0292,26.894000,75.854000,uneven_footpath,Simulated uneven footpath report near this grid cell. No real incident is described.,2026-01-13,unverified_report,"ClearWay simulated sample data - NOT a real observation, generated by data/generate_sample_data.py"
SIM-HZD-0293,26.894000,75.862000,unsafe_crossing,Simulated unsafe crossing report near this grid cell. No real incident is described.,2026-09-07,simulated,"ClearWay simulated sample data - NOT a real observation, generated by data/generate_sample_data.py"
SIM-HZD-0294,26.894000,75.878000,isolated_stretch,Simulated isolated stretch report near this grid cell. No real incident is described.,2025-11-18,simulated,"ClearWay simulated sample data - NOT a real observation, generated by data/generate_sample_data.py"
SIM-HZD-0295,26.902000,75.550000,uneven_footpath,Simulated uneven footpath report near this grid cell. No real incident is described.,2026-06-08,simulated,"ClearWay simulated sample data - NOT a real observation, generated by data/generate_sample_data.py"
SIM-HZD-0296,26.902000,75.566000,uneven_footpath,Simulated uneven footpath report near this grid cell. No real incident is described.,2026-01-04,simulated,"ClearWay simulated sample data - NOT a real observation, generated by data/generate_sample_data.py"
SIM-HZD-0297,26.902000,75.582000,no_footpath,Simulated no footpath report near this grid cell. No real incident is described.,2026-01-20,simulated,"ClearWay simulated sample data - NOT a real observation, generated by data/generate_sample_data.py"
SIM-HZD-0298,26.902000,75.590000,no_footpath,Simulated no footpath report near this grid cell. No real incident is described.,2026-07-25,simulated,"ClearWay simulated sample data - NOT a real observation, generated by data/generate_sample_data.py"
SIM-HZD-0299,26.902000,75.598000,isolated_stretch,Simulated isolated stretch report near this grid cell. No real incident is described.,2026-05-19,unverified_report,"ClearWay simulated sample data - NOT a real observation, generated by data/generate_sample_data.py"
SIM-HZD-0300,26.902000,75.606000,stray_animals,Simulated stray animals report near this grid cell. No real incident is described.,2025-10-01,unverified_report,"ClearWay simulated sample data - NOT a real observation, generated by data/generate_sample_data.py"
SIM-HZD-0301,26.902000,75.630000,isolated_stretch,Simulated isolated stretch report near this grid cell. No real incident is described.,2025-12-11,simulated,"ClearWay simulated sample data - NOT a real observation, generated by data/generate_sample_data.py"
SIM-HZD-0302,26.902000,75.638000,isolated_stretch,Simulated isolated stretch report near this grid cell. No real incident is described.,2026-06-22,simulated,"ClearWay simulated sample data - NOT a real observation, generated by data/generate_sample_data.py"
SIM-HZD-0303,26.902000,75.654000,poor_lighting,Simulated poor lighting report near this grid cell. No real incident is described.,2025-12-01,simulated,"ClearWay simulated sample data - NOT a real observation, generated by data/generate_sample_data.py"
SIM-HZD-0304,26.902000,75.678000,no_footpath,Simulated no footpath report near this grid cell. No real incident is described.,2026-08-11,unverified_report,"ClearWay simulated sample data - NOT a real observation, generated by data/generate_sample_data.py"
SIM-HZD-0305,26.902000,75.726000,stray_animals,Simulated stray animals report near this grid cell. No real incident is described.,2026-05-16,simulated,"ClearWay simulated sample data - NOT a real observation, generated by data/generate_sample_data.py"
SIM-HZD-0306,26.902000,75.798000,unsafe_crossing,Simulated unsafe crossing report near this grid cell. No real incident is described.,2026-01-26,unverified_report,"ClearWay simulated sample data - NOT a real observation, generated by data/generate_sample_data.py"
SIM-HZD-0307,26.902000,75.814000,isolated_stretch,Simulated isolated stretch report near this grid cell. No real incident is described.,2026-05-19,unverified_report,"ClearWay simulated sample data - NOT a real observation, generated by data/generate_sample_data.py"
SIM-HZD-0308,26.902000,75.854000,poor_lighting,Simulated poor lighting report near this grid cell. No real incident is described.,2026-08-05,unverified_report,"ClearWay simulated sample data - NOT a real observation, generated by data/generate_sample_data.py"
SIM-HZD-0309,26.902000,75.886000,poor_lighting,Simulated poor lighting report near this grid cell. No real incident is described.,2026-08-11,simulated,"ClearWay simulated sample data - NOT a real observation, generated by data/generate_sample_data.py"
SIM-HZD-0310,26.910000,75.654000,no_footpath,Simulated no footpath report near this grid cell. No real incident is described.,2026-02-13,unverified_report,"ClearWay simulated sample data - NOT a real observation, generated by data/generate_sample_data.py"
SIM-HZD-0311,26.910000,75.662000,stray_animals,Simulated stray animals report near this grid cell. No real incident is described.,2025-09-08,unverified_report,"ClearWay simulated sample data - NOT a real observation, generated by data/generate_sample_data.py"
SIM-HZD-0312,26.910000,75.694000,isolated_stretch,Simulated isolated stretch report near this grid cell. No real incident is described.,2026-09-17,simulated,"ClearWay simulated sample data - NOT a real observation, generated by data/generate_sample_data.py"
SIM-HZD-0313,26.910000,75.718000,uneven_footpath,Simulated uneven footpath report near this grid cell. No real incident is described.,2026-02-25,unverified_report,"ClearWay simulated sample data - NOT a real observation, generated by data/generate_sample_data.py"
SIM-HZD-0314,26.910000,75.758000,no_footpath,Simulated no footpath report near this grid cell. No real incident is described.,2025-10-11,unverified_report,"ClearWay simulated sample data - NOT a real observation, generated by data/generate_sample_data.py"
SIM-HZD-0315,26.910000,75.774000,stray_animals,Simulated stray animals report near this grid cell. No real incident is described.,2026-04-06,unverified_report,"ClearWay simulated sample data - NOT a real observation, generated by data/generate_sample_data.py"
SIM-HZD-0316,26.910000,75.806000,stray_animals,Simulated stray animals report near this grid cell. No real incident is described.,2025-11-12,simulated,"ClearWay simulated sample data - NOT a real observation, generated by data/generate_sample_data.py"
SIM-HZD-0317,26.910000,75.846000,uneven_footpath,Simulated uneven footpath report near this grid cell. No real incident is described.,2025-09-22,unverified_report,"ClearWay simulated sample data - NOT a real observation, generated by data/generate_sample_data.py"
SIM-HZD-0318,26.918000,75.550000,poor_lighting,Simulated poor lighting report near this grid cell. No real incident is described.,2026-03-03,simulated,"ClearWay simulated sample data - NOT a real observation, generated by data/generate_sample_data.py"
SIM-HZD-0319,26.918000,75.566000,isolated_stretch,Simulated isolated stretch report near this grid cell. No real incident is described.,2025-10-21,simulated,"ClearWay simulated sample data - NOT a real observation, generated by data/generate_sample_data.py"
SIM-HZD-0320,26.918000,75.598000,isolated_stretch,Simulated isolated stretch report near this grid cell. No real incident is described.,2026-09-08,unverified_report,"ClearWay simulated sample data - NOT a real observation, generated by data/generate_sample_data.py"
SIM-HZD-0321,26.918000,75.606000,poor_lighting,Simulated poor lighting report near this grid cell. No real incident is described.,2026-07-24,unverified_report,"ClearWay simulated sample data - NOT a real observation, generated by data/generate_sample_data.py"
SIM-HZD-0322,26.918000,75.614000,no_footpath,Simulated no footpath report near this grid cell. No real incident is described.,2025-10-02,unverified_report,"ClearWay simulated sample data - NOT a real observation, generated by data/generate_sample_data.py"
SIM-HZD-0323,26.918000,75.630000,unsafe_crossing,Simulated unsafe crossing report near this grid cell. No real incident is described.,2025-10-15,unverified_report,"ClearWay simulated sample data - NOT a real observation, generated by data/generate_sample_data.py"
SIM-HZD-0324,26.918000,75.638000,unsafe_crossing,Simulated unsafe crossing report near this grid cell. No real incident is described.,2026-03-13,unverified_report,"ClearWay simulated sample data - NOT a real observation, generated by data/generate_sample_data.py"
SIM-HZD-0325,26.918000,75.678000,uneven_footpath,Simulated uneven footpath report near this grid cell. No real incident is described.,2026-07-26,simulated,"ClearWay simulated sample data - NOT a real observation, generated by data/generate_sample_data.py"
SIM-HZD-0326,26.918000,75.742000,stray_animals,Simulated stray animals report near this grid cell. No real incident is described.,2026-02-25,unverified_report,"ClearWay simulated sample data - NOT a real observation, generated by data/generate_sample_data.py"
SIM-HZD-0327,26.918000,75.782000,poor_lighting,Simulated poor lighting report near this grid cell. No real incident is described.,2025-10-29,simulated,"ClearWay simulated sample data - NOT a real observation, generated by data/generate_sample_data.py"
SIM-HZD-0328,26.918000,75.790000,unsafe_crossing,Simulated unsafe crossing report near this grid cell. No real incident is described.,2026-07-19,unverified_report,"ClearWay simulated sample data - NOT a real observation, generated by data/generate_sample_data.py"
SIM-HZD-0329,26.918000,75.798000,uneven_footpath,Simulated uneven footpath report near this grid cell. No real incident is described.,2026-01-18,unverified_report,"ClearWay simulated sample data - NOT a real observation, generated by data/generate_sample_data.py"
SIM-HZD-0330,26.918000,75.806000,unsafe_crossing,Simulated unsafe crossing report near this grid cell. No real incident is described.,2026-06-18,unverified_report,"ClearWay simulated sample data - NOT a real observation, generated by data/generate_sample_data.py"
SIM-HZD-0331,26.918000,75.822000,isolated_stretch,Simulated isolated stretch report near this grid cell. No real incident is described.,2025-11-30,simulated,"ClearWay simulated sample data - NOT a real observation, generated by data/generate_sample_data.py"
SIM-HZD-0332,26.918000,75.830000,unsafe_crossing,Simulated unsafe crossing report near this grid cell. No real incident is described.,2026-05-25,unverified_report,"ClearWay simulated sample data - NOT a real observation, generated by data/generate_sample_data.py"
SIM-HZD-0333,26.918000,75.838000,unsafe_crossing,Simulated unsafe crossing report near this grid cell. No real incident is described.,2026-01-20,unverified_report,"ClearWay simulated sample data - NOT a real observation, generated by data/generate_sample_data.py"
SIM-HZD-0334,26.918000,75.846000,no_footpath,Simulated no footpath report near this grid cell. No real incident is described.,2025-09-26,unverified_report,"ClearWay simulated sample data - NOT a real observation, generated by data/generate_sample_data.py"
SIM-HZD-0335,26.918000,75.870000,poor_lighting,Simulated poor lighting report near this grid cell. No real incident is described.,2026-04-10,unverified_report,"ClearWay simulated sample data - NOT a real observation, generated by data/generate_sample_data.py"
SIM-HZD-0336,26.918000,75.878000,stray_animals,Simulated stray animals report near this grid cell. No real incident is described.,2026-08-26,simulated,"ClearWay simulated sample data - NOT a real observation, generated by data/generate_sample_data.py"
SIM-HZD-0337,26.926000,75.550000,no_footpath,Simulated no footpath report near this grid cell. No real incident is described.,2026-03-30,simulated,"ClearWay simulated sample data - NOT a real observation, generated by data/generate_sample_data.py"
SIM-HZD-0338,26.926000,75.606000,unsafe_crossing,Simulated unsafe crossing report near this grid cell. No real incident is described.,2025-11-18,simulated,"ClearWay simulated sample data - NOT a real observation, generated by data/generate_sample_data.py"
SIM-HZD-0339,26.926000,75.638000,no_footpath,Simulated no footpath report near this grid cell. No real incident is described.,2026-06-18,simulated,"ClearWay simulated sample data - NOT a real observation, generated by data/generate_sample_data.py"
SIM-HZD-0340,26.926000,75.758000,stray_animals,Simulated stray animals report near this grid cell. No real incident is described.,2025-09-09,simulated,"ClearWay simulated sample data - NOT a real observation, generated by data/generate_sample_data.py"
SIM-HZD-0341,26.926000,75.774000,unsafe_crossing,Simulated unsafe crossing report near this grid cell. No real incident is described.,2025-12-19,unverified_report,"ClearWay simulated sample data - NOT a real observation, generated by data/generate_sample_data.py"
SIM-HZD-0342,26.926000,75.782000,unsafe_crossing,Simulated unsafe crossing report near this grid cell. No real incident is described.,2025-10-19,simulated,"ClearWay simulated sample data - NOT a real observation, generated by data/generate_sample_data.py"
SIM-HZD-0343,26.926000,75.798000,uneven_footpath,Simulated uneven footpath report near this grid cell. No real incident is described.,2026-10-03,simulated,"ClearWay simulated sample data - NOT a real observation, generated by data/generate_sample_data.py"
SIM-HZD-0344,26.926000,75.806000,isolated_stretch,Simulated isolated stretch report near this grid cell. No real incident is described.,2026-02-28,simulated,"ClearWay simulated sample data - NOT a real observation, generated by data/generate_sample_data.py"
SIM-HZD-0345,26.926000,75.814000,isolated_stretch,Simulated isolated stretch report near this grid cell. No real incident is described.,2026-04-17,simulated,"ClearWay simulated sample data - NOT a real observation, generated by data/generate_sample_data.py"
SIM-HZD-0346,26.926000,75.822000,stray_animals,Simulated stray animals report near this grid cell. No real incident is described.,2025-12-11,simulated,"ClearWay simulated sample data - NOT a real observation, generated by data/generate_sample_data.py"
SIM-HZD-0347,26.926000,75.838000,no_footpath,Simulated no footpath report near this grid cell. No real incident is described.,2026-02-13,simulated,"ClearWay simulated sample data - NOT a real observation, generated by data/generate_sample_data.py"
SIM-HZD-0348,26.926000,75.846000,poor_lighting,Simulated poor lighting report near this grid cell. No real incident is described.,2026-08-24,simulated,"ClearWay simulated sample data - NOT a real observation, generated by data/generate_sample_data.py"
SIM-HZD-0349,26.926000,75.886000,unsafe_crossing,Simulated unsafe crossing report near this grid cell. No real incident is described.,2026-05-25,unverified_report,"ClearWay simulated sample data - NOT a real observation, generated by data/generate_sample_data.py"
SIM-HZD-0350,26.926000,75.894000,poor_lighting,Simulated poor lighting report near this grid cell. No real incident is described.,2026-02-28,simulated,"ClearWay simulated sample data - NOT a real observation, generated by data/generate_sample_data.py"
SIM-HZD-0351,26.934000,75.550000,unsafe_crossing,Simulated unsafe crossing report near this grid cell. No real incident is described.,2026-08-16,simulated,"ClearWay simulated sample data - NOT a real observation, generated by data/generate_sample_data.py"
SIM-HZD-0352,26.934000,75.558000,isolated_stretch,Simulated isolated stretch report near this grid cell. No real incident is described.,2025-09-20,unverified_report,"ClearWay simulated sample data - NOT a real observation, generated by data/generate_sample_data.py"
SIM-HZD-0353,26.934000,75.574000,unsafe_crossing,Simulated unsafe crossing report near this grid cell. No real incident is described.,2026-07-18,unverified_report,"ClearWay simulated sample data - NOT a real observation, generated by data/generate_sample_data.py"
SIM-HZD-0354,26.934000,75.590000,unsafe_crossing,Simulated unsafe crossing report near this grid cell. No real incident is described.,2026-07-23,simulated,"ClearWay simulated sample data - NOT a real observation, generated by data/generate_sample_data.py"
SIM-HZD-0355,26.934000,75.606000,unsafe_crossing,Simulated unsafe crossing report near this grid cell. No real incident is described.,2026-02-16,unverified_report,"ClearWay simulated sample data - NOT a real observation, generated by data/generate_sample_data.py"
SIM-HZD-0356,26.934000,75.638000,no_footpath,Simulated no footpath report near this grid cell. No real incident is described.,2025-09-22,unverified_report,"ClearWay simulated sample data - NOT a real observation, generated by data/generate_sample_data.py"
SIM-HZD-0357,26.934000,75.670000,unsafe_crossing,Simulated unsafe crossing report near this grid cell. No real incident is described.,2026-09-03,simulated,"ClearWay simulated sample data - NOT a real observation, generated by data/generate_sample_data.py"
SIM-HZD-0358,26.934000,75.678000,stray_animals,Simulated stray animals report near this grid cell. No real incident is described.,2025-10-06,unverified_report,"ClearWay simulated sample data - NOT a real observation, generated by data/generate_sample_data.py"
SIM-HZD-0359,26.934000,75.734000,no_footpath,Simulated no footpath report near this grid cell. No real incident is described.,2026-07-28,simulated,"ClearWay simulated sample data - NOT a real observation, generated by data/generate_sample_data.py"
SIM-HZD-0360,26.934000,75.750000,poor_lighting,Simulated poor lighting report near this grid cell. No real incident is described.,2026-07-24,simulated,"ClearWay simulated sample data - NOT a real observation, generated by data/generate_sample_data.py"
SIM-HZD-0361,26.934000,75.774000,uneven_footpath,Simulated uneven footpath report near this grid cell. No real incident is described.,2026-09-26,simulated,"ClearWay simulated sample data - NOT a real observation, generated by data/generate_sample_data.py"
SIM-HZD-0362,26.934000,75.870000,no_footpath,Simulated no footpath report near this grid cell. No real incident is described.,2025-10-04,unverified_report,"ClearWay simulated sample data - NOT a real observation, generated by data/generate_sample_data.py"
SIM-HZD-0363,26.934000,75.878000,no_footpath,Simulated no footpath report near this grid cell. No real incident is described.,2026-02-05,unverified_report,"ClearWay simulated sample data - NOT a real observation, generated by data/generate_sample_data.py"
SIM-HZD-0364,26.934000,75.902000,stray_animals,Simulated stray animals report near this grid cell. No real incident is described.,2026-03-01,unverified_report,"ClearWay simulated sample data - NOT a real observation, generated by data/generate_sample_data.py"
SIM-HZD-0365,26.942000,75.550000,stray_animals,Simulated stray animals report near this grid cell. No real incident is described.,2026-02-17,simulated,"ClearWay simulated sample data - NOT a real observation, generated by data/generate_sample_data.py"
SIM-HZD-0366,26.942000,75.566000,isolated_stretch,Simulated isolated stretch report near this grid cell. No real incident is described.,2026-04-22,simulated,"ClearWay simulated sample data - NOT a real observation, generated by data/generate_sample_data.py"
SIM-HZD-0367,26.942000,75.574000,uneven_footpath,Simulated uneven footpath report near this grid cell. No real incident is described.,2026-10-01,unverified_report,"ClearWay simulated sample data - NOT a real observation, generated by data/generate_sample_data.py"
SIM-HZD-0368,26.942000,75.606000,poor_lighting,Simulated poor lighting report near this grid cell. No real incident is described.,2025-11-19,simulated,"ClearWay simulated sample data - NOT a real observation, generated by data/generate_sample_data.py"
SIM-HZD-0369,26.942000,75.662000,uneven_footpath,Simulated uneven footpath report near this grid cell. No real incident is described.,2026-01-28,unverified_report,"ClearWay simulated sample data - NOT a real observation, generated by data/generate_sample_data.py"
SIM-HZD-0370,26.942000,75.678000,stray_animals,Simulated stray animals report near this grid cell. No real incident is described.,2026-03-24,unverified_report,"ClearWay simulated sample data - NOT a real observation, generated by data/generate_sample_data.py"
SIM-HZD-0371,26.942000,75.686000,poor_lighting,Simulated poor lighting report near this grid cell. No real incident is described.,2026-06-19,unverified_report,"ClearWay simulated sample data - NOT a real observation, generated by data/generate_sample_data.py"
SIM-HZD-0372,26.942000,75.694000,unsafe_crossing,Simulated unsafe crossing report near this grid cell. No real incident is described.,2026-04-17,unverified_report,"ClearWay simulated sample data - NOT a real observation, generated by data/generate_sample_data.py"
SIM-HZD-0373,26.942000,75.710000,no_footpath,Simulated no footpath report near this grid cell. No real incident is described.,2026-04-19,simulated,"ClearWay simulated sample data - NOT a real observation, generated by data/generate_sample_data.py"
SIM-HZD-0374,26.942000,75.742000,uneven_footpath,Simulated uneven footpath report near this grid cell. No real incident is described.,2026-04-23,unverified_report,"ClearWay simulated sample data - NOT a real observation, generated by data/generate_sample_data.py"
SIM-HZD-0375,26.942000,75.766000,isolated_stretch,Simulated isolated stretch report near this grid cell. No real incident is described.,2026-07-11,unverified_report,"ClearWay simulated sample data - NOT a real observation, generated by data/generate_sample_data.py"
SIM-HZD-0376,26.942000,75.806000,isolated_stretch,Simulated isolated stretch report near this grid cell. No real incident is described.,2026-04-23,simulated,"ClearWay simulated sample data - NOT a real observation, generated by data/generate_sample_data.py"
SIM-HZD-0377,26.942000,75.814000,stray_animals,Simulated stray animals report near this grid cell. No real incident is described.,2025-10-18,unverified_report,"ClearWay simulated sample data - NOT a real observation, generated by data/generate_sample_data.py"
SIM-HZD-0378,26.942000,75.846000,unsafe_crossing,Simulated unsafe crossing report near this grid cell. No real incident is described.,2026-09-21,simulated,"ClearWay simulated sample data - NOT a real observation, generated by data/generate_sample_data.py"
SIM-HZD-0379,26.942000,75.870000,stray_animals,Simulated stray animals report near this grid cell. No real incident is described.,2026-07-23,unverified_report,"ClearWay simulated sample data - NOT a real observation, generated by data/generate_sample_data.py"
SIM-HZD-0380,26.942000,75.886000,uneven_footpath,Simulated uneven footpath report near this grid cell. No real incident is described.,2026-10-03,simulated,"ClearWay simulated sample data - NOT a real observation, generated by data/generate_sample_data.py"
SIM-HZD-0381,26.942000,75.894000,no_footpath,Simulated no footpath report near this grid cell. No real incident is described.,2026-03-05,unverified_report,"ClearWay simulated sample data - NOT a real observation, generated by data/generate_sample_data.py"
SIM-HZD-0382,26.942000,75.902000,poor_lighting,Simulated poor lighting report near this grid cell. No real incident is described.,2025-10-13,simulated,"ClearWay simulated sample data - NOT a real observation, generated by data/generate_sample_data.py"
SIM-HZD-0383,26.950000,75.574000,no_footpath,Simulated no footpath report near this grid cell. No real incident is described.,2026-02-18,simulated,"ClearWay simulated sample data - NOT a real observation, generated by data/generate_sample_data.py"
SIM-HZD-0384,26.950000,75.590000,unsafe_crossing,Simulated unsafe crossing report near this grid cell. No real incident is described.,2026-03-25,unverified_report,"ClearWay simulated sample data - NOT a real observation, generated by data/generate_sample_data.py"
SIM-HZD-0385,26.950000,75.622000,poor_lighting,Simulated poor lighting report near this grid cell. No real incident is described.,2026-06-10,simulated,"ClearWay simulated sample data - NOT a real observation, generated by data/generate_sample_data.py"
SIM-HZD-0386,26.950000,75.630000,isolated_stretch,Simulated isolated stretch report near this grid cell. No real incident is described.,2025-09-30,unverified_report,"ClearWay simulated sample data - NOT a real observation, generated by data/generate_sample_data.py"
SIM-HZD-0387,26.950000,75.654000,isolated_stretch,Simulated isolated stretch report near this grid cell. No real incident is described.,2026-01-01,unverified_report,"ClearWay simulated sample data - NOT a real observation, generated by data/generate_sample_data.py"
SIM-HZD-0388,26.950000,75.670000,no_footpath,Simulated no footpath report near this grid cell. No real incident is described.,2026-03-14,simulated,"ClearWay simulated sample data - NOT a real observation, generated by data/generate_sample_data.py"
SIM-HZD-0389,26.950000,75.694000,poor_lighting,Simulated poor lighting report near this grid cell. No real incident is described.,2026-08-28,unverified_report,"ClearWay simulated sample data - NOT a real observation, generated by data/generate_sample_data.py"
SIM-HZD-0390,26.950000,75.718000,isolated_stretch,Simulated isolated stretch report near this grid cell. No real incident is described.,2026-03-16,simulated,"ClearWay simulated sample data - NOT a real observation, generated by data/generate_sample_data.py"
SIM-HZD-0391,26.950000,75.726000,stray_animals,Simulated stray animals report near this grid cell. No real incident is described.,2026-04-08,simulated,"ClearWay simulated sample data - NOT a real observation, generated by data/generate_sample_data.py"
SIM-HZD-0392,26.950000,75.758000,stray_animals,Simulated stray animals report near this grid cell. No real incident is described.,2026-01-25,simulated,"ClearWay simulated sample data - NOT a real observation, generated by data/generate_sample_data.py"
SIM-HZD-0393,26.950000,75.806000,isolated_stretch,Simulated isolated stretch report near this grid cell. No real incident is described.,2025-09-06,simulated,"ClearWay simulated sample data - NOT a real observation, generated by data/generate_sample_data.py"
SIM-HZD-0394,26.950000,75.830000,no_footpath,Simulated no footpath report near this grid cell. No real incident is described.,2025-09-29,simulated,"ClearWay simulated sample data - NOT a real observation, generated by data/generate_sample_data.py"
SIM-HZD-0395,26.950000,75.838000,stray_animals,Simulated stray animals report near this grid cell. No real incident is described.,2026-08-05,unverified_report,"ClearWay simulated sample data - NOT a real observation, generated by data/generate_sample_data.py"
SIM-HZD-0396,26.950000,75.878000,poor_lighting,Simulated poor lighting report near this grid cell. No real incident is described.,2025-09-25,simulated,"ClearWay simulated sample data - NOT a real observation, generated by data/generate_sample_data.py"
SIM-HZD-0397,26.950000,75.894000,stray_animals,Simulated stray animals report near this grid cell. No real incident is described.,2025-11-06,unverified_report,"ClearWay simulated sample data - NOT a real observation, generated by data/generate_sample_data.py"
SIM-HZD-0398,26.958000,75.574000,unsafe_crossing,Simulated unsafe crossing report near this grid cell. No real incident is described.,2026-01-11,unverified_report,"ClearWay simulated sample data - NOT a real observation, generated by data/generate_sample_data.py"
SIM-HZD-0399,26.958000,75.630000,uneven_footpath,Simulated uneven footpath report near this grid cell. No real incident is described.,2026-03-22,simulated,"ClearWay simulated sample data - NOT a real observation, generated by data/generate_sample_data.py"
SIM-HZD-0400,26.958000,75.638000,unsafe_crossing,Simulated unsafe crossing report near this grid cell. No real incident is described.,2026-06-27,unverified_report,"ClearWay simulated sample data - NOT a real observation, generated by data/generate_sample_data.py"
SIM-HZD-0401,26.958000,75.670000,uneven_footpath,Simulated uneven footpath report near this grid cell. No real incident is described.,2026-06-10,simulated,"ClearWay simulated sample data - NOT a real observation, generated by data/generate_sample_data.py"
SIM-HZD-0402,26.958000,75.710000,uneven_footpath,Simulated uneven footpath report near this grid cell. No real incident is described.,2026-04-15,simulated,"ClearWay simulated sample data - NOT a real observation, generated by data/generate_sample_data.py"
SIM-HZD-0403,26.958000,75.718000,poor_lighting,Simulated poor lighting report near this grid cell. No real incident is described.,2026-02-06,unverified_report,"ClearWay simulated sample data - NOT a real observation, generated by data/generate_sample_data.py"
SIM-HZD-0404,26.958000,75.734000,stray_animals,Simulated stray animals report near this grid cell. No real incident is described.,2026-01-17,unverified_report,"ClearWay simulated sample data - NOT a real observation, generated by data/generate_sample_data.py"
SIM-HZD-0405,26.958000,75.774000,unsafe_crossing,Simulated unsafe crossing report near this grid cell. No real incident is described.,2026-08-25,unverified_report,"ClearWay simulated sample data - NOT a real observation, generated by data/generate_sample_data.py"
SIM-HZD-0406,26.958000,75.782000,no_footpath,Simulated no footpath report near this grid cell. No real incident is described.,2026-03-25,simulated,"ClearWay simulated sample data - NOT a real observation, generated by data/generate_sample_data.py"
SIM-HZD-0407,26.958000,75.798000,stray_animals,Simulated stray animals report near this grid cell. No real incident is described.,2026-07-06,unverified_report,"ClearWay simulated sample data - NOT a real observation, generated by data/generate_sample_data.py"
SIM-HZD-0408,26.958000,75.814000,poor_lighting,Simulated poor lighting report near this grid cell. No real incident is described.,2025-12-16,simulated,"ClearWay simulated sample data - NOT a real observation, generated by data/generate_sample_data.py"
SIM-HZD-0409,26.958000,75.830000,isolated_stretch,Simulated isolated stretch report near this grid cell. No real incident is described.,2026-06-29,unverified_report,"ClearWay simulated sample data - NOT a real observation, generated by data/generate_sample_data.py"
SIM-HZD-0410,26.958000,75.838000,stray_animals,Simulated stray animals report near this grid cell. No real incident is described.,2026-01-22,simulated,"ClearWay simulated sample data - NOT a real observation, generated by data/generate_sample_data.py"
SIM-HZD-0411,26.958000,75.854000,stray_animals,Simulated stray animals report near this grid cell. No real incident is described.,2025-10-31,unverified_report,"ClearWay simulated sample data - NOT a real observation, generated by data/generate_sample_data.py"
SIM-HZD-0412,26.958000,75.862000,unsafe_crossing,Simulated unsafe crossing report near this grid cell. No real incident is described.,2025-12-15,unverified_report,"ClearWay simulated sample data - NOT a real observation, generated by data/generate_sample_data.py"
SIM-HZD-0413,26.958000,75.902000,isolated_stretch,Simulated isolated stretch report near this grid cell. No real incident is described.,2026-01-02,unverified_report,"ClearWay simulated sample data - NOT a real observation, generated by data/generate_sample_data.py"
SIM-HZD-0414,26.966000,75.574000,isolated_stretch,Simulated isolated stretch report near this grid cell. No real incident is described.,2026-03-18,unverified_report,"ClearWay simulated sample data - NOT a real observation, generated by data/generate_sample_data.py"
SIM-HZD-0415,26.966000,75.582000,uneven_footpath,Simulated uneven footpath report near this grid cell. No real incident is described.,2026-03-22,unverified_report,"ClearWay simulated sample data - NOT a real observation, generated by data/generate_sample_data.py"
SIM-HZD-0416,26.966000,75.614000,uneven_footpath,Simulated uneven footpath report near this grid cell. No real incident is described.,2026-09-24,simulated,"ClearWay simulated sample data - NOT a real observation, generated by data/generate_sample_data.py"
SIM-HZD-0417,26.966000,75.622000,poor_lighting,Simulated poor lighting report near this grid cell. No real incident is described.,2026-08-23,simulated,"ClearWay simulated sample data - NOT a real observation, generated by data/generate_sample_data.py"
SIM-HZD-0418,26.966000,75.662000,uneven_footpath,Simulated uneven footpath report near this grid cell. No real incident is described.,2026-09-27,simulated,"ClearWay simulated sample data - NOT a real observation, generated by data/generate_sample_data.py"
SIM-HZD-0419,26.966000,75.694000,isolated_stretch,Simulated isolated stretch report near this grid cell. No real incident is described.,2026-09-21,unverified_report,"ClearWay simulated sample data - NOT a real observation, generated by data/generate_sample_data.py"
SIM-HZD-0420,26.966000,75.702000,poor_lighting,Simulated poor lighting report near this grid cell. No real incident is described.,2025-11-25,simulated,"ClearWay simulated sample data - NOT a real observation, generated by data/generate_sample_data.py"
SIM-HZD-0421,26.966000,75.718000,poor_lighting,Simulated poor lighting report near this grid cell. No real incident is described.,2026-07-08,unverified_report,"ClearWay simulated sample data - NOT a real observation, generated by data/generate_sample_data.py"
SIM-HZD-0422,26.966000,75.734000,isolated_stretch,Simulated isolated stretch report near this grid cell. No real incident is described.,2025-10-23,simulated,"ClearWay simulated sample data - NOT a real observation, generated by data/generate_sample_data.py"
SIM-HZD-0423,26.966000,75.742000,stray_animals,Simulated stray animals report near this grid cell. No real incident is described.,2025-12-21,simulated,"ClearWay simulated sample data - NOT a real observation, generated by data/generate_sample_data.py"
SIM-HZD-0424,26.966000,75.774000,no_footpath,Simulated no footpath report near this grid cell. No real incident is described.,2026-07-19,simulated,"ClearWay simulated sample data - NOT a real observation, generated by data/generate_sample_data.py"
SIM-HZD-0425,26.966000,75.782000,no_footpath,Simulated no footpath report near this grid cell. No real incident is described.,2026-03-04,simulated,"ClearWay simulated sample data - NOT a real observation, generated by data/generate_sample_data.py"
SIM-HZD-0426,26.966000,75.798000,unsafe_crossing,Simulated unsafe crossing report near this grid cell. No real incident is described.,2026-08-27,simulated,"ClearWay simulated sample data - NOT a real observation, generated by data/generate_sample_data.py"
SIM-HZD-0427,26.966000,75.854000,stray_animals,Simulated stray animals report near this grid cell. No real incident is described.,2025-10-22,unverified_report,"ClearWay simulated sample data - NOT a real observation, generated by data/generate_sample_data.py"
SIM-HZD-0428,26.966000,75.894000,no_footpath,Simulated no footpath report near this grid cell. No real incident is described.,2026-03-26,simulated,"ClearWay simulated sample data - NOT a real observation, generated by data/generate_sample_data.py"
SIM-HZD-0429,26.966000,75.902000,uneven_footpath,Simulated uneven footpath report near this grid cell. No real incident is described.,2025-11-07,simulated,"ClearWay simulated sample data - NOT a real observation, generated by data/generate_sample_data.py"
SIM-HZD-0430,26.974000,75.598000,uneven_footpath,Simulated uneven footpath report near this grid cell. No real incident is described.,2026-04-02,simulated,"ClearWay simulated sample data - NOT a real observation, generated by data/generate_sample_data.py"
SIM-HZD-0431,26.974000,75.606000,unsafe_crossing,Simulated unsafe crossing report near this grid cell. No real incident is described.,2025-12-27,simulated,"ClearWay simulated sample data - NOT a real observation, generated by data/generate_sample_data.py"
SIM-HZD-0432,26.974000,75.622000,isolated_stretch,Simulated isolated stretch report near this grid cell. No real incident is described.,2026-08-07,unverified_report,"ClearWay simulated sample data - NOT a real observation, generated by data/generate_sample_data.py"
SIM-HZD-0433,26.974000,75.638000,no_footpath,Simulated no footpath report near this grid cell. No real incident is described.,2026-09-15,simulated,"ClearWay simulated sample data - NOT a real observation, generated by data/generate_sample_data.py"
SIM-HZD-0434,26.974000,75.662000,unsafe_crossing,Simulated unsafe crossing report near this grid cell. No real incident is described.,2026-08-18,simulated,"ClearWay simulated sample data - NOT a real observation, generated by data/generate_sample_data.py"
SIM-HZD-0435,26.974000,75.670000,isolated_stretch,Simulated isolated stretch report near this grid cell. No real incident is described.,2026-08-26,unverified_report,"ClearWay simulated sample data - NOT a real observation, generated by data/generate_sample_data.py"
SIM-HZD-0436,26.974000,75.678000,no_footpath,Simulated no footpath report near this grid cell. No real incident is described.,2026-06-03,unverified_report,"ClearWay simulated sample data - NOT a real observation, generated by data/generate_sample_data.py"
SIM-HZD-0437,26.974000,75.694000,unsafe_crossing,Simulated unsafe crossing report near this grid cell. No real incident is described.,2026-09-19,simulated,"ClearWay simulated sample data - NOT a real observation, generated by data/generate_sample_data.py"
SIM-HZD-0438,26.974000,75.702000,poor_lighting,Simulated poor lighting report near this grid cell. No real incident is described.,2026-01-16,simulated,"ClearWay simulated sample data - NOT a real observation, generated by data/generate_sample_data.py"
SIM-HZD-0439,26.974000,75.710000,no_footpath,Simulated no footpath report near this grid cell. No real incident is described.,2026-07-07,simulated,"ClearWay simulated sample data - NOT a real observation, generated by data/generate_sample_data.py"
SIM-HZD-0440,26.974000,75.718000,stray_animals,Simulated stray animals report near this grid cell. No real incident is described.,2026-08-22,simulated,"ClearWay simulated sample data - NOT a real observation, generated by data/generate_sample_data.py"
SIM-HZD-0441,26.974000,75.742000,unsafe_crossing,Simulated unsafe crossing report near this grid cell. No real incident is described.,2026-03-02,unverified_report,"ClearWay simulated sample data - NOT a real observation, generated by data/generate_sample_data.py"
SIM-HZD-0442,26.974000,75.750000,stray_animals,Simulated stray animals report near this grid cell. No real incident is described.,2026-05-17,unverified_report,"ClearWay simulated sample data - NOT a real observation, generated by data/generate_sample_data.py"
SIM-HZD-0443,26.974000,75.782000,stray_animals,Simulated stray animals report near this grid cell. No real incident is described.,2026-01-17,unverified_report,"ClearWay simulated sample data - NOT a real observation, generated by data/generate_sample_data.py"
SIM-HZD-0444,26.974000,75.798000,unsafe_crossing,Simulated unsafe crossing report near this grid cell. No real incident is described.,2026-06-22,unverified_report,"ClearWay simulated sample data - NOT a real observation, generated by data/generate_sample_data.py"
SIM-HZD-0445,26.974000,75.806000,no_footpath,Simulated no footpath report near this grid cell. No real incident is described.,2025-11-23,unverified_report,"ClearWay simulated sample data - NOT a real observation, generated by data/generate_sample_data.py"
SIM-HZD-0446,26.974000,75.854000,no_footpath,Simulated no footpath report near this grid cell. No real incident is described.,2026-09-01,simulated,"ClearWay simulated sample data - NOT a real observation, generated by data/generate_sample_data.py"
SIM-HZD-0447,26.974000,75.862000,unsafe_crossing,Simulated unsafe crossing report near this grid cell. No real incident is described.,2025-12-20,unverified_report,"ClearWay simulated sample data - NOT a real observation, generated by data/generate_sample_data.py"
SIM-HZD-0448,26.974000,75.886000,no_footpath,Simulated no footpath report near this grid cell. No real incident is described.,2026-02-14,unverified_report,"ClearWay simulated sample data - NOT a real observation, generated by data/generate_sample_data.py"
SIM-HZD-0449,26.974000,75.902000,unsafe_crossing,Simulated unsafe crossing report near this grid cell. No real incident is described.,2026-08-10,simulated,"ClearWay simulated sample data - NOT a real observation, generated by data/generate_sample_data.py"
SIM-HZD-0450,26.982000,75.558000,isolated_stretch,Simulated isolated stretch report near this grid cell. No real incident is described.,2026-05-04,unverified_report,"ClearWay simulated sample data - NOT a real observation, generated by data/generate_sample_data.py"
SIM-HZD-0451,26.982000,75.574000,isolated_stretch,Simulated isolated stretch report near this grid cell. No real incident is described.,2025-09-19,simulated,"ClearWay simulated sample data - NOT a real observation, generated by data/generate_sample_data.py"
SIM-HZD-0452,26.982000,75.582000,uneven_footpath,Simulated uneven footpath report near this grid cell. No real incident is described.,2025-10-15,simulated,"ClearWay simulated sample data - NOT a real observation, generated by data/generate_sample_data.py"
SIM-HZD-0453,26.982000,75.590000,stray_animals,Simulated stray animals report near this grid cell. No real incident is described.,2026-02-19,simulated,"ClearWay simulated sample data - NOT a real observation, generated by data/generate_sample_data.py"
SIM-HZD-0454,26.982000,75.598000,unsafe_crossing,Simulated unsafe crossing report near this grid cell. No real incident is described.,2025-10-31,unverified_report,"ClearWay simulated sample data - NOT a real observation, generated by data/generate_sample_data.py"
SIM-HZD-0455,26.982000,75.606000,isolated_stretch,Simulated isolated stretch report near this grid cell. No real incident is described.,2025-11-04,unverified_report,"ClearWay simulated sample data - NOT a real observation, generated by data/generate_sample_data.py"
SIM-HZD-0456,26.982000,75.622000,stray_animals,Simulated stray animals report near this grid cell. No real incident is described.,2026-09-07,unverified_report,"ClearWay simulated sample data - NOT a real observation, generated by data/generate_sample_data.py"
SIM-HZD-0457,26.982000,75.630000,stray_animals,Simulated stray animals report near this grid cell. No real incident is described.,2026-02-13,unverified_report,"ClearWay simulated sample data - NOT a real observation, generated by data/generate_sample_data.py"
SIM-HZD-0458,26.982000,75.662000,stray_animals,Simulated stray animals report near this grid cell. No real incident is described.,2026-07-31,simulated,"ClearWay simulated sample data - NOT a real observation, generated by data/generate_sample_data.py"
SIM-HZD-0459,26.982000,75.670000,unsafe_crossing,Simulated unsafe crossing report near this grid cell. No real incident is described.,2026-03-18,unverified_report,"ClearWay simulated sample data - NOT a real observation, generated by data/generate_sample_data.py"
SIM-HZD-0460,26.982000,75.686000,stray_animals,Simulated stray animals report near this grid cell. No real incident is described.,2025-09-27,simulated,"ClearWay simulated sample data - NOT a real observation, generated by data/generate_sample_data.py"
SIM-HZD-0461,26.982000,75.702000,no_footpath,Simulated no footpath report near this grid cell. No real incident is described.,2025-10-03,simulated,"ClearWay simulated sample data - NOT a real observation, generated by data/generate_sample_data.py"
SIM-HZD-0462,26.982000,75.718000,poor_lighting,Simulated poor lighting report near this grid cell. No real incident is described.,2025-12-14,unverified_report,"ClearWay simulated sample data - NOT a real observation, generated by data/generate_sample_data.py"
SIM-HZD-0463,26.982000,75.758000,unsafe_crossing,Simulated unsafe crossing report near this grid cell. No real incident is described.,2026-05-03,simulated,"ClearWay simulated sample data - NOT a real observation, generated by data/generate_sample_data.py"
SIM-HZD-0464,26.982000,75.774000,stray_animals,Simulated stray animals report near this grid cell. No real incident is described.,2026-10-02,unverified_report,"ClearWay simulated sample data - NOT a real observation, generated by data/generate_sample_data.py"
SIM-HZD-0465,26.982000,75.782000,poor_lighting,Simulated poor lighting report near this grid cell. No real incident is described.,2026-07-09,unverified_report,"ClearWay simulated sample data - NOT a real observation, generated by data/generate_sample_data.py"
SIM-HZD-0466,26.982000,75.798000,uneven_footpath,Simulated uneven footpath report near this grid cell. No real incident is described.,2026-03-26,simulated,"ClearWay simulated sample data - NOT a real observation, generated by data/generate_sample_data.py"
SIM-HZD-0467,26.982000,75.814000,stray_animals,Simulated stray animals report near this grid cell. No real incident is described.,2026-10-03,unverified_report,"ClearWay simulated sample data - NOT a real observation, generated by data/generate_sample_data.py"
SIM-HZD-0468,26.982000,75.822000,uneven_footpath,Simulated uneven footpath report near this grid cell. No real incident is described.,2026-05-02,unverified_report,"ClearWay simulated sample data - NOT a real observation, generated by data/generate_sample_data.py"
SIM-HZD-0469,26.982000,75.830000,no_footpath,Simulated no footpath report near this grid cell. No real incident is described.,2026-06-22,simulated,"ClearWay simulated sample data - NOT a real observation, generated by data/generate_sample_data.py"
SIM-HZD-0470,26.982000,75.838000,unsafe_crossing,Simulated unsafe crossing report near this grid cell. No real incident is described.,2025-11-15,simulated,"ClearWay simulated sample data - NOT a real observation, generated by data/generate_sample_data.py"
SIM-HZD-0471,26.982000,75.854000,stray_animals,Simulated stray animals report near this grid cell. No real incident is described.,2026-07-22,unverified_report,"ClearWay simulated sample data - NOT a real observation, generated by data/generate_sample_data.py"
SIM-HZD-0472,26.982000,75.870000,poor_lighting,Simulated poor lighting report near this grid cell. No real incident is described.,2026-03-18,unverified_report,"ClearWay simulated sample data - NOT a real observation, generated by data/generate_sample_data.py"
SIM-HZD-0473,26.982000,75.886000,isolated_stretch,Simulated isolated stretch report near this grid cell. No real incident is described.,2026-01-05,unverified_report,"ClearWay simulated sample data - NOT a real observation, generated by data/generate_sample_data.py"
SIM-HZD-0474,26.990000,75.550000,isolated_stretch,Simulated isolated stretch report near this grid cell. No real incident is described.,2026-02-22,simulated,"ClearWay simulated sample data - NOT a real observation, generated by data/generate_sample_data.py"
SIM-HZD-0475,26.990000,75.574000,uneven_footpath,Simulated uneven footpath report near this grid cell. No real incident is described.,2026-06-07,unverified_report,"ClearWay simulated sample data - NOT a real observation, generated by data/generate_sample_data.py"
SIM-HZD-0476,26.990000,75.582000,no_footpath,Simulated no footpath report near this grid cell. No real incident is described.,2025-12-01,simulated,"ClearWay simulated sample data - NOT a real observation, generated by data/generate_sample_data.py"
SIM-HZD-0477,26.990000,75.598000,isolated_stretch,Simulated isolated stretch report near this grid cell. No real incident is described.,2026-06-19,unverified_report,"ClearWay simulated sample data - NOT a real observation, generated by data/generate_sample_data.py"
SIM-HZD-0478,26.990000,75.606000,unsafe_crossing,Simulated unsafe crossing report near this grid cell. No real incident is described.,2025-10-15,unverified_report,"ClearWay simulated sample data - NOT a real observation, generated by data/generate_sample_data.py"
SIM-HZD-0479,26.990000,75.614000,isolated_stretch,Simulated isolated stretch report near this grid cell. No real incident is described.,2026-01-15,unverified_report,"ClearWay simulated sample data - NOT a real observation, generated by data/generate_sample_data.py"
SIM-HZD-0480,26.990000,75.662000,isolated_stretch,Simulated isolated stretch report near this grid cell. No real incident is described.,2026-07-05,unverified_report,"ClearWay simulated sample data - NOT a real observation, generated by data/generate_sample_data.py"
SIM-HZD-0481,26.990000,75.678000,isolated_stretch,Simulated isolated stretch report near this grid cell. No real incident is described.,2026-08-10,unverified_report,"ClearWay simulated sample data - NOT a real observation, generated by data/generate_sample_data.py"
SIM-HZD-0482,26.990000,75.686000,isolated_stretch,Simulated isolated stretch report near this grid cell. No real incident is described.,2026-07-19,simulated,"ClearWay simulated sample data - NOT a real observation, generated by data/generate_sample_data.py"
SIM-HZD-0483,26.990000,75.702000,isolated_stretch,Simulated isolated stretch report near this grid cell. No real incident is described.,2026-09-20,simulated,"ClearWay simulated sample data - NOT a real observation, generated by data/generate_sample_data.py"
SIM-HZD-0484,26.990000,75.758000,stray_animals,Simulated stray animals report near this grid cell. No real incident is described.,2025-11-24,simulated,"ClearWay simulated sample data - NOT a real observation, generated by data/generate_sample_data.py"
SIM-HZD-0485,26.990000,75.782000,no_footpath,Simulated no footpath report near this grid cell. No real incident is described.,2026-01-30,simulated,"ClearWay simulated sample data - NOT a real observation, generated by data/generate_sample_data.py"
SIM-HZD-0486,26.990000,75.806000,uneven_footpath,Simulated uneven footpath report near this grid cell. No real incident is described.,2026-01-28,unverified_report,"ClearWay simulated sample data - NOT a real observation, generated by data/generate_sample_data.py"
SIM-HZD-0487,26.990000,75.822000,uneven_footpath,Simulated uneven footpath report near this grid cell. No real incident is described.,2026-06-29,simulated,"ClearWay simulated sample data - NOT a real observation, generated by data/generate_sample_data.py"
SIM-HZD-0488,26.990000,75.854000,no_footpath,Simulated no footpath report near this grid cell. No real incident is described.,2025-09-28,simulated,"ClearWay simulated sample data - NOT a real observation, generated by data/generate_sample_data.py"
SIM-HZD-0489,26.990000,75.870000,poor_lighting,Simulated poor lighting report near this grid cell. No real incident is described.,2026-09-16,unverified_report,"ClearWay simulated sample data - NOT a real observation, generated by data/generate_sample_data.py"
SIM-HZD-0490,26.990000,75.886000,uneven_footpath,Simulated uneven footpath report near this grid cell. No real incident is described.,2026-09-14,unverified_report,"ClearWay simulated sample data - NOT a real observation, generated by data/generate_sample_data.py"
SIM-HZD-0491,26.990000,75.894000,isolated_stretch,Simulated isolated stretch report near this grid cell. No real incident is described.,2025-09-18,unverified_report,"ClearWay simulated sample data - NOT a real observation, generated by data/generate_sample_data.py"
SIM-HZD-0492,26.998000,75.582000,uneven_footpath,Simulated uneven footpath report near this grid cell. No real incident is described.,2025-10-14,unverified_report,"ClearWay simulated sample data - NOT a real observation, generated by data/generate_sample_data.py"
SIM-HZD-0493,26.998000,75.598000,stray_animals,Simulated stray animals report near this grid cell. No real incident is described.,2025-10-18,unverified_report,"ClearWay simulated sample data - NOT a real observation, generated by data/generate_sample_data.py"
SIM-HZD-0494,26.998000,75.614000,isolated_stretch,Simulated isolated stretch report near this grid cell. No real incident is described.,2026-10-01,unverified_report,"ClearWay simulated sample data - NOT a real observation, generated by data/generate_sample_data.py"
SIM-HZD-0495,26.998000,75.630000,poor_lighting,Simulated poor lighting report near this grid cell. No real incident is described.,2026-10-08,simulated,"ClearWay simulated sample data - NOT a real observation, generated by data/generate_sample_data.py"
SIM-HZD-0496,26.998000,75.646000,no_footpath,Simulated no footpath report near this grid cell. No real incident is described.,2025-12-30,unverified_report,"ClearWay simulated sample data - NOT a real observation, generated by data/generate_sample_data.py"
SIM-HZD-0497,26.998000,75.654000,unsafe_crossing,Simulated unsafe crossing report near this grid cell. No real incident is described.,2025-11-13,simulated,"ClearWay simulated sample data - NOT a real observation, generated by data/generate_sample_data.py"
SIM-HZD-0498,26.998000,75.686000,stray_animals,Simulated stray animals report near this grid cell. No real incident is described.,2026-06-15,simulated,"ClearWay simulated sample data - NOT a real observation, generated by data/generate_sample_data.py"
SIM-HZD-0499,26.998000,75.694000,unsafe_crossing,Simulated unsafe crossing report near this grid cell. No real incident is described.,2025-12-18,unverified_report,"ClearWay simulated sample data - NOT a real observation, generated by data/generate_sample_data.py"
SIM-HZD-0500,26.998000,75.718000,no_footpath,Simulated no footpath report near this grid cell. No real incident is described.,2026-01-12,unverified_report,"ClearWay simulated sample data - NOT a real observation, generated by data/generate_sample_data.py"
SIM-HZD-0501,26.998000,75.734000,no_footpath,Simulated no footpath report near this grid cell. No real incident is described.,2025-11-28,unverified_report,"ClearWay simulated sample data - NOT a real observation, generated by data/generate_sample_data.py"
SIM-HZD-0502,26.998000,75.750000,uneven_footpath,Simulated uneven footpath report near this grid cell. No real incident is described.,2026-05-25,unverified_report,"ClearWay simulated sample data - NOT a real observation, generated by data/generate_sample_data.py"
SIM-HZD-0503,26.998000,75.782000,uneven_footpath,Simulated uneven footpath report near this grid cell. No real incident is described.,2025-09-10,unverified_report,"ClearWay simulated sample data - NOT a real observation, generated by data/generate_sample_data.py"
SIM-HZD-0504,26.998000,75.806000,no_footpath,Simulated no footpath report near this grid cell. No real incident is described.,2026-06-30,unverified_report,"ClearWay simulated sample data - NOT a real observation, generated by data/generate_sample_data.py"
SIM-HZD-0505,26.998000,75.822000,poor_lighting,Simulated poor lighting report near this grid cell. No real incident is described.,2025-09-06,unverified_report,"ClearWay simulated sample data - NOT a real observation, generated by data/generate_sample_data.py"
SIM-HZD-0506,26.998000,75.902000,uneven_footpath,Simulated uneven footpath report near this grid cell. No real incident is described.,2026-02-26,simulated,"ClearWay simulated sample data - NOT a real observation, generated by data/generate_sample_data.py"
SIM-HZD-0507,27.006000,75.566000,isolated_stretch,Simulated isolated stretch report near this grid cell. No real incident is described.,2026-05-14,simulated,"ClearWay simulated sample data - NOT a real observation, generated by data/generate_sample_data.py"
SIM-HZD-0508,27.006000,75.582000,isolated_stretch,Simulated isolated stretch report near this grid cell. No real incident is described.,2025-09-08,simulated,"ClearWay simulated sample data - NOT a real observation, generated by data/generate_sample_data.py"
SIM-HZD-0509,27.006000,75.606000,no_footpath,Simulated no footpath report near this grid cell. No real incident is described.,2026-04-23,simulated,"ClearWay simulated sample data - NOT a real observation, generated by data/generate_sample_data.py"
SIM-HZD-0510,27.006000,75.614000,no_footpath,Simulated no footpath report near this grid cell. No real incident is described.,2026-08-12,simulated,"ClearWay simulated sample data - NOT a real observation, generated by data/generate_sample_data.py"
SIM-HZD-0511,27.006000,75.622000,stray_animals,Simulated stray animals report near this grid cell. No real incident is described.,2026-03-21,simulated,"ClearWay simulated sample data - NOT a real observation, generated by data/generate_sample_data.py"
SIM-HZD-0512,27.006000,75.630000,no_footpath,Simulated no footpath report near this grid cell. No real incident is described.,2026-01-08,unverified_report,"ClearWay simulated sample data - NOT a real observation, generated by data/generate_sample_data.py"
SIM-HZD-0513,27.006000,75.638000,stray_animals,Simulated stray animals report near this grid cell. No real incident is described.,2026-07-04,unverified_report,"ClearWay simulated sample data - NOT a real observation, generated by data/generate_sample_data.py"
SIM-HZD-0514,27.006000,75.646000,unsafe_crossing,Simulated unsafe crossing report near this grid cell. No real incident is described.,2026-02-16,unverified_report,"ClearWay simulated sample data - NOT a real observation, generated by data/generate_sample_data.py"
SIM-HZD-0515,27.006000,75.670000,unsafe_crossing,Simulated unsafe crossing report near this grid cell. No real incident is described.,2025-12-23,unverified_report,"ClearWay simulated sample data - NOT a real observation, generated by data/generate_sample_data.py"
SIM-HZD-0516,27.006000,75.678000,unsafe_crossing,Simulated unsafe crossing report near this grid cell. No real incident is described.,2026-03-04,unverified_report,"ClearWay simulated sample data - NOT a real observation, generated by data/generate_sample_data.py"
SIM-HZD-0517,27.006000,75.726000,isolated_stretch,Simulated isolated stretch report near this grid cell. No real incident is described.,2026-03-14,simulated,"ClearWay simulated sample data - NOT a real observation, generated by data/generate_sample_data.py"
SIM-HZD-0518,27.006000,75.742000,stray_animals,Simulated stray animals report near this grid cell. No real incident is described.,2026-03-25,simulated,"ClearWay simulated sample data - NOT a real observation, generated by data/generate_sample_data.py"
SIM-HZD-0519,27.006000,75.766000,no_footpath,Simulated no footpath report near this grid cell. No real incident is described.,2025-11-08,unverified_report,"ClearWay simulated sample data - NOT a real observation, generated by data/generate_sample_data.py"
SIM-HZD-0520,27.006000,75.790000,no_footpath,Simulated no footpath report near this grid cell. No real incident is described.,2025-12-27,unverified_report,"ClearWay simulated sample data - NOT a real observation, generated by data/generate_sample_data.py"
SIM-HZD-0521,27.006000,75.806000,poor_lighting,Simulated poor lighting report near this grid cell. No real incident is described.,2026-09-22,simulated,"ClearWay simulated sample data - NOT a real observation, generated by data/generate_sample_data.py"
SIM-HZD-0522,27.006000,75.838000,uneven_footpath,Simulated uneven footpath report near this grid cell. No real incident is described.,2026-02-11,simulated,"ClearWay simulated sample data - NOT a real observation, generated by data/generate_sample_data.py"
SIM-HZD-0523,27.006000,75.878000,uneven_footpath,Simulated uneven footpath report near this grid cell. No real incident is described.,2025-09-21,unverified_report,"ClearWay simulated sample data - NOT a real observation, generated by data/generate_sample_data.py"
SIM-HZD-0524,27.006000,75.902000,poor_lighting,Simulated poor lighting report near this grid cell. No real incident is described.,2025-10-05,simulated,"ClearWay simulated sample data - NOT a real observation, generated by data/generate_sample_data.py"
SIM-HZD-0525,27.014000,75.550000,poor_lighting,Simulated poor lighting report near this grid cell. No real incident is described.,2026-10-04,simulated,"ClearWay simulated sample data - NOT a real observation, generated by data/generate_sample_data.py"
SIM-HZD-0526,27.014000,75.558000,uneven_footpath,Simulated uneven footpath report near this grid cell. No real incident is described.,2026-07-04,simulated,"ClearWay simulated sample data - NOT a real observation, generated by data/generate_sample_data.py"
SIM-HZD-0527,27.014000,75.566000,stray_animals,Simulated stray animals report near this grid cell. No real incident is described.,2026-01-13,unverified_report,"ClearWay simulated sample data - NOT a real observation, generated by data/generate_sample_data.py"
SIM-HZD-0528,27.014000,75.614000,isolated_stretch,Simulated isolated stretch report near this grid cell. No real incident is described.,2025-09-19,unverified_report,"ClearWay simulated sample data - NOT a real observation, generated by data/generate_sample_data.py"
SIM-HZD-0529,27.014000,75.638000,uneven_footpath,Simulated uneven footpath report near this grid cell. No real incident is described.,2026-05-14,unverified_report,"ClearWay simulated sample data - NOT a real observation, generated by data/generate_sample_data.py"
SIM-HZD-0530,27.014000,75.662000,stray_animals,Simulated stray animals report near this grid cell. No real incident is described.,2026-06-01,simulated,"ClearWay simulated sample data - NOT a real observation, generated by data/generate_sample_data.py"
SIM-HZD-0531,27.014000,75.694000,stray_animals,Simulated stray animals report near this grid cell. No real incident is described.,2026-07-31,unverified_report,"ClearWay simulated sample data - NOT a real observation, generated by data/generate_sample_data.py"
SIM-HZD-0532,27.014000,75.734000,isolated_stretch,Simulated isolated stretch report near this grid cell. No real incident is described.,2025-10-26,simulated,"ClearWay simulated sample data - NOT a real observation, generated by data/generate_sample_data.py"
SIM-HZD-0533,27.014000,75.790000,uneven_footpath,Simulated uneven footpath report near this grid cell. No real incident is described.,2025-11-27,simulated,"ClearWay simulated sample data - NOT a real observation, generated by data/generate_sample_data.py"
SIM-HZD-0534,27.014000,75.814000,unsafe_crossing,Simulated unsafe crossing report near this grid cell. No real incident is described.,2025-11-01,simulated,"ClearWay simulated sample data - NOT a real observation, generated by data/generate_sample_data.py"
SIM-HZD-0535,27.014000,75.862000,uneven_footpath,Simulated uneven footpath report near this grid cell. No real incident is described.,2026-05-16,simulated,"ClearWay simulated sample data - NOT a real observation, generated by data/generate_sample_data.py"
SIM-HZD-0536,27.022000,75.574000,uneven_footpath,Simulated uneven footpath report near this grid cell. No real incident is described.,2026-05-02,simulated,"ClearWay simulated sample data - NOT a real observation, generated by data/generate_sample_data.py"
SIM-HZD-0537,27.022000,75.598000,unsafe_crossing,Simulated unsafe crossing report near this grid cell. No real incident is described.,2025-10-29,simulated,"ClearWay simulated sample data - NOT a real observation, generated by data/generate_sample_data.py"
SIM-HZD-0538,27.022000,75.662000,no_footpath,Simulated no footpath report near this grid cell. No real incident is described.,2025-12-14,unverified_report,"ClearWay simulated sample data - NOT a real observation, generated by data/generate_sample_data.py"
SIM-HZD-0539,27.022000,75.678000,unsafe_crossing,Simulated unsafe crossing report near this grid cell. No real incident is described.,2026-07-04,simulated,"ClearWay simulated sample data - NOT a real observation, generated by data/generate_sample_data.py"
SIM-HZD-0540,27.022000,75.686000,isolated_stretch,Simulated isolated stretch report near this grid cell. No real incident is described.,2025-12-21,unverified_report,"ClearWay simulated sample data - NOT a real observation, generated by data/generate_sample_data.py"
SIM-HZD-0541,27.022000,75.694000,no_footpath,Simulated no footpath report near this grid cell. No real incident is described.,2026-07-11,simulated,"ClearWay simulated sample data - NOT a real observation, generated by data/generate_sample_data.py"
SIM-HZD-0542,27.022000,75.702000,isolated_stretch,Simulated isolated stretch report near this grid cell. No real incident is described.,2026-03-12,unverified_report,"ClearWay simulated sample data - NOT a real observation, generated by data/generate_sample_data.py"
SIM-HZD-0543,27.022000,75.710000,uneven_footpath,Simulated uneven footpath report near this grid cell. No real incident is described.,2026-01-16,simulated,"ClearWay simulated sample data - NOT a real observation, generated by data/generate_sample_data.py"
SIM-HZD-0544,27.022000,75.734000,isolated_stretch,Simulated isolated stretch report near this grid cell. No real incident is described.,2026-05-12,unverified_report,"ClearWay simulated sample data - NOT a real observation, generated by data/generate_sample_data.py"
SIM-HZD-0545,27.022000,75.750000,uneven_footpath,Simulated uneven footpath report near this grid cell. No real incident is described.,2026-04-16,unverified_report,"ClearWay simulated sample data - NOT a real observation, generated by data/generate_sample_data.py"
SIM-HZD-0546,27.022000,75.758000,stray_animals,Simulated stray animals report near this grid cell. No real incident is described.,2026-08-21,simulated,"ClearWay simulated sample data - NOT a real observation, generated by data/generate_sample_data.py"
SIM-HZD-0547,27.022000,75.766000,isolated_stretch,Simulated isolated stretch report near this grid cell. No real incident is described.,2026-05-23,unverified_report,"ClearWay simulated sample data - NOT a real observation, generated by data/generate_sample_data.py"
SIM-HZD-0548,27.022000,75.782000,poor_lighting,Simulated poor lighting report near this grid cell. No real incident is described.,2026-09-04,simulated,"ClearWay simulated sample data - NOT a real observation, generated by data/generate_sample_data.py"
SIM-HZD-0549,27.022000,75.798000,unsafe_crossing,Simulated unsafe crossing report near this grid cell. No real incident is described.,2026-06-15,unverified_report,"ClearWay simulated sample data - NOT a real observation, generated by data/generate_sample_data.py"
SIM-HZD-0550,27.022000,75.806000,isolated_stretch,Simulated isolated stretch report near this grid cell. No real incident is described.,2026-05-17,unverified_report,"ClearWay simulated sample data - NOT a real observation, generated by data/generate_sample_data.py"
SIM-HZD-0551,27.022000,75.830000,unsafe_crossing,Simulated unsafe crossing report near this grid cell. No real incident is described.,2026-08-05,unverified_report,"ClearWay simulated sample data - NOT a real observation, generated by data/generate_sample_data.py"
SIM-HZD-0552,27.022000,75.870000,isolated_stretch,Simulated isolated stretch report near this grid cell. No real incident is described.,2026-01-10,unverified_report,"ClearWay simulated sample data - NOT a real observation, generated by data/generate_sample_data.py"
SIM-HZD-0553,27.022000,75.886000,isolated_stretch,Simulated isolated stretch report near this grid cell. No real incident is described.,2026-04-10,unverified_report,"ClearWay simulated sample data - NOT a real observation, generated by data/generate_sample_data.py"
