segment_id,latitude,longitude,lighting_status,observation_date,verification_status,source
SIM-LGT-000-000,26.750000,75.550000,unlit,2026-01-26,simulated,"ClearWay simulated sample data - NOT a real observation, generated by data/generate_sample_data.py"
SIM-LGT-000-001,26.750000,75.555000,partial,2025-07-05,simulated,"ClearWay simulated sample data - NOT a real observation, generated by data/generate_sample_data.py"
SIM-LGT-000-002,26.750000,75.560000,lit,2025-10-04,simulated,"ClearWay simulated sample data - NOT a real observation, generated by data/generate_sample_data.py"
SIM-LGT-000-003,26.750000,75.565000,partial,2026-06-12,simulated,"ClearWay simulated sample data - NOT a real observation, generated by data/generate_sample_data.py"
SIM-LGT-000-004,26.750000,75.570000,partial,2025-04-26,simulated,"ClearWay simulated sample data - NOT a real observation, generated by data/generate_sample_data.py"
SIM-LGT-000-005,26.750000,75.575000,lit,2025-10-18,simulated,"ClearWay simulated sample data - NOT a real observation, generated by data/generate_sample_data.py"
SIM-LGT-000-006,26.750000,75.580000,partial,2026-05-23,simulated,"ClearWay simulated sample data - NOT a real observation, generated by data/generate_sample_data.py"
SIM-LGT-000-007,26.750000,75.585000,unlit,2026-04-14,simulated,"ClearWay simulated sample data - NOT a real observation, generated by data/generate_sample_data.py"
SIM-LGT-000-008,26.750000,75.590000,partial,2026-08-18,simulated,"ClearWay simulated sample data - NOT a real observation, generated by data/generate_sample_data.py"
SIM-LGT-000-009,26.750000,75.595000,lit,2026-04-04,simulated,"ClearWay simulated sample data - NOT a real observation, generated by data/generate_sample_data.py"
SIM-LGT-000-010,26.750000,75.600000,lit,2025-08-10,simulated,"ClearWay simulated sample data - NOT a real observation, generated by data/generate_sample_data.py"
SIM-LGT-000-011,26.750000,75.605000,lit,2025-07-07,simulated,"ClearWay simulated sample data - NOT a real observation, generated by data/generate_sample_data.py"
SIM-LGT-000-012,26.750000,75.610000,lit,2026-07-20,simulated,"ClearWay simulated sample data - NOT a real observation, generated by data/generate_sample_data.py"
SIM-LGT-000-013,26.750000,75.615000,lit,2025-09-03,simulated,"ClearWay simulated sample data - NOT a real observation, generated by data/generate_sample_data.py"
SIM-LGT-000-014,26.750000,75.620000,lit,2025-07-20,simulated,"ClearWay simulated sample data - NOT a real observation, generated by data/generate_sample_data.py"
SIM-LGT-000-015,26.750000,75.625000,partial,2026-03-16,simulated,"ClearWay simulated sample data - NOT a real observation, generated by data/generate_sample_data.py"
SIM-LGT-000-016,26.750000,75.630000,lit,2025-08-20,simulated,"ClearWay simulated sample data - NOT a real observation, generated by data/generate_sample_data.py"
SIM-LGT-000-017,26.750000,75.635000,lit,2025-12-17,simulated,"ClearWay simulated sample data - NOT a real observation, generated by data/generate_sample_data.py"
SIM-LGT-000-018,26.750000,75.640000,lit,2026-05-04,simulated,"ClearWay simulated sample data - NOT a real observation, generated by data/generate_sample_data.py"
SIM-LGT-000-019,26.750000,75.645000,lit,2025-06-04,simulated,"ClearWay simulated sample data - NOT a real observation, generated by data/generate_sample_data.py"
SIM-LGT-000-020,26.750000,75.650000,partial,2025-11-09,simulated,"ClearWay simulated sample data - NOT a real observation, generated by data/generate_sample_data.py"
SIM-LGT-000-021,26.750000,75.655000,lit,2026-04-18,simulated,"ClearWay simulated sample data - NOT a real observation, generated by data/generate_sample_data.py"
SIM-LGT-000-022,26.750000,75.660000,unlit,2025-06-17,simulated,"ClearWay simulated sample data - NOT a real observation, generated by data/generate_sample_data.py"
SIM-LGT-000-023,26.750000,75.665000,lit,2026-07-31,simulated,"ClearWay simulated sample data - NOT a real observation, generated by data/generate_sample_data.py"
SIM-LGT-000-024,26.750000,75.670000,lit,2025-05-16,simulated,"ClearWay simulated sample data - NOT a real observation, generated by data/generate_sample_data.py"
SIM-LGT-000-025,26.750000,75.675000,lit,2025-05-05,simulated,"ClearWay simulated sample data - NOT a real observation, generated by data/generate_sample_data.py"
SIM-LGT-000-026,26.750000,75.680000,lit,2025-10-04,simulated,"ClearWay simulated sample data - NOT a real observation, generated by data/generate_sample_data.py"
SIM-LGT-000-027,26.750000,75.685000,lit,2026-03-01,simulated,"ClearWay simulated sample data - NOT a real observation, generated by data/generate_sample_data.py"
SIM-LGT-000-028,26.750000,75.690000,partial,2025-06-05,simulated,"ClearWay simulated sample data - NOT a real observation, generated by data/generate_sample_data.py"
SIM-LGT-000-029,26.750000,75.695000,lit,2025-09-03,simulated,"ClearWay simulated sample data - NOT a real observation, generated by data/generate_sample_data.py"
SIM-LGT-000-030,26.750000,75.700000,lit,2026-05-09,simulated,"ClearWay simulated sample data - NOT a real observation, generated by data/generate_sample_data.py"
SIM-LGT-000-031,26.750000,75.705000,lit,2025-07-30,simulated,"ClearWay simulated sample data - NOT a real observation, generated by data/generate_sample_data.py"
SIM-LGT-000-032,26.750000,75.710000,lit,2025-10-09,simulated,"ClearWay simulated sample data - NOT a real observation, generated by data/generate_sample_data.py"
SIM-LGT-000-033,26.750000,75.715000,unlit,2025-05-17,simulated,"ClearWay simulated sample data - NOT a real observation, generated by data/generate_sample_data.py"
SIM-LGT-000-034,26.750000,75.720000,partial,2026-07-12,simulated,"ClearWay simulated sample data - NOT a real observation, generated by data/generate_sample_data.py"
SIM-LGT-000-035,26.750000,75.725000,lit,2026-08-02,simulated,"ClearWay simulated sample data - NOT a real observation, generated by data/generate_sample_data.py"
SIM-LGT-000-036,26.750000,75.730000,lit,2025-05-11,simulated,"ClearWay simulated sample data - NOT a real observation, generated by data/generate_sample_data.py"
SIM-LGT-000-037,26.750000,75.735000,partial,2026-01-14,simulated,"ClearWay simulated sample data - NOT a real observation, generated by data/generate_sample_data.py"
SIM-LGT-000-038,26.750000,75.740000,lit,2025-09-11,simulated,"ClearWay simulated sample data - NOT a real observation, generated by data/generate_sample_data.py"
SIM-LGT-000-039,26.750000,75.745000,partial,2025-08-17,simulated,"ClearWay simulated sample data - NOT a real observation, generated by data/generate_sample_data.py"
SIM-LGT-000-040,26.750000,75.750000,lit,2026-03-22,simulated,"ClearWay simulated sample data - NOT a real observation, generated by data/generate_sample_data.py"
SIM-LGT-000-041,26.750000,75.755000,lit,2025-11-13,simulated,"ClearWay simulated sample data - NOT a real observation, generated by data/generate_sample_data.py"
SIM-LGT-000-042,26.750000,75.760000,partial,2025-08-16,simulated,"ClearWay simulated sample data - NOT a real observation, generated by data/generate_sample_data.py"
SIM-LGT-000-043,26.750000,75.765000,lit,2026-08-31,simulated,"ClearWay simulated sample data - NOT a real observation, generated by data/generate_sample_data.py"
SIM-LGT-000-044,26.750000,75.770000,unlit,2025-08-29,simulated,"ClearWay simulated sample data - NOT a real observation, generated by data/generate_sample_data.py"
SIM-LGT-000-045,26.750000,75.775000,lit,2025-08-08,simulated,"ClearWay simulated sample data - NOT a real observation, generated by data/generate_sample_data.py"
SIM-LGT-000-046,26.750000,75.780000,lit,2025-11-17,simulated,"ClearWay simulated sample data - NOT a real observation, generated by data/generate_sample_data.py"
SIM-LGT-000-047,26.750000,75.785000,lit,2025-05-26,simulated,"ClearWay simulated sample data - NOT a real observation, generated by data/generate_sample_data.py"
SIM-LGT-000-048,26.750000,75.790000,unlit,2026-03-05,simulated,"ClearWay simulated sample data - NOT a real observation, generated by data/generate_sample_data.py"
SIM-LGT-000-049,26.750000,75.795000,partial,2026-09-04,simulated,"ClearWay simulated sample data - NOT a real observation, generated by data/generate_sample_data.py"
SIM-LGT-000-050,26.750000,75.800000,lit,2025-09-16,simulated,"ClearWay simulated sample data - NOT a real observation, generated by data/generate_sample_data.py"
SIM-LGT-000-051,26.750000,75.805000,lit,2025-11-24,simulated,"ClearWay simulated sample data - NOT a real observation, generated by data/generate_sample_data.py"
SIM-LGT-000-052,26.750000,75.810000,partial,2025-06-15,simulated,"ClearWay simulated sample data - NOT a real observation, generated by data/generate_sample_data.py"
SIM-LGT-000-053,26.750000,75.815000,lit,2026-08-04,simulated,"ClearWay simulated sample data - NOT a real observation, generated by data/generate_sample_data.py"
SIM-LGT-000-054,26.750000,75.820000,lit,2026-07-03,simulated,"ClearWay simulated sample data - NOT a real observation, generated by data/generate_sample_data.py"
SIM-LGT-000-055,26.750000,75.825000,unlit,2025-12-18,simulated,"ClearWay simulated sample data - NOT a real observation, generated by data/generate_sample_data.py"
SIM-LGT-000-056,26.750000,75.830000,lit,2025-08-10,simulated,"ClearWay simulated sample data - NOT a real observation, generated by data/generate_sample_data.py"
SIM-LGT-000-057,26.750000,75.835000,lit,2026-01-18,simulated,"ClearWay simulated sample data - NOT a real observation, generated by data/generate_sample_data.py"
SIM-LGT-000-058,26.750000,75.840000,lit,2025-07-16,simulated,"ClearWay simulated sample data - NOT a real observation, generated by data/generate_sample_data.py"
SIM-LGT-000-059,26.750000,75.845000,partial,2025-05-12,simulated,"ClearWay simulated sample data - NOT a real observation, generated by data/generate_sample_data.py"
SIM-LGT-000-060,26.750000,75.850000,lit,2026-04-30,simulated,"ClearWay simulated sample data - NOT a real observation, generated by data/generate_sample_data.py"
SIM-LGT-000-061,26.750000,75.855000,lit,2026-06-10,simulated,"ClearWay simulated sample data - NOT a real observation, generated by data/generate_sample_data.py"
SIM-LGT-000-062,26.750000,75.860000,lit,2025-06-02,simulated,"ClearWay simulated sample data - NOT a real observation, generated by data/generate_sample_data.py"
SIM-LGT-000-063,26.750000,75.865000,lit,2025-09-15,simulated,"ClearWay simulated sample data - NOT a real observation, generated by data/generate_sample_data.py"
SIM-LGT-000-064,26.750000,75.870000,lit,2025-06-10,simulated,"ClearWay simulated sample data - NOT a real observation, generated by data/generate_sample_data.py"
SIM-LGT-000-065,26.750000,75.875000,partial,2026-03-29,simulated,"ClearWay simulated sample data - NOT a real observation, generated by data/generate_sample_data.py"
SIM-LGT-000-066,26.750000,75.880000,lit,2025-07-28,simulated,"ClearWay simulated sample data - NOT a real observation, generated by data/generate_sample_data.py"
SIM-LGT-000-067,26.750000,75.885000,lit,2025-07-27,simulated,"ClearWay simulated sample data - NOT a real observation, generated by data/generate_sample_data.py"
SIM-LGT-000-068,26.750000,75.890000,unlit,2025-11-13,simulated,"ClearWay simulated sample data - NOT a real observation, generated by data/generate_sample_data.py"
SIM-LGT-000-069,26.750000,75.895000,partial,2026-08-20,simulated,"ClearWay simulated sample data - NOT a real observation, generated by data/generate_sample_data.py"
SIM-LGT-000-070,26.750000,75.900000,lit,2026-04-11,simulated,"ClearWay simulated sample data - NOT a real observation, generated by data/generate_sample_data.py"
SIM-LGT-001-000,26.755000,75.550000,unlit,2025-08-20,simulated,"ClearWay simulated sample data - NOT a real observation, generated by data/generate_sample_data.py"
SIM-LGT-001-001,26.755000,75.555000,lit,2026-07-04,simulated,"ClearWay simulated sample data - NOT a real observation, generated by data/generate_sample_data.py"
SIM-LGT-001-002,26.755000,75.560000,partial,2026-01-19,simulated,"ClearWay simulated sample data - NOT a real observation, generated by data/generate_sample_data.py"
SIM-LGT-001-003,26.755000,75.565000,unlit,2025-07-01,simulated,"ClearWay simulated sample data - NOT a real observation, generated by data/generate_sample_data.py"
SIM-LGT-001-004,26.755000,75.570000,lit,2025-06-12,simulated,"ClearWay simulated sample data - NOT a real observation, generated by data/generate_sample_data.py"
SIM-LGT-001-005,26.755000,75.575000,unlit,2026-08-19,simulated,"ClearWay simulated sample data - NOT a real observation, generated by data/generate_sample_data.py"
SIM-LGT-001-006,26.755000,75.580000,lit,2025-09-01,simulated,"ClearWay simulated sample data - NOT a real observation, generated by data/generate_sample_data.py"
SIM-LGT-001-007,26.755000,75.585000,partial,2025-08-07,simulated,"ClearWay simulated sample data - NOT a real observation, generated by data/generate_sample_data.py"
SIM-LGT-001-008,26.755000,75.590000,partial,2025-09-28,simulated,"ClearWay simulated sample data - NOT a real observation, generated by data/generate_sample_data.py"
SIM-LGT-001-009,26.755000,75.595000,unlit,2026-01-04,simulated,"ClearWay simulated sample data - NOT a real observation, generated by data/generate_sample_data.py"
SIM-LGT-001-010,26.755000,75.600000,lit,2026-05-10,simulated,"ClearWay simulated sample data - NOT a real observation, generated by data/generate_sample_data.py"
SIM-LGT-001-011,26.755000,75.605000,lit,2025-12-13,simulated,"ClearWay simulated sample data - NOT a real observation, generated by data/generate_sample_data.py"
SIM-LGT-001-012,26.755000,75.610000,partial,2025-11-24,simulated,"ClearWay simulated sample data - NOT a real observation, generated by data/generate_sample_data.py"
SIM-LGT-001-013,26.755000,75.615000,lit,2025-08-27,simulated,"ClearWay simulated sample data - NOT a real observation, generated by data/generate_sample_data.py"
SIM-LGT-001-014,26.755000,75.620000,partial,2025-12-23,simulated,"ClearWay simulated sample data - NOT a real observation, generated by data/generate_sample_data.py"
SIM-LGT-001-015,26.755000,75.625000,lit,2025-09-01,simulated,"ClearWay simulated sample data - NOT a real observation, generated by data/generate_sample_data.py"
SIM-LGT-001-016,26.755000,75.630000,lit,2025-11-11,simulated,"ClearWay simulated sample data - NOT a real observation, generated by data/generate_sample_data.py"
SIM-LGT-001-017,26.755000,75.635000,lit,2025-11-01,simulated,"ClearWay simulated sample data - NOT a real observation, generated by data/generate_sample_data.py"
SIM-LGT-001-018,26.755000,75.640000,lit,2026-07-23,simulated,"ClearWay simulated sample data - NOT a real observation, generated by data/generate_sample_data.py"
SIM-LGT-001-019,26.755000,75.645000,lit,2026-08-25,simulated,"ClearWay simulated sample data - NOT a real observation, generated by data/generate_sample_data.py"
SIM-LGT-001-020,26.755000,75.650000,partial,2025-11-04,simulated,"ClearWay simulated sample data - NOT a real observation, generated by data/generate_sample_data.py"
SIM-LGT-001-021,26.755000,75.655000,lit,2025-12-24,simulated,"ClearWay simulated sample data - NOT a real observation, generated by data/generate_sample_data.py"
SIM-LGT-001-022,26.755000,75.660000,partial,2026-07-14,simulated,"ClearWay simulated sample data - NOT a real observation, generated by data/generate_sample_data.py"
SIM-LGT-001-023,26.755000,75.665000,lit,2026-01-11,simulated,"ClearWay simulated sample data - NOT a real observation, generated by data/generate_sample_data.py"
SIM-LGT-001-024,26.755000,75.670000,lit,2025-11-19,simulated,"ClearWay simulated sample data - NOT a real observation, generated by data/generate_sample_data.py"
SIM-LGT-001-025,26.755000,75.675000,lit,2025-11-16,simulated,"ClearWay simulated sample data - NOT a real observation, generated by data/generate_sample_data.py"
SIM-LGT-001-026,26.755000,75.680000,lit,2025-05-30,simulated,"ClearWay simulated sample data - NOT a real observation, generated by data/generate_sample_data.py"
SIM-LGT-001-027,26.755000,75.685000,partial,2025-06-25,simulated,"ClearWay simulated sample data - NOT a real observation, generated by data/generate_sample_data.py"
SIM-LGT-001-028,26.755000,75.690000,partial,2026-03-21,simulated,"ClearWay simulated sample data - NOT a real observation, generated by data/generate_sample_data.py"
SIM-LGT-001-029,26.755000,75.695000,lit,2026-08-03,simulated,"ClearWay simulated sample data - NOT a real observation, generated by data/generate_sample_data.py"
SIM-LGT-001-030,26.755000,75.700000,lit,2025-11-19,simulated,"ClearWay simulated sample data - NOT a real observation, generated by data/generate_sample_data.py"
SIM-LGT-001-031,26.755000,75.705000,lit,2026-04-15,simulated,"ClearWay simulated sample data - NOT a real observation, generated by data/generate_sample_data.py"
SIM-LGT-001-032,26.755000,75.710000,partial,2026-01-18,simulated,"ClearWay simulated sample data - NOT a real observation, generated by data/generate_sample_data.py"
SIM-LGT-001-033,26.755000,75.715000,lit,2026-05-24,simulated,"ClearWay simulated sample data - NOT a real observation, generated by data/generate_sample_data.py"
SIM-LGT-001-034,26.755000,75.720000,lit,2026-08-26,simulated,"ClearWay simulated sample data - NOT a real observation, generated by data/generate_sample_data.py"
SIM-LGT-001-035,26.755000,75.725000,lit,2025-12-03,simulated,"ClearWay simulated sample data - NOT a real observation, generated by data/generate_sample_data.py"
SIM-LGT-001-036,26.755000,75.730000,lit,2025-07-29,simulated,"ClearWay simulated sample data - NOT a real observation, generated by data/generate_sample_data.py"
SIM-LGT-001-037,26.755000,75.735000,lit,2026-04-07,simulated,"ClearWay simulated sample data - NOT a real observation, generated by data/generate_sample_data.py"
SIM-LGT-001-038,26.755000,75.740000,lit,2026-05-07,simulated,"ClearWay simulated sample data - NOT a real observation, generated by data/generate_sample_data.py"
SIM-LGT-001-039,26.755000,75.745000,lit,2025-06-03,simulated,"ClearWay simulated sample data - NOT a real observation, generated by data/generate_sample_data.py"
SIM-LGT-001-040,26.755000,75.750000,lit,2025-09-14,simulated,"ClearWay simulated sample data - NOT a real observation, generated by data/generate_sample_data.py"
SIM-LGT-001-041,26.755000,75.755000,lit,2026-08-31,simulated,"ClearWay simulated sample data - NOT a real observation, generated by data/generate_sample_data.py"
SIM-LGT-001-042,26.755000,75.760000,lit,2025-08-05,simulated,"ClearWay simulated sample data - NOT a real observation, generated by data/generate_sample_data.py"
SIM-LGT-001-043,26.755000,75.765000,partial,2026-02-09,simulated,"ClearWay simulated sample data - NOT a real observation, generated by data/generate_sample_data.py"
SIM-LGT-001-044,26.755000,75.770000,lit,2025-11-24,simulated,"ClearWay simulated sample data - NOT a real observation, generated by data/generate_sample_data.py"
SIM-LGT-001-045,26.755000,75.775000,lit,2025-04-22,simulated,"ClearWay simulated sample data - NOT a real observation, generated by data/generate_sample_data.py"
SIM-LGT-001-046,26.755000,75.780000,unlit,2026-04-06,simulated,"ClearWay simulated sample data - NOT a real observation, generated by data/generate_sample_data.py"
SIM-LGT-001-047,26.755000,75.785000,lit,2026-07-10,simulated,"ClearWay simulated sample data - NOT a real observation, generated by data/generate_sample_data.py"
SIM-LGT-001-048,26.755000,75.790000,lit,2026-08-30,simulated,"ClearWay simulated sample data - NOT a real observation, generated by data/generate_sample_data.py"
SIM-LGT-001-049,26.755000,75.795000,partial,2026-08-10,simulated,"ClearWay simulated sample data - NOT a real observation, generated by data/generate_sample_data.py"
SIM-LGT-001-050,26.755000,75.800000,unlit,2025-10-03,simulated,"ClearWay simulated sample data - NOT a real observation, generated by data/generate_sample_data.py"
SIM-LGT-001-051,26.755000,75.805000,lit,2026-04-10,simulated,"ClearWay simulated sample data - NOT a real observation, generated by data/generate_sample_data.py"
SIM-LGT-001-052,26.755000,75.810000,lit,2025-07-08,simulated,"ClearWay simulated sample data - NOT a real observation, generated by data/generate_sample_data.py"
SIM-LGT-001-053,26.755000,75.815000,lit,2026-07-30,simulated,"ClearWay simulated sample data - NOT a real observation, generated by data/generate_sample_data.py"
SIM-LGT-001-054,26.755000,75.820000,partial,2025-06-02,simulated,"ClearWay simulated sample data - NOT a real observation, generated by data/generate_sample_data.py"
SIM-LGT-001-055,26.755000,75.825000,unlit,2026-07-22,simulated,"ClearWay simulated sample data - NOT a real observation, generated by data/generate_sample_data.py"
SIM-LGT-001-056,26.755000,75.830000,lit,2025-12-16,simulated,"ClearWay simulated sample data - NOT a real observation, generated by data/generate_sample_data.py"
SIM-LGT-001-057,26.755000,75.835000,partial,2026-02-25,simulated,"ClearWay simulated sample data - NOT a real observation, generated by data/generate_sample_data.py"
SIM-LGT-001-058,26.755000,75.840000,partial,2025-07-28,simulated,"ClearWay simulated sample data - NOT a real observation, generated by data/generate_sample_data.py"
SIM-LGT-001-059,26.755000,75.845000,lit,2025-11-03,simulated,"ClearWay simulated sample data - NOT a real observation, generated by data/generate_sample_data.py"
SIM-LGT-001-060,26.755000,75.850000,lit,2025-07-14,simulated,"ClearWay simulated sample data - NOT a real observation, generated by data/generate_sample_data.py"
SIM-LGT-001-061,26.755000,75.855000,lit,2025-12-10,simulated,"ClearWay simulated sample data - NOT a real observation, generated by data/generate_sample_data.py"
SIM-LGT-001-062,26.755000,75.860000,lit,2025-10-02,simulated,"ClearWay simulated sample data - NOT a real observation, generated by data/generate_sample_data.py"
SIM-LGT-001-063,26.755000,75.865000,lit,2025-09-14,simulated,"ClearWay simulated sample data - NOT a real observation, generated by data/generate_sample_data.py"
SIM-LGT-001-064,26.755000,75.870000,lit,2025-05-31,simulated,"ClearWay simulated sample data - NOT a real observation, generated by data/generate_sample_data.py"
SIM-LGT-001-065,26.755000,75.875000,lit,2026-07-06,simulated,"ClearWay simulated sample data - NOT a real observation, generated by data/generate_sample_data.py"
SIM-LGT-001-066,26.755000,75.880000,partial,2025-06-23,simulated,"ClearWay simulated sample data - NOT a real observation, generated by data/generate_sample_data.py"
SIM-LGT-001-067,26.755000,75.885000,unlit,2026-03-29,simulated,"ClearWay simulated sample data - NOT a real observation, generated by data/generate_sample_data.py"
SIM-LGT-001-068,26.755000,75.890000,lit,2026-06-07,simulated,"ClearWay simulated sample data - NOT a real observation, generated by data/generate_sample_data.py"
SIM-LGT-001-069,26.755000,75.895000,lit,2026-07-18,simulated,"ClearWay simulated sample data - NOT a real observation, generated by data/generate_sample_data.py"
SIM-LGT-001-070,26.755000,75.900000,lit,2026-02-12,simulated,"ClearWay simulated sample data - NOT a real observation, generated by data/generate_sample_data.py"
SIM-LGT-002-000,26.760000,75.550000,partial,2025-05-15,simulated,"ClearWay simulated sample data - NOT a real observation, generated by data/generate_sample_data.py"
SIM-LGT-002-001,26.760000,75.555000,lit,2025-07-26,simulated,"ClearWay simulated sample data - NOT a real observation, generated by data/generate_sample_data.py"
SIM-LGT-002-002,26.760000,75.560000,lit,2026-02-11,simulated,"ClearWay simulated sample data - NOT a real observation, generated by data/generate_sample_data.py"
SIM-LGT-002-003,26.760000,75.565000,lit,2025-10-22,simulated,"ClearWay simulated sample data - NOT a real observation, generated by data/generate_sample_data.py"
SIM-LGT-002-004,26.760000,75.570000,lit,2025-09-28,simulated,"ClearWay simulated sample data - NOT a real observation, generated by data/generate_sample_data.py"
SIM-LGT-002-005,26.760000,75.575000,lit,2025-07-12,simulated,"ClearWay simulated sample data - NOT a real observation, generated by data/generate_sample_data.py"
SIM-LGT-002-006,26.760000,75.580000,lit,2026-01-23,simulated,"ClearWay simulated sample data - NOT a real observation, generated by data/generate_sample_data.py"
SIM-LGT-002-007,26.760000,75.585000,unlit,2025-12-24,simulated,"ClearWay simulated sample data - NOT a real observation, generated by data/generate_sample_data.py"
SIM-LGT-002-008,26.760000,75.590000,lit,2025-11-22,simulated,"ClearWay simulated sample data - NOT a real observation, generated by data/generate_sample_data.py"
SIM-LGT-002-009,26.760000,75.595000,lit,2025-07-28,simulated,"ClearWay simulated sample data - NOT a real observation, generated by data/generate_sample_data.py"
SIM-LGT-002-010,26.760000,75.600000,partial,2025-06-05,simulated,"ClearWay simulated sample data - NOT a real observation, generated by data/generate_sample_data.py"
SIM-LGT-002-011,26.760000,75.605000,lit,2025-09-08,simulated,"ClearWay simulated sample data - NOT a real observation, generated by data/generate_sample_data.py"
SIM-LGT-002-012,26.760000,75.610000,lit,2025-08-30,simulated,"ClearWay simulated sample data - NOT a real observation, generated by data/generate_sample_data.py"
SIM-LGT-002-013,26.760000,75.615000,partial,2026-08-24,simulated,"ClearWay simulated sample data - NOT a real observation, generated by data/generate_sample_data.py"
SIM-LGT-002-014,26.760000,75.620000,lit,2026-04-19,simulated,"ClearWay simulated sample data - NOT a real observation, generated by data/generate_sample_data.py"
SIM-LGT-002-015,26.760000,75.625000,partial,2026-08-11,simulated,"ClearWay simulated sample data - NOT a real observation, generated by data/generate_sample_data.py"
SIM-LGT-002-016,26.760000,75.630000,lit,2026-08-01,simulated,"ClearWay simulated sample data - NOT a real observation, generated by data/generate_sample_data.py"
SIM-LGT-002-017,26.760000,75.635000,lit,2025-05-22,simulated,"ClearWay simulated sample data - NOT a real observation, generated by data/generate_sample_data.py"
SIM-LGT-002-018,26.760000,75.640000,unlit,2025-05-30,simulated,"ClearWay simulated sample data - NOT a real observation, generated by data/generate_sample_data.py"
SIM-LGT-002-019,26.760000,75.645000,lit,2026-05-31,simulated,"ClearWay simulated sample data - NOT a real observation, generated by data/generate_sample_data.py"
SIM-LGT-002-020,26.760000,75.650000,partial,2025-08-31,simulated,"ClearWay simulated sample data - NOT a real observation, generated by data/generate_sample_data.py"
SIM-LGT-002-021,26.760000,75.655000,lit,2026-01-28,simulated,"ClearWay simulated sample data - NOT a real observation, generated by data/generate_sample_data.py"
SIM-LGT-002-022,26.760000,75.660000,partial,2026-02-09,simulated,"ClearWay simulated sample data - NOT a real observation, generated by data/generate_sample_data.py"
SIM-LGT-002-023,26.760000,75.665000,lit,2025-10-09,simulated,"ClearWay simulated sample data - NOT a real observation, generated by data/generate_sample_data.py"
SIM-LGT-002-024,26.760000,75.670000,partial,2025-09-20,simulated,"ClearWay simulated sample data - NOT a real observation, generated by data/generate_sample_data.py"
SIM-LGT-002-025,26.760000,75.675000,lit,2026-05-08,simulated,"ClearWay simulated sample data - NOT a real observation, generated by data/generate_sample_data.py"
SIM-LGT-002-026,26.760000,75.680000,lit,2025-05-11,simulated,"ClearWay simulated sample data - NOT a real observation, generated by data/generate_sample_data.py"
SIM-LGT-002-027,26.760000,75.685000,lit,2026-06-21,simulated,"ClearWay simulated sample data - NOT a real observation, generated by data/generate_sample_data.py"
SIM-LGT-002-028,26.760000,75.690000,lit,2026-06-09,simulated,"ClearWay simulated sample data - NOT a real observation, generated by data/generate_sample_data.py"
SIM-LGT-002-029,26.760000,75.695000,unlit,2026-02-12,simulated,"ClearWay simulated sample data - NOT a real observation, generated by data/generate_sample_data.py"
SIM-LGT-002-030,26.760000,75.700000,lit,2025-04-30,simulated,"ClearWay simulated sample data - NOT a real observation, generated by data/generate_sample_data.py"
SIM-LGT-002-031,26.760000,75.705000,unlit,2026-05-18,simulated,"ClearWay simulated sample data - NOT a real observation, generated by data/generate_sample_data.py"
SIM-LGT-002-032,26.760000,75.710000,lit,2025-08-15,simulated,"ClearWay simulated sample data - NOT a real observation, generated by data/generate_sample_data.py"
SIM-LGT-002-033,26.760000,75.715000,lit,2026-03-10,simulated,"ClearWay simulated sample data - NOT a real observation, generated by data/generate_sample_data.py"
SIM-LGT-002-034,26.760000,75.720000,partial,2025-04-30,simulated,"ClearWay simulated sample data - NOT a real observation, generated by data/generate_sample_data.py"
SIM-LGT-002-035,26.760000,75.725000,lit,2026-03-18,simulated,"ClearWay simulated sample data - NOT a real observation, generated by data/generate_sample_data.py"
SIM-LGT-002-036,26.760000,75.730000,lit,2026-04-18,simulated,"ClearWay simulated sample data - NOT a real observation, generated by data/generate_sample_data.py"
SIM-LGT-002-037,26.760000,75.735000,lit,2026-07-21,simulated,"ClearWay simulated sample data - NOT a real observation, generated by data/generate_sample_data.py"
SIM-LGT-002-038,26.760000,75.740000,lit,2026-04-24,simulated,"ClearWay simulated sample data - NOT a real observation, generated by data/generate_sample_data.py"
SIM-LGT-002-039,26.760000,75.745000,lit,2026-09-01,simulated,"ClearWay simulated sample data - NOT a real observation, generated by data/generate_sample_data.py"
SIM-LGT-002-040,26.760000,75.750000,lit,2025-10-20,simulated,"ClearWay simulated sample data - NOT a real observation, generated by data/generate_sample_data.py"
SIM-LGT-002-041,26.760000,75.755000,partial,2026-04-08,simulated,"ClearWay simulated sample data - NOT a real observation, generated by data/generate_sample_data.py"
SIM-LGT-002-042,26.760000,75.760000,lit,2025-08-05,simulated,"ClearWay simulated sample data - NOT a real observation, generated by data/generate_sample_data.py"
SIM-LGT-002-043,26.760000,75.765000,partial,2026-06-02,simulated,"ClearWay simulated sample data - NOT a real observation, generated by data/generate_sample_data.py"
SIM-LGT-002-044,26.760000,75.770000,partial,2025-09-29,simulated,"ClearWay simulated sample data - NOT a real observation, generated by data/generate_sample_data.py"
SIM-LGT-002-045,26.760000,75.775000,partial,2026-06-06,simulated,"ClearWay simulated sample data - NOT a real observation, generated by data/generate_sample_data.py"
SIM-LGT-002-046,26.760000,75.780000,partial,2025-08-21,simulated,"ClearWay simulated sample data - NOT a real observation, generated by data/generate_sample_data.py"
SIM-LGT-002-047,26.760000,75.785000,lit,2025-04-30,simulated,"ClearWay simulated sample data - NOT a real observation, generated by data/generate_sample_data.py"
SIM-LGT-002-048,26.760000,75.790000,lit,2025-10-03,simulated,"ClearWay simulated sample data - NOT a real observation, generated by data/generate_sample_data.py"
SIM-LGT-002-049,26.760000,75.795000,lit,2025-05-05,simulated,"ClearWay simulated sample data - NOT a real observation, generated by data/generate_sample_data.py"
SIM-LGT-002-050,26.760000,75.800000,lit,2025-12-13,simulated,"ClearWay simulated sample data - NOT a real observation, generated by data/generate_sample_data.py"
SIM-LGT-002-051,26.760000,75.805000,lit,2026-07-01,simulated,"ClearWay simulated sample data - NOT a real observation, generated by data/generate_sample_data.py"
SIM-LGT-002-052,26.760000,75.810000,unlit,2025-10-23,simulated,"ClearWay simulated sample data - NOT a real observation, generated by data/generate_sample_data.py"
SIM-LGT-002-053,26.760000,75.815000,lit,2026-08-05,simulated,"ClearWay simulated sample data - NOT a real observation, generated by data/generate_sample_data.py"
SIM-LGT-002-054,26.760000,75.820000,unlit,2026-03-23,simulated,"ClearWay simulated sample data - NOT a real observation, generated by data/generate_sample_data.py"
SIM-LGT-002-055,26.760000,75.825000,lit,2025-11-20,simulated,"ClearWay simulated sample data - NOT a real observation, generated by data/generate_sample_data.py"
SIM-LGT-002-056,26.760000,75.830000,lit,2026-01-03,simulated,"ClearWay simulated sample data - NOT a real observation, generated by data/generate_sample_data.py"
SIM-LGT-002-057,26.760000,75.835000,lit,2026-05-25,simulated,"ClearWay simulated sample data - NOT a real observation, generated by data/generate_sample_data.py"
SIM-LGT-002-058,26.760000,75.840000,lit,2025-08-03,simulated,"ClearWay simulated sample data - NOT a real observation, generated by data/generate_sample_data.py"
SIM-LGT-002-059,26.760000,75.845000,lit,2025-04-18,simulated,"ClearWay simulated sample data - NOT a real observation, generated by data/generate_sample_data.py"
SIM-LGT-002-060,26.760000,75.850000,partial,2026-01-15,simulated,"ClearWay simulated sample data - NOT a real observation, generated by data/generate_sample_data.py"
SIM-LGT-002-061,26.760000,75.855000,lit,2026-04-24,simulated,"ClearWay simulated sample data - NOT a real observation, generated by data/generate_sample_data.py"
SIM-LGT-002-062,26.760000,75.860000,unlit,2026-05-22,simulated,"ClearWay simulated sample data - NOT a real observation, generated by data/generate_sample_data.py"
SIM-LGT-002-063,26.760000,75.865000,lit,2025-08-05,simulated,"ClearWay simulated sample data - NOT a real observation, generated by data/generate_sample_data.py"
SIM-LGT-002-064,26.760000,75.870000,unlit,2026-06-14,simulated,"ClearWay simulated sample data - NOT a real observation, generated by data/generate_sample_data.py"
SIM-LGT-002-065,26.760000,75.875000,lit,2026-05-29,simulated,"ClearWay simulated sample data - NOT a real observation, generated by data/generate_sample_data.py"
SIM-LGT-002-066,26.760000,75.880000,lit,2025-08-27,simulated,"ClearWay simulated sample data - NOT a real observation, generated by data/generate_sample_data.py"
SIM-LGT-002-067,26.760000,75.885000,unlit,2026-09-07,simulated,"ClearWay simulated sample data - NOT a real observation, generated by data/generate_sample_data.py"
SIM-LGT-002-068,26.760000,75.890000,partial,2025-06-16,simulated,"ClearWay simulated sample data - NOT a real observation, generated by data/generate_sample_data.py"
SIM-LGT-002-069,26.760000,75.895000,partial,2025-11-11,simulated,"ClearWay simulated sample data - NOT a real observation, generated by data/generate_sample_data.py"
SIM-LGT-002-070,26.760000,75.900000,lit,2025-07-05,simulated,"ClearWay simulated sample data - NOT a real observation, generated by data/generate_sample_data.py"
SIM-LGT-003-000,26.765000,75.550000,lit,2026-01-27,simulated,"ClearWay simulated sample data - NOT a real observation, generated by data/generate_sample_data.py"
SIM-LGT-003-001,26.765000,75.555000,partial,2025-08-23,simulated,"ClearWay simulated sample data - NOT a real observation, generated by data/generate_sample_data.py"
SIM-LGT-003-002,26.765000,75.560000,lit,2026-02-08,simulated,"ClearWay simulated sample data - NOT a real observation, generated by data/generate_sample_data.py"
SIM-LGT-003-003,26.765000,75.565000,lit,2025-06-22,simulated,"ClearWay simulated sample data - NOT a real observation, generated by data/generate_sample_data.py"
SIM-LGT-003-004,26.765000,75.570000,partial,2025-05-22,simulated,"ClearWay simulated sample data - NOT a real observation, generated by data/generate_sample_data.py"
SIM-LGT-003-005,26.765000,75.575000,lit,2025-11-05,simulated,"ClearWay simulated sample data - NOT a real observation, generated by data/generate_sample_data.py"
SIM-LGT-003-006,26.765000,75.580000,partial,2026-05-29,simulated,"ClearWay simulated sample data - NOT a real observation, generated by data/generate_sample_data.py"
SIM-LGT-003-007,26.765000,75.585000,lit,2026-03-12,simulated,"ClearWay simulated sample data - NOT a real observation, generated by data/generate_sample_data.py"
SIM-LGT-003-008,26.765000,75.590000,lit,2025-04-26,simulated,"ClearWay simulated sample data - NOT a real observation, generated by data/generate_sample_data.py"
SIM-LGT-003-009,26.765000,75.595000,lit,2026-03-14,simulated,"ClearWay simulated sample data - NOT a real observation, generated by data/generate_sample_data.py"
SIM-LGT-003-010,26.765000,75.600000,lit,2026-02-23,simulated,"ClearWay simulated sample data - NOT a real observation, generated by data/generate_sample_data.py"
SIM-LGT-003-011,26.765000,75.605000,unlit,2026-04-28,simulated,"ClearWay simulated sample data - NOT a real observation, generated by data/generate_sample_data.py"
SIM-LGT-003-012,26.765000,75.610000,lit,2025-07-01,simulated,"ClearWay simulated sample data - NOT a real observation, generated by data/generate_sample_data.py"
SIM-LGT-003-013,26.765000,75.615000,lit,2025-11-25,simulated,"ClearWay simulated sample data - NOT a real observation, generated by data/generate_sample_data.py"
SIM-LGT-003-014,26.765000,75.620000,lit,2025-07-29,simulated,"ClearWay simulated sample data - NOT a real observation, generated by data/generate_sample_data.py"
SIM-LGT-003-015,26.765000,75.625000,partial,2025-05-17,simulated,"ClearWay simulated sample data - NOT a real observation, generated by data/generate_sample_data.py"
SIM-LGT-003-016,26.765000,75.630000,partial,2026-08-31,simulated,"ClearWay simulated sample data - NOT a real observation, generated by data/generate_sample_data.py"
SIM-LGT-003-017,26.765000,75.635000,lit,2026-06-07,simulated,"ClearWay simulated sample data - NOT a real observation, generated by data/generate_sample_data.py"
SIM-LGT-003-018,26.765000,75.640000,partial,2026-05-17,simulated,"ClearWay simulated sample data - NOT a real observation, generated by data/generate_sample_data.py"
SIM-LGT-003-019,26.765000,75.645000,partial,2025-07-20,simulated,"ClearWay simulated sample data - NOT a real observation, generated by data/generate_sample_data.py"
SIM-LGT-003-020,26.765000,75.650000,partial,2025-12-07,simulated,"ClearWay simulated sample data - NOT a real observation, generated by data/generate_sample_data.py"
SIM-LGT-003-021,26.765000,75.655000,partial,2026-01-11,simulated,"ClearWay simulated sample data - NOT a real observation, generated by data/generate_sample_data.py"
SIM-LGT-003-022,26.765000,75.660000,lit,2026-08-03,simulated,"ClearWay simulated sample data - NOT a real observation, generated by data/generate_sample_data.py"
SIM-LGT-003-023,26.765000,75.665000,lit,2025-12-27,simulated,"ClearWay simulated sample data - NOT a real observation, generated by data/generate_sample_data.py"
SIM-LGT-003-024,26.765000,75.670000,unlit,2026-07-29,simulated,"ClearWay simulated sample data - NOT a real observation, generated by data/generate_sample_data.py"
SIM-LGT-003-025,26.765000,75.675000,partial,2025-10-01,simulated,"ClearWay simulated sample data - NOT a real observation, generated by data/generate_sample_data.py"
SIM-LGT-003-026,26.765000,75.680000,lit,2025-10-07,simulated,"ClearWay simulated sample data - NOT a real observation, generated by data/generate_sample_data.py"
SIM-LGT-003-027,26.765000,75.685000,partial,2026-08-29,simulated,"ClearWay simulated sample data - NOT a real observation, generated by data/generate_sample_data.py"
SIM-LGT-003-028,26.765000,75.690000,lit,2025-10-17,simulated,"ClearWay simulated sample data - NOT a real observation, generated by data/generate_sample_data.py"
SIM-LGT-003-029,26.765000,75.695000,lit,2025-04-23,simulated,"ClearWay simulated sample data - NOT a real observation, generated by data/generate_sample_data.py"
SIM-LGT-003-030,26.765000,75.700000,partial,2025-10-08,simulated,"ClearWay simulated sample data - NOT a real observation, generated by data/generate_sample_data.py"
SIM-LGT-003-031,26.765000,75.705000,partial,2025-08-29,simulated,"ClearWay simulated sample data - NOT a real observation, generated by data/generate_sample_data.py"
SIM-LGT-003-032,26.765000,75.710000,partial,2026-06-06,simulated,"ClearWay simulated sample data - NOT a real observation, generated by data/generate_sample_data.py"
SIM-LGT-003-033,26.765000,75.715000,lit,2026-04-23,simulated,"ClearWay simulated sample data - NOT a real observation, generated by data/generate_sample_data.py"
SIM-LGT-003-034,26.765000,75.720000,lit,2025-06-02,simulated,"ClearWay simulated sample data - NOT a real observation, generated by data/generate_sample_data.py"
SIM-LGT-003-035,26.765000,75.725000,lit,2026-06-30,simulated,"ClearWay simulated sample data - NOT a real observation, generated by data/generate_sample_data.py"
SIM-LGT-003-036,26.765000,75.730000,lit,2025-08-01,simulated,"ClearWay simulated sample data - NOT a real observation, generated by data/generate_sample_data.py"
SIM-LGT-003-037,26.765000,75.735000,unlit,2026-06-08,simulated,"ClearWay simulated sample data - NOT a real observation, generated by data/generate_sample_data.py"
SIM-LGT-003-038,26.765000,75.740000,lit,2025-11-23,simulated,"ClearWay simulated sample data - NOT a real observation, generated by data/generate_sample_data.py"
SIM-LGT-003-039,26.765000,75.745000,lit,2025-06-06,simulated,"ClearWay simulated sample data - NOT a real observation, generated by data/generate_sample_data.py"
SIM-LGT-003-040,26.765000,75.750000,lit,2026-02-07,simulated,"ClearWay simulated sample data - NOT a real observation, generated by data/generate_sample_data.py"
SIM-LGT-003-041,26.765000,75.755000,lit,2025-07-10,simulated,"ClearWay simulated sample data - NOT a real observation, generated by data/generate_sample_data.py"
SIM-LGT-003-042,26.765000,75.760000,lit,2025-10-18,simulated,"ClearWay simulated sample data - NOT a real observation, generated by data/generate_sample_data.py"
SIM-LGT-003-043,26.765000,75.765000,unlit,2026-08-16,simulated,"ClearWay simulated sample data - NOT a real observation, generated by data/generate_sample_data.py"
SIM-LGT-003-044,26.765000,75.770000,unlit,2025-07-07,simulated,"ClearWay simulated sample data - NOT a real observation, generated by data/generate_sample_data.py"
SIM-LGT-003-045,26.765000,75.775000,lit,2026-01-31,simulated,"ClearWay simulated sample data - NOT a real observation, generated by data/generate_sample_data.py"
SIM-LGT-003-046,26.765000,75.780000,lit,2025-11-18,simulated,"ClearWay simulated sample data - NOT a real observation, generated by data/generate_sample_data.py"
SIM-LGT-003-047,26.765000,75.785000,lit,2025-09-23,simulated,"ClearWay simulated sample data - NOT a real observation, generated by data/generate_sample_data.py"
SIM-LGT-003-048,26.765000,75.790000,unlit,2025-10-27,simulated,"ClearWay simulated sample data - NOT a real observation, generated by data/generate_sample_data.py"
SIM-LGT-003-049,26.765000,75.795000,lit,2026-08-25,simulated,"ClearWay simulated sample data - NOT a real observation, generated by data/generate_sample_data.py"
SIM-LGT-003-050,26.765000,75.800000,partial,2026-07-28,simulated,"ClearWay simulated sample data - NOT a real observation, generated by data/generate_sample_data.py"
SIM-LGT-003-051,26.765000,75.805000,lit,2025-11-29,simulated,"ClearWay simulated sample data - NOT a real observation, generated by data/generate_sample_data.py"
SIM-LGT-003-052,26.765000,75.810000,unlit,2025-06-02,simulated,"ClearWay simulated sample data - NOT a real observation, generated by data/generate_sample_data.py"
SIM-LGT-003-053,26.765000,75.815000,lit,2026-05-29,simulated,"ClearWay simulated sample data - NOT a real observation, generated by data/generate_sample_data.py"
SIM-LGT-003-054,26.765000,75.820000,lit,2025-06-04,simulated,"ClearWay simulated sample data - NOT a real observation, generated by data/generate_sample_data.py"
SIM-LGT-003-055,26.765000,75.825000,partial,2026-01-12,simulated,"ClearWay simulated sample data - NOT a real observation, generated by data/generate_sample_data.py"
SIM-LGT-003-056,26.765000,75.830000,lit,2025-04-28,simulated,"ClearWay simulated sample data - NOT a real observation, generated by data/generate_sample_data.py"
SIM-LGT-003-057,26.765000,75.835000,lit,2025-06-16,simulated,"ClearWay simulated sample data - NOT a real observation, generated by data/generate_sample_data.py"
SIM-LGT-003-058,26.765000,75.840000,lit,2026-02-06,simulated,"ClearWay simulated sample data - NOT a real observation, generated by data/generate_sample_data.py"
SIM-LGT-003-059,26.765000,75.845000,lit,2026-02-03,simulated,"ClearWay simulated sample data - NOT a real observation, generated by data/generate_sample_data.py"
SIM-LGT-003-060,26.765000,75.850000,partial,2025-10-20,simulated,"ClearWay simulated sample data - NOT a real observation, generated by data/generate_sample_data.py"
SIM-LGT-003-061,26.765000,75.855000,lit,2025-07-25,simulated,"ClearWay simulated sample data - NOT a real observation, generated by data/generate_sample_data.py"
SIM-LGT-003-062,26.765000,75.860000,partial,2025-07-01,simulated,"ClearWay simulated sample data - NOT a real observation, generated by data/generate_sample_data.py"
SIM-LGT-003-063,26.765000,75.865000,partial,2026-03-06,simulated,"ClearWay simulated sample data - NOT a real observation, generated by data/generate_sample_data.py"
SIM-LGT-003-064,26.765000,75.870000,unlit,2026-07-16,simulated,"ClearWay simulated sample data - NOT a real observation, generated by data/generate_sample_data.py"
SIM-LGT-003-065,26.765000,75.875000,partial,2025-09-29,simulated,"ClearWay simulated sample data - NOT a real observation, generated by data/generate_sample_data.py"
SIM-LGT-003-066,26.765000,75.880000,unlit,2026-04-20,simulated,"ClearWay simulated sample data - NOT a real observation, generated by data/generate_sample_data.py"
SIM-LGT-003-067,26.765000,75.885000,lit,2026-04-27,simulated,"ClearWay simulated sample data - NOT a real observation, generated by data/generate_sample_data.py"
SIM-LGT-003-068,26.765000,75.890000,lit,2026-02-21,simulated,"ClearWay simulated sample data - NOT a real observation, generated by data/generate_sample_data.py"
SIM-LGT-003-069,26.765000,75.895000,lit,2026-05-29,simulated,"ClearWay simulated sample data - NOT a real observation, generated by data/generate_sample_data.py"
SIM-LGT-003-070,26.765000,75.900000,unlit,2026-04-06,simulated,"ClearWay simulated sample data - NOT a real observation, generated by data/generate_sample_data.py"
SIM-LGT-004-000,26.770000,75.550000,unlit,2026-04-04,simulated,"ClearWay simulated sample data - NOT a real observation, generated by data/generate_sample_data.py"
SIM-LGT-004-001,26.770000,75.555000,lit,2026-04-30,simulated,"ClearWay simulated sample data - NOT a real observation, generated by data/generate_sample_data.py"
SIM-LGT-004-002,26.770000,75.560000,lit,2025-07-25,simulated,"ClearWay simulated sample data - NOT a real observation, generated by data/generate_sample_data.py"
SIM-LGT-004-003,26.770000,75.565000,partial,2025-08-07,simulated,"ClearWay simulated sample data - NOT a real observation, generated by data/generate_sample_data.py"
SIM-LGT-004-004,26.770000,75.570000,lit,2025-06-18,simulated,"ClearWay simulated sample data - NOT a real observation, generated by data/generate_sample_data.py"
SIM-LGT-004-005,26.770000,75.575000,lit,2025-11-01,simulated,"ClearWay simulated sample data - NOT a real observation, generated by data/generate_sample_data.py"
SIM-LGT-004-006,26.770000,75.580000,lit,2025-11-21,simulated,"ClearWay simulated sample data - NOT a real observation, generated by data/generate_sample_data.py"
SIM-LGT-004-007,26.770000,75.585000,lit,2026-03-05,simulated,"ClearWay simulated sample data - NOT a real observation, generated by data/generate_sample_data.py"
SIM-LGT-004-008,26.770000,75.590000,partial,2026-03-11,simulated,"ClearWay simulated sample data - NOT a real observation, generated by data/generate_sample_data.py"
SIM-LGT-004-009,26.770000,75.595000,lit,2025-06-19,simulated,"ClearWay simulated sample data - NOT a real observation, generated by data/generate_sample_data.py"
SIM-LGT-004-010,26.770000,75.600000,partial,2026-03-21,simulated,"ClearWay simulated sample data - NOT a real observation, generated by data/generate_sample_data.py"
SIM-LGT-004-011,26.770000,75.605000,lit,2025-07-19,simulated,"ClearWay simulated sample data - NOT a real observation, generated by data/generate_sample_data.py"
SIM-LGT-004-012,26.770000,75.610000,lit,2026-08-12,simulated,"ClearWay simulated sample data - NOT a real observation, generated by data/generate_sample_data.py"
SIM-LGT-004-013,26.770000,75.615000,lit,2026-07-04,simulated,"ClearWay simulated sample data - NOT a real observation, generated by data/generate_sample_data.py"
SIM-LGT-004-014,26.770000,75.620000,unlit,2025-10-03,simulated,"ClearWay simulated sample data - NOT a real observation, generated by data/generate_sample_data.py"
SIM-LGT-004-015,26.770000,75.625000,lit,2026-01-25,simulated,"ClearWay simulated sample data - NOT a real observation, generated by data/generate_sample_data.py"
SIM-LGT-004-016,26.770000,75.630000,lit,2025-06-05,simulated,"ClearWay simulated sample data - NOT a real observation, generated by data/generate_sample_data.py"
SIM-LGT-004-017,26.770000,75.635000,lit,2026-05-15,simulated,"ClearWay simulated sample data - NOT a real observation, generated by data/generate_sample_data.py"
SIM-LGT-004-018,26.770000,75.640000,partial,2025-11-07,simulated,"ClearWay simulated sample data - NOT a real observation, generated by data/generate_sample_data.py"
SIM-LGT-004-019,26.770000,75.645000,partial,2025-07-19,simulated,"ClearWay simulated sample data - NOT a real observation, generated by data/generate_sample_data.py"
SIM-LGT-004-020,26.770000,75.650000,lit,2026-04-04,simulated,"ClearWay simulated sample data - NOT a real observation, generated by data/generate_sample_data.py"
SIM-LGT-004-021,26.770000,75.655000,partial,2026-02-20,simulated,"ClearWay simulated sample data - NOT a real observation, generated by data/generate_sample_data.py"
SIM-LGT-004-022,26.770000,75.660000,partial,2026-05-09,simulated,"ClearWay simulated sample data - NOT a real observation, generated by data/generate_sample_data.py"
SIM-LGT-004-023,26.770000,75.665000,lit,2025-12-31,simulated,"ClearWay simulated sample data - NOT a real observation, generated by data/generate_sample_data.py"
SIM-LGT-004-024,26.770000,75.670000,lit,2026-04-05,simulated,"ClearWay simulated sample data - NOT a real observation, generated by data/generate_sample_data.py"
SIM-LGT-004-025,26.770000,75.675000,lit,2025-05-03,simulated,"ClearWay simulated sample data - NOT a real observation, generated by data/generate_sample_data.py"
SIM-LGT-004-026,26.770000,75.680000,partial,2025-11-20,simulated,"ClearWay simulated sample data - NOT a real observation, generated by data/generate_sample_data.py"
SIM-LGT-004-027,26.770000,75.685000,partial,2026-08-21,simulated,"ClearWay simulated sample data - NOT a real observation, generated by data/generate_sample_data.py"
SIM-LGT-004-028,26.770000,75.690000,lit,2026-08-14,simulated,"ClearWay simulated sample data - NOT a real observation, generated by data/generate_sample_data.py"
SIM-LGT-004-029,26.770000,75.695000,partial,2026-07-13,simulated,"ClearWay simulated sample data - NOT a real observation, generated by data/generate_sample_data.py"
SIM-LGT-004-030,26.770000,75.700000,lit,2026-03-24,simulated,"ClearWay simulated sample data - NOT a real observation, generated by data/generate_sample_data.py"
SIM-LGT-004-031,26.770000,75.705000,partial,2025-07-31,simulated,"ClearWay simulated sample data - NOT a real observation, generated by data/generate_sample_data.py"
SIM-LGT-004-032,26.770000,75.710000,unlit,2026-04-20,simulated,"ClearWay simulated sample data - NOT a real observation, generated by data/generate_sample_data.py"
SIM-LGT-004-033,26.770000,75.715000,lit,2025-12-30,simulated,"ClearWay simulated sample data - NOT a real observation, generated by data/generate_sample_data.py"
SIM-LGT-004-034,26.770000,75.720000,lit,2025-12-10,simulated,"ClearWay simulated sample data - NOT a real observation, generated by data/generate_sample_data.py"
SIM-LGT-004-035,26.770000,75.725000,lit,2026-06-21,simulated,"ClearWay simulated sample data - NOT a real observation, generated by data/generate_sample_data.py"
SIM-LGT-004-036,26.770000,75.730000,lit,2025-05-05,simulated,"ClearWay simulated sample data - NOT a real observation, generated by data/generate_sample_data.py"
SIM-LGT-004-037,26.770000,75.735000,unlit,2026-07-05,simulated,"ClearWay simulated sample data - NOT a real observation, generated by data/generate_sample_data.py"
SIM-LGT-004-038,26.770000,75.740000,lit,2025-06-29,simulated,"ClearWay simulated sample data - NOT a real observation, generated by data/generate_sample_data.py"
SIM-LGT-004-039,26.770000,75.745000,lit,2025-11-14,simulated,"ClearWay simulated sample data - NOT a real observation, generated by data/generate_sample_data.py"
SIM-LGT-004-040,26.770000,75.750000,lit,2025-08-15,simulated,"ClearWay simulated sample data - NOT a real observation, generated by data/generate_sample_data.py"
SIM-LGT-004-041,26.770000,75.755000,lit,2026-03-04,simulated,"ClearWay simulated sample data - NOT a real observation, generated by data/generate_sample_data.py"
SIM-LGT-004-042,26.770000,75.760000,lit,2025-08-30,simulated,"ClearWay simulated sample data - NOT a real observation, generated by data/generate_sample_data.py"
SIM-LGT-004-043,26.770000,75.765000,lit,2025-12-03,simulated,"ClearWay simulated sample data - NOT a real observation, generated by data/generate_sample_data.py"
SIM-LGT-004-044,26.770000,75.770000,partial,2025-09-11,simulated,"ClearWay simulated sample data - NOT a real observation, generated by data/generate_sample_data.py"
SIM-LGT-004-045,26.770000,75.775000,unlit,2025-07-18,simulated,"ClearWay simulated sample data - NOT a real observation, generated by data/generate_sample_data.py"
SIM-LGT-004-046,26.770000,75.780000,lit,2026-01-04,simulated,"ClearWay simulated sample data - NOT a real observation, generated by data/generate_sample_data.py"
SIM-LGT-004-047,26.770000,75.785000,lit,2025-10-30,simulated,"ClearWay simulated sample data - NOT a real observation, generated by data/generate_sample_data.py"
SIM-LGT-004-048,26.770000,75.790000,lit,2025-12-04,simulated,"ClearWay simulated sample data - NOT a real observation, generated by data/generate_sample_data.py"
SIM-LGT-004-049,26.770000,75.795000,lit,2026-02-03,simulated,"ClearWay simulated sample data - NOT a real observation, generated by data/generate_sample_data.py"
SIM-LGT-004-050,26.770000,75.800000,partial,2025-07-03,simulated,"ClearWay simulated sample data - NOT a real observation, generated by data/generate_sample_data.py"
SIM-LGT-004-051,26.770000,75.805000,lit,2025-08-03,simulated,"ClearWay simulated sample data - NOT a real observation, generated by data/generate_sample_data.py"
SIM-LGT-004-052,26.770000,75.810000,unlit,2025-05-19,simulated,"ClearWay simulated sample data - NOT a real observation, generated by data/generate_sample_data.py"
SIM-LGT-004-053,26.770000,75.815000,lit,2025-09-23,simulated,"ClearWay simulated sample data - NOT a real observation, generated by data/generate_sample_data.py"
SIM-LGT-004-054,26.770000,75.820000,lit,2026-04-13,simulated,"ClearWay simulated sample data - NOT a real observation, generated by data/generate_sample_data.py"
SIM-LGT-004-055,26.770000,75.825000,lit,2026-08-08,simulated,"ClearWay simulated sample data - NOT a real observation, generated by data/generate_sample_data.py"
SIM-LGT-004-056,26.770000,75.830000,lit,2026-04-29,simulated,"ClearWay simulated sample data - NOT a real observation, generated by data/generate_sample_data.py"
SIM-LGT-004-057,26.770000,75.835000,partial,2025-12-07,simulated,"ClearWay simulated sample data - NOT a real observation, generated by data/generate_sample_data.py"
SIM-LGT-004-058,26.770000,75.840000,partial,2026-03-18,simulated,"ClearWay simulated sample data - NOT a real observation, generated by data/generate_sample_data.py"
SIM-LGT-004-059,26.770000,75.845000,lit,2025-05-27,simulated,"ClearWay simulated sample data - NOT a real observation, generated by data/generate_sample_data.py"
SIM-LGT-004-060,26.770000,75.850000,partial,2026-01-13,simulated,"ClearWay simulated sample data - NOT a real observation, generated by data/generate_sample_data.py"
SIM-LGT-004-061,26.770000,75.855000,partial,2026-07-04,simulated,"ClearWay simulated sample data - NOT a real observation, generated by data/generate_sample_data.py"
SIM-LGT-004-062,26.770000,75.860000,partial,2025-10-19,simulated,"ClearWay simulated sample data - NOT a real observation, generated by data/generate_sample_data.py"
SIM-LGT-004-063,26.770000,75.865000,lit,2025-09-03,simulated,"ClearWay simulated sample data - NOT a real observation, generated by data/generate_sample_data.py"
SIM-LGT-004-064,26.770000,75.870000,partial,2025-06-19,simulated,"ClearWay simulated sample data - NOT a real observation, generated by data/generate_sample_data.py"
SIM-LGT-004-065,26.770000,75.875000,unlit,2025-09-22,simulated,"ClearWay simulated sample data - NOT a real observation, generated by data/generate_sample_data.py"
SIM-LGT-004-066,26.770000,75.880000,partial,2026-08-31,simulated,"ClearWay simulated sample data - NOT a real observation, generated by data/generate_sample_data.py"
SIM-LGT-004-067,26.770000,75.885000,lit,2025-07-12,simulated,"ClearWay simulated sample data - NOT a real observation, generated by data/generate_sample_data.py"
SIM-LGT-004-068,26.770000,75.890000,lit,2025-04-24,simulated,"ClearWay simulated sample data - NOT a real observation, generated by data/generate_sample_data.py"
SIM-LGT-004-069,26.770000,75.895000,lit,2025-05-04,simulated,"ClearWay simulated sample data - NOT a real observation, generated by data/generate_sample_data.py"
SIM-LGT-004-070,26.770000,75.900000,lit,2025-05-22,simulated,"ClearWay simulated sample data - NOT a real observation, generated by data/generate_sample_data.py"
SIM-LGT-005-000,26.775000,75.550000,unlit,2025-12-18,simulated,"ClearWay simulated sample data - NOT a real observation, generated by data/generate_sample_data.py"
SIM-LGT-005-001,26.775000,75.555000,partial,2026-05-17,simulated,"ClearWay simulated sample data - NOT a real observation, generated by data/generate_sample_data.py"
SIM-LGT-005-002,26.775000,75.560000,unlit,2025-06-25,simulated,"ClearWay simulated sample data - NOT a real observation, generated by data/generate_sample_data.py"
SIM-LGT-005-003,26.775000,75.565000,lit,2025-11-28,simulated,"ClearWay simulated sample data - NOT a real observation, generated by data/generate_sample_data.py"
SIM-LGT-005-004,26.775000,75.570000,partial,2025-05-18,simulated,"ClearWay simulated sample data - NOT a real observation, generated by data/generate_sample_data.py"
SIM-LGT-005-005,26.775000,75.575000,lit,2025-12-30,simulated,"ClearWay simulated sample data - NOT a real observation, generated by data/generate_sample_data.py"
SIM-LGT-005-006,26.775000,75.580000,partial,2026-07-29,simulated,"ClearWay simulated sample data - NOT a real observation, generated by data/generate_sample_data.py"
SIM-LGT-005-007,26.775000,75.585000,partial,2026-04-11,simulated,"ClearWay simulated sample data - NOT a real observation, generated by data/generate_sample_data.py"
SIM-LGT-005-008,26.775000,75.590000,unlit,2025-07-25,simulated,"ClearWay simulated sample data - NOT a real observation, generated by data/generate_sample_data.py"
SIM-LGT-005-009,26.775000,75.595000,partial,2025-05-28,simulated,"ClearWay simulated sample data - NOT a real observation, generated by data/generate_sample_data.py"
SIM-LGT-005-010,26.775000,75.600000,lit,2026-08-16,simulated,"ClearWay simulated sample data - NOT a real observation, generated by data/generate_sample_data.py"
SIM-LGT-005-011,26.775000,75.605000,partial,2026-03-22,simulated,"ClearWay simulated sample data - NOT a real observation, generated by data/generate_sample_data.py"
SIM-LGT-005-012,26.775000,75.610000,lit,2025-09-17,simulated,"ClearWay simulated sample data - NOT a real observation, generated by data/generate_sample_data.py"
SIM-LGT-005-013,26.775000,75.615000,lit,2025-06-14,simulated,"ClearWay simulated sample data - NOT a real observation, generated by data/generate_sample_data.py"
SIM-LGT-005-014,26.775000,75.620000,lit,2025-11-25,simulated,"ClearWay simulated sample data - NOT a real observation, generated by data/generate_sample_data.py"
SIM-LGT-005-015,26.775000,75.625000,lit,2025-12-11,simulated,"ClearWay simulated sample data - NOT a real observation, generated by data/generate_sample_data.py"
SIM-LGT-005-016,26.775000,75.630000,lit,2026-04-21,simulated,"ClearWay simulated sample data - NOT a real observation, generated by data/generate_sample_data.py"
SIM-LGT-005-017,26.775000,75.635000,lit,2025-07-03,simulated,"ClearWay simulated sample data - NOT a real observation, generated by data/generate_sample_data.py"
SIM-LGT-005-018,26.775000,75.640000,lit,2025-09-17,simulated,"ClearWay simulated sample data - NOT a real observation, generated by data/generate_sample_data.py"
SIM-LGT-005-019,26.775000,75.645000,lit,2025-04-27,simulated,"ClearWay simulated sample data - NOT a real observation, generated by data/generate_sample_data.py"
SIM-LGT-005-020,26.775000,75.650000,partial,2026-08-23,simulated,"ClearWay simulated sample data - NOT a real observation, generated by data/generate_sample_data.py"
SIM-LGT-005-021,26.775000,75.655000,lit,2025-12-13,simulated,"ClearWay simulated sample data - NOT a real observation, generated by data/generate_sample_data.py"
SIM-LGT-005-022,26.775000,75.660000,lit,2025-05-12,simulated,"ClearWay simulated sample data - NOT a real observation, generated by data/generate_sample_data.py"
SIM-LGT-005-023,26.775000,75.665000,lit,2025-07-23,simulated,"ClearWay simulated sample data - NOT a real observation, generated by data/generate_sample_data.py"
SIM-LGT-005-024,26.775000,75.670000,lit,2026-01-12,simulated,"ClearWay simulated sample data - NOT a real observation, generated by data/generate_sample_data.py"
SIM-LGT-005-025,26.775000,75.675000,partial,2026-07-01,simulated,"ClearWay simulated sample data - NOT a real observation, generated by data/generate_sample_data.py"
SIM-LGT-005-026,26.775000,75.680000,lit,2025-08-16,simulated,"ClearWay simulated sample data - NOT a real observation, generated by data/generate_sample_data.py"
SIM-LGT-005-027,26.775000,75.685000,lit,2025-07-23,simulated,"ClearWay simulated sample data - NOT a real observation, generated by data/generate_sample_data.py"
SIM-LGT-005-028,26.775000,75.690000,unlit,2026-04-15,simulated,"ClearWay simulated sample data - NOT a real observation, generated by data/generate_sample_data.py"
SIM-LGT-005-029,26.775000,75.695000,lit,2026-08-06,simulated,"ClearWay simulated sample data - NOT a real observation, generated by data/generate_sample_data.py"
SIM-LGT-005-030,26.775000,75.700000,unlit,2026-06-27,simulated,"ClearWay simulated sample data - NOT a real observation, generated by data/generate_sample_data.py"
SIM-LGT-005-031,26.775000,75.705000,lit,2025-05-05,simulated,"ClearWay simulated sample data - NOT a real observation, generated by data/generate_sample_data.py"
SIM-LGT-005-032,26.775000,75.710000,lit,2026-07-09,simulated,"ClearWay simulated sample data - NOT a real observation, generated by data/generate_sample_data.py"
SIM-LGT-005-033,26.775000,75.715000,lit,2025-12-02,simulated,"ClearWay simulated sample data - NOT a real observation, generated by data/generate_sample_data.py"
SIM-LGT-005-034,26.775000,75.720000,lit,2025-11-27,simulated,"ClearWay simulated sample data - NOT a real observation, generated by data/generate_sample_data.py"
SIM-LGT-005-035,26.775000,75.725000,lit,2025-11-02,simulated,"ClearWay simulated sample data - NOT a real observation, generated by data/generate_sample_data.py"
SIM-LGT-005-036,26.775000,75.730000,lit,2026-05-02,simulated,"ClearWay simulated sample data - NOT a real observation, generated by data/generate_sample_data.py"
SIM-LGT-005-037,26.775000,75.735000,lit,2026-02-18,simulated,"ClearWay simulated sample data - NOT a real observation, generated by data/generate_sample_data.py"
SIM-LGT-005-038,26.775000,75.740000,lit,2025-10-10,simulated,"ClearWay simulated sample data - NOT a real observation, generated by data/generate_sample_data.py"
SIM-LGT-005-039,26.775000,75.745000,lit,2026-07-19,simulated,"ClearWay simulated sample data - NOT a real observation, generated by data/generate_sample_data.py"
SIM-LGT-005-040,26.775000,75.750000,partial,2026-05-13,simulated,"ClearWay simulated sample data - NOT a real observation, generated by data/generate_sample_data.py"
SIM-LGT-005-041,26.775000,75.755000,lit,2025-09-23,simulated,"ClearWay simulated sample data - NOT a real observation, generated by data/generate_sample_data.py"
SIM-LGT-005-042,26.775000,75.760000,lit,2026-01-29,simulated,"ClearWay simulated sample data - NOT a real observation, generated by data/generate_sample_data.py"
SIM-LGT-005-043,26.775000,75.765000,lit,2026-09-04,simulated,"ClearWay simulated sample data - NOT a real observation, generated by data/generate_sample_data.py"
SIM-LGT-005-044,26.775000,75.770000,lit,2025-05-31,simulated,"ClearWay simulated sample data - NOT a real observation, generated by data/generate_sample_data.py"
SIM-LGT-005-045,26.775000,75.775000,unlit,2026-04-29,simulated,"ClearWay simulated sample data - NOT a real observation, generated by data/generate_sample_data.py"
SIM-LGT-005-046,26.775000,75.780000,lit,2026-08-13,simulated,"ClearWay simulated sample data - NOT a real observation, generated by data/generate_sample_data.py"
SIM-LGT-005-047,26.775000,75.785000,partial,2026-01-23,simulated,"ClearWay simulated sample data - NOT a real observation, generated by data/generate_sample_data.py"
SIM-LGT-005-048,26.775000,75.790000,partial,2026-01-04,simulated,"ClearWay simulated sample data - NOT a real observation, generated by data/generate_sample_data.py"
SIM-LGT-005-049,26.775000,75.795000,lit,2026-09-10,simulated,"ClearWay simulated sample data - NOT a real observation, generated by data/generate_sample_data.py"
SIM-LGT-005-050,26.775000,75.800000,partial,2026-04-09,simulated,"ClearWay simulated sample data - NOT a real observation, generated by data/generate_sample_data.py"
SIM-LGT-005-051,26.775000,75.805000,partial,2025-07-16,simulated,"ClearWay simulated sample data - NOT a real observation, generated by data/generate_sample_data.py"
SIM-LGT-005-052,26.775000,75.810000,lit,2026-01-11,simulated,"ClearWay simulated sample data - NOT a real observation, generated by data/generate_sample_data.py"
SIM-LGT-005-053,26.775000,75.815000,partial,2025-12-11,simulated,"ClearWay simulated sample data - NOT a real observation, generated by data/generate_sample_data.py"
SIM-LGT-005-054,26.775000,75.820000,lit,2025-04-27,simulated,"ClearWay simulated sample data - NOT a real observation, generated by data/generate_sample_data.py"
SIM-LGT-005-055,26.775000,75.825000,partial,2025-08-04,simulated,"ClearWay simulated sample data - NOT a real observation, generated by data/generate_sample_data.py"
SIM-LGT-005-056,26.775000,75.830000,lit,2025-08-19,simulated,"ClearWay simulated sample data - NOT a real observation, generated by data/generate_sample_data.py"
SIM-LGT-005-057,26.775000,75.835000,unlit,2026-02-05,simulated,"ClearWay simulated sample data - NOT a real observation, generated by data/generate_sample_data.py"
SIM-LGT-005-058,26.775000,75.840000,lit,2026-07-13,simulated,"ClearWay simulated sample data - NOT a real observation, generated by data/generate_sample_data.py"
SIM-LGT-005-059,26.775000,75.845000,lit,2026-04-06,simulated,"ClearWay simulated sample data - NOT a real observation, generated by data/generate_sample_data.py"
SIM-LGT-005-060,26.775000,75.850000,lit,2026-04-11,simulated,"ClearWay simulated sample data - NOT a real observation, generated by data/generate_sample_data.py"
SIM-LGT-005-061,26.775000,75.855000,unlit,2026-08-16,simulated,"ClearWay simulated sample data - NOT a real observation, generated by data/generate_sample_data.py"
SIM-LGT-005-062,26.775000,75.860000,lit,2026-03-06,simulated,"ClearWay simulated sample data - NOT a real observation, generated by data/generate_sample_data.py"
SIM-LGT-005-063,26.775000,75.865000,lit,2025-09-19,simulated,"ClearWay simulated sample data - NOT a real observation, generated by data/generate_sample_data.py"
SIM-LGT-005-064,26.775000,75.870000,partial,2025-05-02,simulated,"ClearWay simulated sample data - NOT a real observation, generated by data/generate_sample_data.py"
SIM-LGT-005-065,26.775000,75.875000,partial,2026-02-10,simulated,"ClearWay simulated sample data - NOT a real observation, generated by data/generate_sample_data.py"
SIM-LGT-005-066,26.775000,75.880000,lit,2025-04-24,simulated,"ClearWay simulated sample data - NOT a real observation, generated by data/generate_sample_data.py"
SIM-LGT-005-067,26.775000,75.885000,lit,2025-06-17,simulated,"ClearWay simulated sample data - NOT a real observation, generated by data/generate_sample_data.py"
SIM-LGT-005-068,26.775000,75.890000,lit,2025-09-13,simulated,"ClearWay simulated sample data - NOT a real observation, generated by data/generate_sample_data.py"
SIM-LGT-005-069,26.775000,75.895000,lit,2025-11-13,simulated,"ClearWay simulated sample data - NOT a real observation, generated by data/generate_sample_data.py"
SIM-LGT-005-070,26.775000,75.900000,lit,2025-09-23,simulated,"ClearWay simulated sample data - NOT a real observation, generated by data/generate_sample_data.py"
SIM-LGT-006-000,26.780000,75.550000,lit,2026-04-28,simulated,"ClearWay simulated sample data - NOT a real observation, generated by data/generate_sample_data.py"
SIM-LGT-006-001,26.780000,75.555000,lit,2026-04-25,simulated,"ClearWay simulated sample data - NOT a real observation, generated by data/generate_sample_data.py"
SIM-LGT-006-002,26.780000,75.560000,lit,2025-06-20,simulated,"ClearWay simulated sample data - NOT a real observation, generated by data/generate_sample_data.py"
SIM-LGT-006-003,26.780000,75.565000,partial,2026-03-26,simulated,"ClearWay simulated sample data - NOT a real observation, generated by data/generate_sample_data.py"
SIM-LGT-006-004,26.780000,75.570000,partial,2026-08-11,simulated,"ClearWay simulated sample data - NOT a real observation, generated by data/generate_sample_data.py"
SIM-LGT-006-005,26.780000,75.575000,unlit,2026-09-02,simulated,"ClearWay simulated sample data - NOT a real observation, generated by data/generate_sample_data.py"
SIM-LGT-006-006,26.780000,75.580000,lit,2025-11-06,simulated,"ClearWay simulated sample data - NOT a real observation, generated by data/generate_sample_data.py"
SIM-LGT-006-007,26.780000,75.585000,unlit,2026-02-13,simulated,"ClearWay simulated sample data - NOT a real observation, generated by data/generate_sample_data.py"
SIM-LGT-006-008,26.780000,75.590000,lit,2025-07-06,simulated,"ClearWay simulated sample data - NOT a real observation, generated by data/generate_sample_data.py"
SIM-LGT-006-009,26.780000,75.595000,lit,2026-05-30,simulated,"ClearWay simulated sample data - NOT a real observation, generated by data/generate_sample_data.py"
SIM-LGT-006-010,26.780000,75.600000,lit,2026-07-30,simulated,"ClearWay simulated sample data - NOT a real observation, generated by data/generate_sample_data.py"
SIM-LGT-006-011,26.780000,75.605000,unlit,2025-08-27,simulated,"ClearWay simulated sample data - NOT a real observation, generated by data/generate_sample_data.py"
SIM-LGT-006-012,26.780000,75.610000,lit,2025-11-17,simulated,"ClearWay simulated sample data - NOT a real observation, generated by data/generate_sample_data.py"
SIM-LGT-006-013,26.780000,75.615000,lit,2025-09-18,simulated,"ClearWay simulated sample data - NOT a real observation, generated by data/generate_sample_data.py"
SIM-LGT-006-014,26.780000,75.620000,unlit,2026-01-30,simulated,"ClearWay simulated sample data - NOT a real observation, generated by data/generate_sample_data.py"
SIM-LGT-006-015,26.780000,75.625000,lit,2026-07-24,simulated,"ClearWay simulated sample data - NOT a real observation, generated by data/generate_sample_data.py"
SIM-LGT-006-016,26.780000,75.630000,lit,2026-02-14,simulated,"ClearWay simulated sample data - NOT a real observation, generated by data/generate_sample_data.py"
SIM-LGT-006-017,26.780000,75.635000,lit,2026-04-01,simulated,"ClearWay simulated sample data - NOT a real observation, generated by data/generate_sample_data.py"
SIM-LGT-006-018,26.780000,75.640000,lit,2025-12-31,simulated,"ClearWay simulated sample data - NOT a real observation, generated by data/generate_sample_data.py"
SIM-LGT-006-019,26.780000,75.645000,unlit,2026-01-08,simulated,"ClearWay simulated sample data - NOT a real observation, generated by data/generate_sample_data.py"
SIM-LGT-006-020,26.780000,75.650000,lit,2025-05-23,simulated,"ClearWay simulated sample data - NOT a real observation, generated by data/generate_sample_data.py"
SIM-LGT-006-021,26.780000,75.655000,partial,2026-02-15,simulated,"ClearWay simulated sample data - NOT a real observation, generated by data/generate_sample_data.py"
SIM-LGT-006-022,26.780000,75.660000,unlit,2025-07-14,simulated,"ClearWay simulated sample data - NOT a real observation, generated by data/generate_sample_data.py"
SIM-LGT-006-023,26.780000,75.665000,lit,2025-05-23,simulated,"ClearWay simulated sample data - NOT a real observation, generated by data/generate_sample_data.py"
SIM-LGT-006-024,26.780000,75.670000,unlit,2025-11-07,simulated,"ClearWay simulated sample data - NOT a real observation, generated by data/generate_sample_data.py"
SIM-LGT-006-025,26.780000,75.675000,lit,2025-07-15,simulated,"ClearWay simulated sample data - NOT a real observation, generated by data/generate_sample_data.py"
SIM-LGT-006-026,26.780000,75.680000,lit,2026-03-15,simulated,"ClearWay simulated sample data - NOT a real observation, generated by data/generate_sample_data.py"
SIM-LGT-006-027,26.780000,75.685000,unlit,2026-08-30,simulated,"ClearWay simulated sample data - NOT a real observation, generated by data/generate_sample_data.py"
SIM-LGT-006-028,26.780000,75.690000,lit,2026-08-26,simulated,"ClearWay simulated sample data - NOT a real observation, generated by data/generate_sample_data.py"
SIM-LGT-006-029,26.780000,75.695000,lit,2025-09-30,simulated,"ClearWay simulated sample data - NOT a real observation, generated by data/generate_sample_data.py"
SIM-LGT-006-030,26.780000,75.700000,partial,2025-10-17,simulated,"ClearWay simulated sample data - NOT a real observation, generated by data/generate_sample_data.py"
SIM-LGT-006-031,26.780000,75.705000,lit,2026-05-10,simulated,"ClearWay simulated sample data - NOT a real observation, generated by data/generate_sample_data.py"
SIM-LGT-006-032,26.780000,75.710000,partial,2026-05-01,simulated,"ClearWay simulated sample data - NOT a real observation, generated by data/generate_sample_data.py"
SIM-LGT-006-033,26.780000,75.715000,lit,2025-09-23,simulated,"ClearWay simulated sample data - NOT a real observation, generated by data/generate_sample_data.py"
SIM-LGT-006-034,26.780000,75.720000,lit,2025-11-10,simulated,"ClearWay simulated sample data - NOT a real observation, generated by data/generate_sample_data.py"
SIM-LGT-006-035,26.780000,75.725000,unlit,2026-08-01,simulated,"ClearWay simulated sample data - NOT a real observation, generated by data/generate_sample_data.py"
SIM-LGT-006-036,26.780000,75.730000,lit,2025-10-05,simulated,"ClearWay simulated sample data - NOT a real observation, generated by data/generate_sample_data.py"
SIM-LGT-006-037,26.780000,75.735000,lit,2026-06-03,simulated,"ClearWay simulated sample data - NOT a real observation, generated by data/generate_sample_data.py"
SIM-LGT-006-038,26.780000,75.740000,lit,2026-07-04,simulated,"ClearWay simulated sample data - NOT a real observation, generated by data/generate_sample_data.py"
SIM-LGT-006-039,26.780000,75.745000,lit,2026-08-12,simulated,"ClearWay simulated sample data - NOT a real observation, generated by data/generate_sample_data.py"
SIM-LGT-006-040,26.780000,75.750000,lit,2026-07-17,simulated,"ClearWay simulated sample data - NOT a real observation, generated by data/generate_sample_data.py"
SIM-LGT-006-041,26.780000,75.755000,lit,2025-12-13,simulated,"ClearWay simulated sample data - NOT a real observation, generated by data/generate_sample_data.py"
SIM-LGT-006-042,26.780000,75.760000,unlit,2025-11-20,simulated,"ClearWay simulated sample data - NOT a real observation, generated by data/generate_sample_data.py"
SIM-LGT-006-043,26.780000,75.765000,lit,2025-12-20,simulated,"ClearWay simulated sample data - NOT a real observation, generated by data/generate_sample_data.py"
SIM-LGT-006-044,26.780000,75.770000,lit,2025-06-25,simulated,"ClearWay simulated sample data - NOT a real observation, generated by data/generate_sample_data.py"
SIM-LGT-006-045,26.780000,75.775000,lit,2026-04-09,simulated,"ClearWay simulated sample data - NOT a real observation, generated by data/generate_sample_data.py"
SIM-LGT-006-046,26.780000,75.780000,lit,2025-09-04,simulated,"ClearWay simulated sample data - NOT a real observation, generated by data/generate_sample_data.py"
SIM-LGT-006-047,26.780000,75.785000,partial,2026-08-18,simulated,"ClearWay simulated sample data - NOT a real observation, generated by data/generate_sample_data.py"
SIM-LGT-006-048,26.780000,75.790000,unlit,2025-12-31,simulated,"ClearWay simulated sample data - NOT a real observation, generated by data/generate_sample_data.py"
SIM-LGT-006-049,26.780000,75.795000,partial,2025-08-22,simulated,"ClearWay simulated sample data - NOT a real observation, generated by data/generate_sample_data.py"
SIM-LGT-006-050,26.780000,75.800000,lit,2025-12-12,simulated,"ClearWay simulated sample data - NOT a real observation, generated by data/generate_sample_data.py"
SIM-LGT-006-051,26.780000,75.805000,lit,2025-10-28,simulated,"ClearWay simulated sample data - NOT a real observation, generated by data/generate_sample_data.py"
SIM-LGT-006-052,26.780000,75.810000,lit,2026-01-31,simulated,"ClearWay simulated sample data - NOT a real observation, generated by data/generate_sample_data.py"
SIM-LGT-006-053,26.780000,75.815000,lit,2026-01-01,simulated,"ClearWay simulated sample data - NOT a real observation, generated by data/generate_sample_data.py"
SIM-LGT-006-054,26.780000,75.820000,unlit,2026-08-19,simulated,"ClearWay simulated sample data - NOT a real observation, generated by data/generate_sample_data.py"
SIM-LGT-006-055,26.780000,75.825000,unlit,2025-06-23,simulated,"ClearWay simulated sample data - NOT a real observation, generated by data/generate_sample_data.py"
SIM-LGT-006-056,26.780000,75.830000,unlit,2025-06-25,simulated,"ClearWay simulated sample data - NOT a real observation, generated by data/generate_sample_data.py"
SIM-LGT-006-057,26.780000,75.835000,unlit,2025-07-10,simulated,"ClearWay simulated sample data - NOT a real observation, generated by data/generate_sample_data.py"
SIM-LGT-006-058,26.780000,75.840000,partial,2026-09-02,simulated,"ClearWay simulated sample data - NOT a real observation, generated by data/generate_sample_data.py"
SIM-LGT-006-059,26.780000,75.845000,lit,2026-02-01,simulated,"ClearWay simulated sample data - NOT a real observation, generated by data/generate_sample_data.py"
SIM-LGT-006-060,26.780000,75.850000,lit,2025-11-17,simulated,"ClearWay simulated sample data - NOT a real observation, generated by data/generate_sample_data.py"
SIM-LGT-006-061,26.780000,75.855000,partial,2025-09-11,simulated,"ClearWay simulated sample data - NOT a real observation, generated by data/generate_sample_data.py"
SIM-LGT-006-062,26.780000,75.860000,unlit,2026-07-13,simulated,"ClearWay simulated sample data - NOT a real observation, generated by data/generate_sample_data.py"
SIM-LGT-006-063,26.780000,75.865000,lit,2026-06-10,simulated,"ClearWay simulated sample data - NOT a real observation, generated by data/generate_sample_data.py"
SIM-LGT-006-064,26.780000,75.870000,partial,2025-11-28,simulated,"ClearWay simulated sample data - NOT a real observation, generated by data/generate_sample_data.py"
SIM-LGT-006-065,26.780000,75.875000,unlit,2026-06-19,simulated,"ClearWay simulated sample data - NOT a real observation, generated by data/generate_sample_data.py"
SIM-LGT-006-066,26.780000,75.880000,unlit,2025-05-23,simulated,"ClearWay simulated sample data - NOT a real observation, generated by data/generate_sample_data.py"
SIM-LGT-006-067,26.780000,75.885000,lit,2025-05-18,simulated,"ClearWay simulated sample data - NOT a real observation, generated by data/generate_sample_data.py"
SIM-LGT-006-068,26.780000,75.890000,lit,2026-01-31,simulated,"ClearWay simulated sample data - NOT a real observation, generated by data/generate_sample_data.py"
SIM-LGT-006-069,26.780000,75.895000,unlit,2025-10-05,simulated,"ClearWay simulated sample data - NOT a real observation, generated by data/generate_sample_data.py"
SIM-LGT-006-070,26.780000,75.900000,partial,2025-06-23,simulated,"ClearWay simulated sample data - NOT a real observation, generated by data/generate_sample_data.py"
SIM-LGT-007-000,26.785000,75.550000,unlit,2026-02-23,simulated,"ClearWay simulated sample data - NOT a real observation, generated by data/generate_sample_data.py"
SIM-LGT-007-001,26.785000,75.555000,partial,2025-06-01,simulated,"ClearWay simulated sample data - NOT a real observation, generated by data/generate_sample_data.py"
SIM-LGT-007-002,26.785000,75.560000,partial,2026-06-08,simulated,"ClearWay simulated sample data - NOT a real observation, generated by data/generate_sample_data.py"
SIM-LGT-007-003,26.785000,75.565000,lit,2026-02-22,simulated,"ClearWay simulated sample data - NOT a real observation, generated by data/generate_sample_data.py"
SIM-LGT-007-004,26.785000,75.570000,lit,2026-09-10,simulated,"ClearWay simulated sample data - NOT a real observation, generated by data/generate_sample_data.py"
SIM-LGT-007-005,26.785000,75.575000,lit,2026-02-19,simulated,"ClearWay simulated sample data - NOT a real observation, generated by data/generate_sample_data.py"
SIM-LGT-007-006,26.785000,75.580000,lit,2026-02-07,simulated,"ClearWay simulated sample data - NOT a real observation, generated by data/generate_sample_data.py"
SIM-LGT-007-007,26.785000,75.585000,lit,2025-06-13,simulated,"ClearWay simulated sample data - NOT a real observation, generated by data/generate_sample_data.py"
SIM-LGT-007-008,26.785000,75.590000,partial,2026-03-15,simulated,"ClearWay simulated sample data - NOT a real observation, generated by data/generate_sample_data.py"
SIM-LGT-007-009,26.785000,75.595000,unlit,2025-05-16,simulated,"ClearWay simulated sample data - NOT a real observation, generated by data/generate_sample_data.py"
SIM-LGT-007-010,26.785000,75.600000,partial,2025-09-22,simulated,"ClearWay simulated sample data - NOT a real observation, generated by data/generate_sample_data.py"
SIM-LGT-007-011,26.785000,75.605000,lit,2026-05-12,simulated,"ClearWay simulated sample data - NOT a real observation, generated by data/generate_sample_data.py"
SIM-LGT-007-012,26.785000,75.610000,unlit,2025-11-04,simulated,"ClearWay simulated sample data - NOT a real observation, generated by data/generate_sample_data.py"
SIM-LGT-007-013,26.785000,75.615000,partial,2026-07-29,simulated,"ClearWay simulated sample data - NOT a real observation, generated by data/generate_sample_data.py"
SIM-LGT-007-014,26.785000,75.620000,partial,2026-04-28,simulated,"ClearWay simulated sample data - NOT a real observation, generated by data/generate_sample_data.py"
SIM-LGT-007-015,26.785000,75.625000,lit,2025-11-19,simulated,"ClearWay simulated sample data - NOT a real observation, generated by data/generate_sample_data.py"
SIM-LGT-007-016,26.785000,75.630000,partial,2026-08-18,simulated,"ClearWay simulated sample data - NOT a real observation, generated by data/generate_sample_data.py"
SIM-LGT-007-017,26.785000,75.635000,lit,2026-04-22,simulated,"ClearWay simulated sample data - NOT a real observation, generated by data/generate_sample_data.py"
SIM-LGT-007-018,26.785000,75.640000,lit,2026-07-08,simulated,"ClearWay simulated sample data - NOT a real observation, generated by data/generate_sample_data.py"
SIM-LGT-007-019,26.785000,75.645000,lit,2026-04-09,simulated,"ClearWay simulated sample data - NOT a real observation, generated by data/generate_sample_data.py"
SIM-LGT-007-020,26.785000,75.650000,lit,2026-02-25,simulated,"ClearWay simulated sample data - NOT a real observation, generated by data/generate_sample_data.py"
SIM-LGT-007-021,26.785000,75.655000,lit,2025-05-12,simulated,"ClearWay simulated sample data - NOT a real observation, generated by data/generate_sample_data.py"
SIM-LGT-007-022,26.785000,75.660000,lit,2025-07-10,simulated,"ClearWay simulated sample data - NOT a real observation, generated by data/generate_sample_data.py"
SIM-LGT-007-023,26.785000,75.665000,unlit,2025-12-04,simulated,"ClearWay simulated sample data - NOT a real observation, generated by data/generate_sample_data.py"
SIM-LGT-007-024,26.785000,75.670000,lit,2026-06-23,simulated,"ClearWay simulated sample data - NOT a real observation, generated by data/generate_sample_data.py"
SIM-LGT-007-025,26.785000,75.675000,lit,2025-10-30,simulated,"ClearWay simulated sample data - NOT a real observation, generated by data/generate_sample_data.py"
SIM-LGT-007-026,26.785000,75.680000,lit,2026-01-25,simulated,"ClearWay simulated sample data - NOT a real observation, generated by data/generate_sample_data.py"
SIM-LGT-007-027,26.785000,75.685000,lit,2026-02-06,simulated,"ClearWay simulated sample data - NOT a real observation, generated by data/generate_sample_data.py"
SIM-LGT-007-028,26.785000,75.690000,unlit,2026-06-05,simulated,"ClearWay simulated sample data - NOT a real observation, generated by data/generate_sample_data.py"
SIM-LGT-007-029,26.785000,75.695000,partial,2026-07-25,simulated,"ClearWay simulated sample data - NOT a real observation, generated by data/generate_sample_data.py"
SIM-LGT-007-030,26.785000,75.700000,lit,2025-05-03,simulated,"ClearWay simulated sample data - NOT a real observation, generated by data/generate_sample_data.py"
SIM-LGT-007-031,26.785000,75.705000,lit,2026-09-09,simulated,"ClearWay simulated sample data - NOT a real observation, generated by data/generate_sample_data.py"
SIM-LGT-007-032,26.785000,75.710000,lit,2026-05-06,simulated,"ClearWay simulated sample data - NOT a real observation, generated by data/generate_sample_data.py"
SIM-LGT-007-033,26.785000,75.715000,lit,2025-07-05,simulated,"ClearWay simulated sample data - NOT a real observation, generated by data/generate_sample_data.py"
SIM-LGT-007-034,26.785000,75.720000,partial,2025-04-27,simulated,"ClearWay simulated sample data - NOT a real observation, generated by data/generate_sample_data.py"
SIM-LGT-007-035,26.785000,75.725000,lit,2026-02-21,simulated,"ClearWay simulated sample data - NOT a real observation, generated by data/generate_sample_data.py"
SIM-LGT-007-036,26.785000,75.730000,partial,2025-06-30,simulated,"ClearWay simulated sample data - NOT a real observation, generated by data/generate_sample_data.py"
SIM-LGT-007-037,26.785000,75.735000,lit,2025-12-27,simulated,"ClearWay simulated sample data - NOT a real observation, generated by data/generate_sample_data.py"
SIM-LGT-007-038,26.785000,75.740000,partial,2025-05-02,simulated,"ClearWay simulated sample data - NOT a real observation, generated by data/generate_sample_data.py"
SIM-LGT-007-039,26.785000,75.745000,partial,2025-10-27,simulated,"ClearWay simulated sample data - NOT a real observation, generated by data/generate_sample_data.py"
SIM-LGT-007-040,26.785000,75.750000,lit,2025-08-21,simulated,"ClearWay simulated sample data - NOT a real observation, generated by data/generate_sample_data.py"
SIM-LGT-007-041,26.785000,75.755000,partial,2025-09-26,simulated,"ClearWay simulated sample data - NOT a real observation, generated by data/generate_sample_data.py"
SIM-LGT-007-042,26.785000,75.760000,partial,2025-12-21,simulated,"ClearWay simulated sample data - NOT a real observation, generated by data/generate_sample_data.py"
SIM-LGT-007-043,26.785000,75.765000,lit,2025-07-29,simulated,"ClearWay simulated sample data - NOT a real observation, generated by data/generate_sample_data.py"
SIM-LGT-007-044,26.785000,75.770000,lit,2026-08-09,simulated,"ClearWay simulated sample data - NOT a real observation, generated by data/generate_sample_data.py"
SIM-LGT-007-045,26.785000,75.775000,lit,2025-07-06,simulated,"ClearWay simulated sample data - NOT a real observation, generated by data/generate_sample_data.py"
SIM-LGT-007-046,26.785000,75.780000,partial,2025-05-08,simulated,"ClearWay simulated sample data - NOT a real observation, generated by data/generate_sample_data.py"
SIM-LGT-007-047,26.785000,75.785000,lit,2026-01-21,simulated,"ClearWay simulated sample data - NOT a real observation, generated by data/generate_sample_data.py"
SIM-LGT-007-048,26.785000,75.790000,lit,2026-07-04,simulated,"ClearWay simulated sample data - NOT a real observation, generated by data/generate_sample_data.py"
SIM-LGT-007-049,26.785000,75.795000,lit,2025-05-31,simulated,"ClearWay simulated sample data - NOT a real observation, generated by data/generate_sample_data.py"
SIM-LGT-007-050,26.785000,75.800000,unlit,2025-04-26,simulated,"ClearWay simulated sample data - NOT a real observation, generated by data/generate_sample_data.py"
SIM-LGT-007-051,26.785000,75.805000,lit,2026-04-29,simulated,"ClearWay simulated sample data - NOT a real observation, generated by data/generate_sample_data.py"
SIM-LGT-007-052,26.785000,75.810000,lit,2025-10-26,simulated,"ClearWay simulated sample data - NOT a real observation, generated by data/generate_sample_data.py"
SIM-LGT-007-053,26.785000,75.815000,partial,2025-11-11,simulated,"ClearWay simulated sample data - NOT a real observation, generated by data/generate_sample_data.py"
SIM-LGT-007-054,26.785000,75.820000,lit,2026-01-31,simulated,"ClearWay simulated sample data - NOT a real observation, generated by data/generate_sample_data.py"
SIM-LGT-007-055,26.785000,75.825000,partial,2026-03-01,simulated,"ClearWay simulated sample data - NOT a real observation, generated by data/generate_sample_data.py"
SIM-LGT-007-056,26.785000,75.830000,unlit,2026-03-10,simulated,"ClearWay simulated sample data - NOT a real observation, generated by data/generate_sample_data.py"
SIM-LGT-007-057,26.785000,75.835000,lit,2026-03-27,simulated,"ClearWay simulated sample data - NOT a real observation, generated by data/generate_sample_data.py"
SIM-LGT-007-058,26.785000,75.840000,lit,2026-02-03,simulated,"ClearWay simulated sample data - NOT a real observation, generated by data/generate_sample_data.py"
SIM-LGT-007-059,26.785000,75.845000,partial,2025-07-04,simulated,"ClearWay simulated sample data - NOT a real observation, generated by data/generate_sample_data.py"
SIM-LGT-007-060,26.785000,75.850000,unlit,2025-09-02,simulated,"ClearWay simulated sample data - NOT a real observation, generated by data/generate_sample_data.py"
SIM-LGT-007-061,26.785000,75.855000,unlit,2025-05-16,simulated,"ClearWay simulated sample data - NOT a real observation, generated by data/generate_sample_data.py"
SIM-LGT-007-062,26.785000,75.860000,lit,2025-07-10,simulated,"ClearWay simulated sample data - NOT a real observation, generated by data/generate_sample_data.py"
SIM-LGT-007-063,26.785000,75.865000,unlit,2026-04-07,simulated,"ClearWay simulated sample data - NOT a real observation, generated by data/generate_sample_data.py"
SIM-LGT-007-064,26.785000,75.870000,lit,2025-12-23,simulated,"ClearWay simulated sample data - NOT a real observation, generated by data/generate_sample_data.py"
SIM-LGT-007-065,26.785000,75.875000,lit,2026-02-27,simulated,"ClearWay simulated sample data - NOT a real observation, generated by data/generate_sample_data.py"
SIM-LGT-007-066,26.785000,75.880000,lit,2026-04-24,simulated,"ClearWay simulated sample data - NOT a real observation, generated by data/generate_sample_data.py"
SIM-LGT-007-067,26.785000,75.885000,unlit,2026-08-01,simulated,"ClearWay simulated sample data - NOT a real observation, generated by data/generate_sample_data.py"
SIM-LGT-007-068,26.785000,75.890000,lit,2025-06-29,simulated,"ClearWay simulated sample data - NOT a real observation, generated by data/generate_sample_data.py"
SIM-LGT-007-069,26.785000,75.895000,unlit,2026-04-21,simulated,"ClearWay simulated sample data - NOT a real observation, generated by data/generate_sample_data.py"
SIM-LGT-007-070,26.785000,75.900000,lit,2025-10-18,simulated,"ClearWay simulated sample data - NOT a real observation, generated by data/generate_sample_data.py"
SIM-LGT-008-000,26.790000,75.550000,lit,2026-03-04,simulated,"ClearWay simulated sample data - NOT a real observation, generated by data/generate_sample_data.py"
SIM-LGT-008-001,26.790000,75.555000,lit,2026-08-01,simulated,"ClearWay simulated sample data - NOT a real observation, generated by data/generate_sample_data.py"
SIM-LGT-008-002,26.790000,75.560000,partial,2025-11-06,simulated,"ClearWay simulated sample data - NOT a real observation, generated by data/generate_sample_data.py"
SIM-LGT-008-003,26.790000,75.565000,lit,2025-07-12,simulated,"ClearWay simulated sample data - NOT a real observation, generated by data/generate_sample_data.py"
SIM-LGT-008-004,26.790000,75.570000,unlit,2025-04-20,simulated,"ClearWay simulated sample data - NOT a real observation, generated by data/generate_sample_data.py"
SIM-LGT-008-005,26.790000,75.575000,lit,2025-11-26,simulated,"ClearWay simulated sample data - NOT a real observation, generated by data/generate_sample_data.py"
SIM-LGT-008-006,26.790000,75.580000,lit,2026-07-06,simulated,"ClearWay simulated sample data - NOT a real observation, generated by data/generate_sample_data.py"
SIM-LGT-008-007,26.790000,75.585000,partial,2026-09-01,simulated,"ClearWay simulated sample data - NOT a real observation, generated by data/generate_sample_data.py"
SIM-LGT-008-008,26.790000,75.590000,partial,2025-06-28,simulated,"ClearWay simulated sample data - NOT a real observation, generated by data/generate_sample_data.py"
SIM-LGT-008-009,26.790000,75.595000,lit,2025-07-23,simulated,"ClearWay simulated sample data - NOT a real observation, generated by data/generate_sample_data.py"
SIM-LGT-008-010,26.790000,75.600000,partial,2026-05-14,simulated,"ClearWay simulated sample data - NOT a real observation, generated by data/generate_sample_data.py"
SIM-LGT-008-011,26.790000,75.605000,lit,2025-10-29,simulated,"ClearWay simulated sample data - NOT a real observation, generated by data/generate_sample_data.py"
SIM-LGT-008-012,26.790000,75.610000,unlit,2026-02-13,simulated,"ClearWay simulated sample data - NOT a real observation, generated by data/generate_sample_data.py"
SIM-LGT-008-013,26.790000,75.615000,lit,2026-09-04,simulated,"ClearWay simulated sample data - NOT a real observation, generated by data/generate_sample_data.py"
SIM-LGT-008-014,26.790000,75.620000,lit,2026-03-04,simulated,"ClearWay simulated sample data - NOT a real observation, generated by data/generate_sample_data.py"
SIM-LGT-008-015,26.790000,75.625000,lit,2026-02-12,simulated,"ClearWay simulated sample data - NOT a real observation, generated by data/generate_sample_data.py"
SIM-LGT-008-016,26.790000,75.630000,partial,2025-12-26,simulated,"ClearWay simulated sample data - NOT a real observation, generated by data/generate_sample_data.py"
SIM-LGT-008-017,26.790000,75.635000,partial,2025-11-03,simulated,"ClearWay simulated sample data - NOT a real observation, generated by data/generate_sample_data.py"
SIM-LGT-008-018,26.790000,75.640000,partial,2026-08-07,simulated,"ClearWay simulated sample data - NOT a real observation, generated by data/generate_sample_data.py"
SIM-LGT-008-019,26.790000,75.645000,unlit,2026-04-17,simulated,"ClearWay simulated sample data - NOT a real observation, generated by data/generate_sample_data.py"
SIM-LGT-008-020,26.790000,75.650000,lit,2026-03-13,simulated,"ClearWay simulated sample data - NOT a real observation, generated by data/generate_sample_data.py"
SIM-LGT-008-021,26.790000,75.655000,lit,2026-05-14,simulated,"ClearWay simulated sample data - NOT a real observation, generated by data/generate_sample_data.py"
SIM-LGT-008-022,26.790000,75.660000,partial,2026-04-05,simulated,"ClearWay simulated sample data - NOT a real observation, generated by data/generate_sample_data.py"
SIM-LGT-008-023,26.790000,75.665000,lit,2025-08-25,simulated,"ClearWay simulated sample data - NOT a real observation, generated by data/generate_sample_data.py"
SIM-LGT-008-024,26.790000,75.670000,lit,2025-05-30,simulated,"ClearWay simulated sample data - NOT a real observation, generated by data/generate_sample_data.py"
SIM-LGT-008-025,26.790000,75.675000,lit,2025-08-25,simulated,"ClearWay simulated sample data - NOT a real observation, generated by data/generate_sample_data.py"
SIM-LGT-008-026,26.790000,75.680000,partial,2025-05-26,simulated,"ClearWay simulated sample data - NOT a real observation, generated by data/generate_sample_data.py"
SIM-LGT-008-027,26.790000,75.685000,lit,2026-04-01,simulated,"ClearWay simulated sample data - NOT a real observation, generated by data/generate_sample_data.py"
SIM-LGT-008-028,26.790000,75.690000,lit,2025-05-24,simulated,"ClearWay simulated sample data - NOT a real observation, generated by data/generate_sample_data.py"
SIM-LGT-008-029,26.790000,75.695000,lit,2026-01-10,simulated,"ClearWay simulated sample data - NOT a real observation, generated by data/generate_sample_data.py"
SIM-LGT-008-030,26.790000,75.700000,lit,2026-02-14,simulated,"ClearWay simulated sample data - NOT a real observation, generated by data/generate_sample_data.py"
SIM-LGT-008-031,26.790000,75.705000,lit,2025-07-28,simulated,"ClearWay simulated sample data - NOT a real observation, generated by data/generate_sample_data.py"
SIM-LGT-008-032,26.790000,75.710000,partial,2025-11-30,simulated,"ClearWay simulated sample data - NOT a real observation, generated by data/generate_sample_data.py"
SIM-LGT-008-033,26.790000,75.715000,partial,2025-06-03,simulated,"ClearWay simulated sample data - NOT a real observation, generated by data/generate_sample_data.py"
SIM-LGT-008-034,26.790000,75.720000,lit,2025-11-02,simulated,"ClearWay simulated sample data - NOT a real observation, generated by data/generate_sample_data.py"
SIM-LGT-008-035,26.790000,75.725000,lit,2025-06-11,simulated,"ClearWay simulated sample data - NOT a real observation, generated by data/generate_sample_data.py"
SIM-LGT-008-036,26.790000,75.730000,lit,2025-09-11,simulated,"ClearWay simulated sample data - NOT a real observation, generated by data/generate_sample_data.py"
SIM-LGT-008-037,26.790000,75.735000,lit,2025-07-12,simulated,"ClearWay simulated sample data - NOT a real observation, generated by data/generate_sample_data.py"
SIM-LGT-008-038,26.790000,75.740000,unlit,2026-05-21,simulated,"ClearWay simulated sample data - NOT a real observation, generated by data/generate_sample_data.py"
SIM-LGT-008-039,26.790000,75.745000,lit,2025-05-30,simulated,"ClearWay simulated sample data - NOT a real observation, generated by data/generate_sample_data.py"
SIM-LGT-008-040,26.790000,75.750000,lit,2026-01-21,simulated,"ClearWay simulated sample data - NOT a real observation, generated by data/generate_sample_data.py"
SIM-LGT-008-041,26.790000,75.755000,lit,2026-08-24,simulated,"ClearWay simulated sample data - NOT a real observation, generated by data/generate_sample_data.py"
SIM-LGT-008-042,26.790000,75.760000,partial,2025-11-16,simulated,"ClearWay simulated sample data - NOT a real observation, generated by data/generate_sample_data.py"
SIM-LGT-008-043,26.790000,75.765000,unlit,2025-10-19,simulated,"ClearWay simulated sample data - NOT a real observation, generated by data/generate_sample_data.py"
SIM-LGT-008-044,26.790000,75.770000,partial,2025-05-06,simulated,"ClearWay simulated sample data - NOT a real observation, generated by data/generate_sample_data.py"
SIM-LGT-008-045,26.790000,75.775000,unlit,2025-10-14,simulated,"ClearWay simulated sample data - NOT a real observation, generated by data/generate_sample_data.py"
SIM-LGT-008-046,26.790000,75.780000,lit,2026-08-18,simulated,"ClearWay simulated sample data - NOT a real observation, generated by data/generate_sample_data.py"
SIM-LGT-008-047,26.790000,75.785000,lit,2026-07-06,simulated,"ClearWay simulated sample data - NOT a real observation, generated by data/generate_sample_data.py"
SIM-LGT-008-048,26.790000,75.790000,lit,2025-08-25,simulated,"ClearWay simulated sample data - NOT a real observation, generated by data/generate_sample_data.py"
SIM-LGT-008-049,26.790000,75.795000,unlit,2025-08-24,simulated,"ClearWay simulated sample data - NOT a real observation, generated by data/generate_sample_data.py"
SIM-LGT-008-050,26.790000,75.800000,lit,2025-10-02,simulated,"ClearWay simulated sample data - NOT a real observation, generated by data/generate_sample_data.py"
SIM-LGT-008-051,26.790000,75.805000,lit,2026-03-18,simulated,"ClearWay simulated sample data - NOT a real observation, generated by data/generate_sample_data.py"
SIM-LGT-008-052,26.790000,75.810000,unlit,2026-06-19,simulated,"ClearWay simulated sample data - NOT a real observation, generated by data/generate_sample_data.py"
SIM-LGT-008-053,26.790000,75.815000,unlit,2025-05-21,simulated,"ClearWay simulated sample data - NOT a real observation, generated by data/generate_sample_data.py"
SIM-LGT-008-054,26.790000,75.820000,lit,2025-09-12,simulated,"ClearWay simulated sample data - NOT a real observation, generated by data/generate_sample_data.py"
SIM-LGT-008-055,26.790000,75.825000,lit,2026-04-07,simulated,"ClearWay simulated sample data - NOT a real observation, generated by data/generate_sample_data.py"
SIM-LGT-008-056,26.790000,75.830000,lit,2025-08-13,simulated,"ClearWay simulated sample data - NOT a real observation, generated by data/generate_sample_data.py"
SIM-LGT-008-057,26.790000,75.835000,partial,2026-02-09,simulated,"ClearWay simulated sample data - NOT a real observation, generated by data/generate_sample_data.py"
SIM-LGT-008-058,26.790000,75.840000,lit,2025-07-05,simulated,"ClearWay simulated sample data - NOT a real observation, generated by data/generate_sample_data.py"
SIM-LGT-008-059,26.790000,75.845000,partial,2026-08-20,simulated,"ClearWay simulated sample data - NOT a real observation, generated by data/generate_sample_data.py"
SIM-LGT-008-060,26.790000,75.850000,partial,2026-04-28,simulated,"ClearWay simulated sample data - NOT a real observation, generated by data/generate_sample_data.py"
SIM-LGT-008-061,26.790000,75.855000,lit,2026-04-28,simulated,"ClearWay simulated sample data - NOT a real observation, generated by data/generate_sample_data.py"
SIM-LGT-008-062,26.790000,75.860000,lit,2026-06-01,simulated,"ClearWay simulated sample data - NOT a real observation, generated by data/generate_sample_data.py"
SIM-LGT-008-063,26.790000,75.865000,lit,2025-08-17,simulated,"ClearWay simulated sample data - NOT a real observation, generated by data/generate_sample_data.py"
SIM-LGT-008-064,26.790000,75.870000,lit,2025-04-21,simulated,"ClearWay simulated sample data - NOT a real observation, generated by data/generate_sample_data.py"
SIM-LGT-008-065,26.790000,75.875000,partial,2026-03-25,simulated,"ClearWay simulated sample data - NOT a real observation, generated by data/generate_sample_data.py"
SIM-LGT-008-066,26.790000,75.880000,partial,2025-09-12,simulated,"ClearWay simulated sample data - NOT a real observation, generated by data/generate_sample_data.py"
SIM-LGT-008-067,26.790000,75.885000,partial,2026-06-06,simulated,"ClearWay simulated sample data - NOT a real observation, generated by data/generate_sample_data.py"
SIM-LGT-008-068,26.790000,75.890000,lit,2026-06-13,simulated,"ClearWay simulated sample data - NOT a real observation, generated by data/generate_sample_data.py"
SIM-LGT-008-069,26.790000,75.895000,partial,2025-08-20,simulated,"ClearWay simulated sample data - NOT a real observation, generated by data/generate_sample_data.py"
SIM-LGT-008-070,26.790000,75.900000,partial,2025-07-15,simulated,"ClearWay simulated sample data - NOT a real observation, generated by data/generate_sample_data.py"
SIM-LGT-009-000,26.795000,75.550000,partial,2025-07-22,simulated,"ClearWay simulated sample data - NOT a real observation, generated by data/generate_sample_data.py"
SIM-LGT-009-001,26.795000,75.555000,partial,2025-09-15,simulated,"ClearWay simulated sample data - NOT a real observation, generated by data/generate_sample_data.py"
SIM-LGT-009-002,26.795000,75.560000,unlit,2026-09-06,simulated,"ClearWay simulated sample data - NOT a real observation, generated by data/generate_sample_data.py"
SIM-LGT-009-003,26.795000,75.565000,lit,2026-09-09,simulated,"ClearWay simulated sample data - NOT a real observation, generated by data/generate_sample_data.py"
SIM-LGT-009-004,26.795000,75.570000,unlit,2026-08-19,simulated,"ClearWay simulated sample data - NOT a real observation, generated by data/generate_sample_data.py"
SIM-LGT-009-005,26.795000,75.575000,lit,2026-07-07,simulated,"ClearWay simulated sample data - NOT a real observation, generated by data/generate_sample_data.py"
SIM-LGT-009-006,26.795000,75.580000,lit,2026-01-08,simulated,"ClearWay simulated sample data - NOT a real observation, generated by data/generate_sample_data.py"
SIM-LGT-009-007,26.795000,75.585000,partial,2025-10-12,simulated,"ClearWay simulated sample data - NOT a real observation, generated by data/generate_sample_data.py"
SIM-LGT-009-008,26.795000,75.590000,unlit,2026-01-06,simulated,"ClearWay simulated sample data - NOT a real observation, generated by data/generate_sample_data.py"
SIM-LGT-009-009,26.795000,75.595000,partial,2026-07-27,simulated,"ClearWay simulated sample data - NOT a real observation, generated by data/generate_sample_data.py"
SIM-LGT-009-010,26.795000,75.600000,lit,2026-08-01,simulated,"ClearWay simulated sample data - NOT a real observation, generated by data/generate_sample_data.py"
SIM-LGT-009-011,26.795000,75.605000,unlit,2026-08-02,simulated,"ClearWay simulated sample data - NOT a real observation, generated by data/generate_sample_data.py"
SIM-LGT-009-012,26.795000,75.610000,lit,2026-07-09,simulated,"ClearWay simulated sample data - NOT a real observation, generated by data/generate_sample_data.py"
SIM-LGT-009-013,26.795000,75.615000,unlit,2025-11-06,simulated,"ClearWay simulated sample data - NOT a real observation, generated by data/generate_sample_data.py"
SIM-LGT-009-014,26.795000,75.620000,lit,2026-04-11,simulated,"ClearWay simulated sample data - NOT a real observation, generated by data/generate_sample_data.py"
SIM-LGT-009-015,26.795000,75.625000,lit,2026-08-16,simulated,"ClearWay simulated sample data - NOT a real observation, generated by data/generate_sample_data.py"
SIM-LGT-009-016,26.795000,75.630000,unlit,2025-09-14,simulated,"ClearWay simulated sample data - NOT a real observation, generated by data/generate_sample_data.py"
SIM-LGT-009-017,26.795000,75.635000,lit,2025-09-29,simulated,"ClearWay simulated sample data - NOT a real observation, generated by data/generate_sample_data.py"
SIM-LGT-009-018,26.795000,75.640000,unlit,2025-10-10,simulated,"ClearWay simulated sample data - NOT a real observation, generated by data/generate_sample_data.py"
SIM-LGT-009-019,26.795000,75.645000,lit,2026-03-12,simulated,"ClearWay simulated sample data - NOT a real observation, generated by data/generate_sample_data.py"
SIM-LGT-009-020,26.795000,75.650000,lit,2025-06-17,simulated,"ClearWay simulated sample data - NOT a real observation, generated by data/generate_sample_data.py"
SIM-LGT-009-021,26.795000,75.655000,lit,2026-04-01,simulated,"ClearWay simulated sample data - NOT a real observation, generated by data/generate_sample_data.py"
SIM-LGT-009-022,26.795000,75.660000,lit,2026-07-25,simulated,"ClearWay simulated sample data - NOT a real observation, generated by data/generate_sample_data.py"
SIM-LGT-009-023,26.795000,75.665000,lit,2026-07-19,simulated,"ClearWay simulated sample data - NOT a real observation, generated by data/generate_sample_data.py"
SIM-LGT-009-024,26.795000,75.670000,partial,2026-03-05,simulated,"ClearWay simulated sample data - NOT a real observation, generated by data/generate_sample_data.py"
SIM-LGT-009-025,26.795000,75.675000,lit,2025-09-02,simulated,"ClearWay simulated sample data - NOT a real observation, generated by data/generate_sample_data.py"
SIM-LGT-009-026,26.795000,75.680000,partial,2025-04-20,simulated,"ClearWay simulated sample data - NOT a real observation, generated by data/generate_sample_data.py"
SIM-LGT-009-027,26.795000,75.685000,lit,2026-02-26,simulated,"ClearWay simulated sample data - NOT a real observation, generated by data/generate_sample_data.py"
SIM-LGT-009-028,26.795000,75.690000,lit,2026-01-04,simulated,"ClearWay simulated sample data - NOT a real observation, generated by data/generate_sample_data.py"
SIM-LGT-009-029,26.795000,75.695000,lit,2025-12-06,simulated,"ClearWay simulated sample data - NOT a real observation, generated by data/generate_sample_data.py"
SIM-LGT-009-030,26.795000,75.700000,lit,2025-12-07,simulated,"ClearWay simulated sample data - NOT a real observation, generated by data/generate_sample_data.py"
SIM-LGT-009-031,26.795000,75.705000,lit,2026-04-22,simulated,"ClearWay simulated sample data - NOT a real observation, generated by data/generate_sample_data.py"
SIM-LGT-009-032,26.795000,75.710000,unlit,2026-01-13,simulated,"ClearWay simulated sample data - NOT a real observation, generated by data/generate_sample_data.py"
SIM-LGT-009-033,26.795000,75.715000,partial,2025-07-10,simulated,"ClearWay simulated sample data - NOT a real observation, generated by data/generate_sample_data.py"
SIM-LGT-009-034,26.795000,75.720000,lit,2025-08-27,simulated,"ClearWay simulated sample data - NOT a real observation, generated by data/generate_sample_data.py"
SIM-LGT-009-035,26.795000,75.725000,lit,2025-06-12,simulated,"ClearWay simulated sample data - NOT a real observation, generated by data/generate_sample_data.py"
SIM-LGT-009-036,26.795000,75.730000,partial,2025-04-30,simulated,"ClearWay simulated sample data - NOT a real observation, generated by data/generate_sample_data.py"
SIM-LGT-009-037,26.795000,75.735000,partial,2026-08-10,simulated,"ClearWay simulated sample data - NOT a real observation, generated by data/generate_sample_data.py"
SIM-LGT-009-038,26.795000,75.740000,partial,2025-08-16,simulated,"ClearWay simulated sample data - NOT a real observation, generated by data/generate_sample_data.py"
SIM-LGT-009-039,26.795000,75.745000,partial,2026-06-04,simulated,"ClearWay simulated sample data - NOT a real observation, generated by data/generate_sample_data.py"
SIM-LGT-009-040,26.795000,75.750000,lit,2025-10-18,simulated,"ClearWay simulated sample data - NOT a real observation, generated by data/generate_sample_data.py"
SIM-LGT-009-041,26.795000,75.755000,partial,2026-06-03,simulated,"ClearWay simulated sample data - NOT a real observation, generated by data/generate_sample_data.py"
SIM-LGT-009-042,26.795000,75.760000,partial,2026-05-30,simulated,"ClearWay simulated sample data - NOT a real observation, generated by data/generate_sample_data.py"
SIM-LGT-009-043,26.795000,75.765000,lit,2026-01-01,simulated,"ClearWay simulated sample data - NOT a real observation, generated by data/generate_sample_data.py"
SIM-LGT-009-044,26.795000,75.770000,lit,2026-05-17,simulated,"ClearWay simulated sample data - NOT a real observation, generated by data/generate_sample_data.py"
SIM-LGT-009-045,26.795000,75.775000,lit,2026-04-25,simulated,"ClearWay simulated sample data - NOT a real observation, generated by data/generate_sample_data.py"
SIM-LGT-009-046,26.795000,75.780000,lit,2026-09-07,simulated,"ClearWay simulated sample data - NOT a real observation, generated by data/generate_sample_data.py"
SIM-LGT-009-047,26.795000,75.785000,lit,2025-12-24,simulated,"ClearWay simulated sample data - NOT a real observation, generated by data/generate_sample_data.py"
SIM-LGT-009-048,26.795000,75.790000,unlit,2025-08-04,simulated,"ClearWay simulated sample data - NOT a real observation, generated by data/generate_sample_data.py"
SIM-LGT-009-049,26.795000,75.795000,lit,2025-07-16,simulated,"ClearWay simulated sample data - NOT a real observation, generated by data/generate_sample_data.py"
SIM-LGT-009-050,26.795000,75.800000,lit,2025-08-07,simulated,"ClearWay simulated sample data - NOT a real observation, generated by data/generate_sample_data.py"
SIM-LGT-009-051,26.795000,75.805000,partial,2026-06-17,simulated,"ClearWay simulated sample data - NOT a real observation, generated by data/generate_sample_data.py"
SIM-LGT-009-052,26.795000,75.810000,lit,2026-03-22,simulated,"ClearWay simulated sample data - NOT a real observation, generated by data/generate_sample_data.py"
SIM-LGT-009-053,26.795000,75.815000,partial,2025-11-14,simulated,"ClearWay simulated sample data - NOT a real observation, generated by data/generate_sample_data.py"
SIM-LGT-009-054,26.795000,75.820000,lit,2025-07-23,simulated,"ClearWay simulated sample data - NOT a real observation, generated by data/generate_sample_data.py"
SIM-LGT-009-055,26.795000,75.825000,lit,2025-07-27,simulated,"ClearWay simulated sample data - NOT a real observation, generated by data/generate_sample_data.py"
SIM-LGT-009-056,26.795000,75.830000,lit,2026-03-04,simulated,"ClearWay simulated sample data - NOT a real observation, generated by data/generate_sample_data.py"
SIM-LGT-009-057,26.795000,75.835000,partial,2025-10-16,simulated,"ClearWay simulated sample data - NOT a real observation, generated by data/generate_sample_data.py"
SIM-LGT-009-058,26.795000,75.840000,lit,2026-02-09,simulated,"ClearWay simulated sample data - NOT a real observation, generated by data/generate_sample_data.py"
SIM-LGT-009-059,26.795000,75.845000,lit,2025-05-09,simulated,"ClearWay simulated sample data - NOT a real observation, generated by data/generate_sample_data.py"
SIM-LGT-009-060,26.795000,75.850000,unlit,2025-09-29,simulated,"ClearWay simulated sample data - NOT a real observation, generated by data/generate_sample_data.py"
SIM-LGT-009-061,26.795000,75.855000,partial,2026-01-05,simulated,"ClearWay simulated sample data - NOT a real observation, generated by data/generate_sample_data.py"
SIM-LGT-009-062,26.795000,75.860000,lit,2025-04-28,simulated,"ClearWay simulated sample data - NOT a real observation, generated by data/generate_sample_data.py"
SIM-LGT-009-063,26.795000,75.865000,partial,2026-06-07,simulated,"ClearWay simulated sample data - NOT a real observation, generated by data/generate_sample_data.py"
SIM-LGT-009-064,26.795000,75.870000,unlit,2025-10-24,simulated,"ClearWay simulated sample data - NOT a real observation, generated by data/generate_sample_data.py"
SIM-LGT-009-065,26.795000,75.875000,lit,2026-09-10,simulated,"ClearWay simulated sample data - NOT a real observation, generated by data/generate_sample_data.py"
SIM-LGT-009-066,26.795000,75.880000,unlit,2026-01-10,simulated,"ClearWay simulated sample data - NOT a real observation, generated by data/generate_sample_data.py"
SIM-LGT-009-067,26.795000,75.885000,partial,2026-04-19,simulated,"ClearWay simulated sample data - NOT a real observation, generated by data/generate_sample_data.py"
SIM-LGT-009-068,26.795000,75.890000,lit,2025-11-08,simulated,"ClearWay simulated sample data - NOT a real observation, generated by data/generate_sample_data.py"
SIM-LGT-009-069,26.795000,75.895000,lit,2026-07-27,simulated,"ClearWay simulated sample data - NOT a real observation, generated by data/generate_sample_data.py"
SIM-LGT-009-070,26.795000,75.900000,lit,2025-06-19,simulated,"ClearWay simulated sample data - NOT a real observation, generated by data/generate_sample_data.py"
SIM-LGT-010-000,26.800000,75.550000,unlit,2026-08-27,simulated,"ClearWay simulated sample data - NOT a real observation, generated by data/generate_sample_data.py"
SIM-LGT-010-001,26.800000,75.555000,lit,2026-07-23,simulated,"ClearWay simulated sample data - NOT a real observation, generated by data/generate_sample_data.py"
SIM-LGT-010-002,26.800000,75.560000,lit,2026-04-30,simulated,"ClearWay simulated sample data - NOT a real observation, generated by data/generate_sample_data.py"
SIM-LGT-010-003,26.800000,75.565000,unlit,2025-06-05,simulated,"ClearWay simulated sample data - NOT a real observation, generated by data/generate_sample_data.py"
SIM-LGT-010-004,26.800000,75.570000,lit,2025-09-20,simulated,"ClearWay simulated sample data - NOT a real observation, generated by data/generate_sample_data.py"
SIM-LGT-010-005,26.800000,75.575000,lit,2025-07-31,simulated,"ClearWay simulated sample data - NOT a real observation, generated by data/generate_sample_data.py"
SIM-LGT-010-006,26.800000,75.580000,lit,2026-08-30,simulated,"ClearWay simulated sample data - NOT a real observation, generated by data/generate_sample_data.py"
SIM-LGT-010-007,26.800000,75.585000,unlit,2026-04-14,simulated,"ClearWay simulated sample data - NOT a real observation, generated by data/generate_sample_data.py"
SIM-LGT-010-008,26.800000,75.590000,lit,2025-05-05,simulated,"ClearWay simulated sample data - NOT a real observation, generated by data/generate_sample_data.py"
SIM-LGT-010-009,26.800000,75.595000,partial,2026-07-26,simulated,"ClearWay simulated sample data - NOT a real observation, generated by data/generate_sample_data.py"
SIM-LGT-010-010,26.800000,75.600000,lit,2025-11-10,simulated,"ClearWay simulated sample data - NOT a real observation, generated by data/generate_sample_data.py"
SIM-LGT-010-011,26.800000,75.605000,lit,2026-08-31,simulated,"ClearWay simulated sample data - NOT a real observation, generated by data/generate_sample_data.py"
SIM-LGT-010-012,26.800000,75.610000,lit,2026-06-17,simulated,"ClearWay simulated sample data - NOT a real observation, generated by data/generate_sample_data.py"
SIM-LGT-010-013,26.800000,75.615000,partial,2025-10-14,simulated,"ClearWay simulated sample data - NOT a real observation, generated by data/generate_sample_data.py"
SIM-LGT-010-014,26.800000,75.620000,lit,2026-06-07,simulated,"ClearWay simulated sample data - NOT a real observation, generated by data/generate_sample_data.py"
SIM-LGT-010-015,26.800000,75.625000,unlit,2026-06-24,simulated,"ClearWay simulated sample data - NOT a real observation, generated by data/generate_sample_data.py"
SIM-LGT-010-016,26.800000,75.630000,lit,2025-12-14,simulated,"ClearWay simulated sample data - NOT a real observation, generated by data/generate_sample_data.py"
SIM-LGT-010-017,26.800000,75.635000,lit,2025-06-03,simulated,"ClearWay simulated sample data - NOT a real observation, generated by data/generate_sample_data.py"
SIM-LGT-010-018,26.800000,75.640000,lit,2025-07-11,simulated,"ClearWay simulated sample data - NOT a real observation, generated by data/generate_sample_data.py"
SIM-LGT-010-019,26.800000,75.645000,lit,2025-10-04,simulated,"ClearWay simulated sample data - NOT a real observation, generated by data/generate_sample_data.py"
SIM-LGT-010-020,26.800000,75.650000,lit,2026-06-25,simulated,"ClearWay simulated sample data - NOT a real observation, generated by data/generate_sample_data.py"
SIM-LGT-010-021,26.800000,75.655000,partial,2026-01-09,simulated,"ClearWay simulated sample data - NOT a real observation, generated by data/generate_sample_data.py"
SIM-LGT-010-022,26.800000,75.660000,lit,2025-08-27,simulated,"ClearWay simulated sample data - NOT a real observation, generated by data/generate_sample_data.py"
SIM-LGT-010-023,26.800000,75.665000,lit,2026-01-31,simulated,"ClearWay simulated sample data - NOT a real observation, generated by data/generate_sample_data.py"
SIM-LGT-010-024,26.800000,75.670000,partial,2025-05-23,simulated,"ClearWay simulated sample data - NOT a real observation, generated by data/generate_sample_data.py"
SIM-LGT-010-025,26.800000,75.675000,lit,2025-08-31,simulated,"ClearWay simulated sample data - NOT a real observation, generated by data/generate_sample_data.py"
SIM-LGT-010-026,26.800000,75.680000,partial,2026-05-07,simulated,"ClearWay simulated sample data - NOT a real observation, generated by data/generate_sample_data.py"
SIM-LGT-010-027,26.800000,75.685000,lit,2026-05-09,simulated,"ClearWay simulated sample data - NOT a real observation, generated by data/generate_sample_data.py"
SIM-LGT-010-028,26.800000,75.690000,lit,2025-07-27,simulated,"ClearWay simulated sample data - NOT a real observation, generated by data/generate_sample_data.py"
SIM-LGT-010-029,26.800000,75.695000,lit,2026-03-21,simulated,"ClearWay simulated sample data - NOT a real observation, generated by data/generate_sample_data.py"
SIM-LGT-010-030,26.800000,75.700000,partial,2026-08-02,simulated,"ClearWay simulated sample data - NOT a real observation, generated by data/generate_sample_data.py"
SIM-LGT-010-031,26.800000,75.705000,partial,2025-12-17,simulated,"ClearWay simulated sample data - NOT a real observation, generated by data/generate_sample_data.py"
SIM-LGT-010-032,26.800000,75.710000,lit,2026-01-26,simulated,"ClearWay simulated sample data - NOT a real observation, generated by data/generate_sample_data.py"
SIM-LGT-010-033,26.800000,75.715000,lit,2025-04-29,simulated,"ClearWay simulated sample data - NOT a real observation, generated by data/generate_sample_data.py"
SIM-LGT-010-034,26.800000,75.720000,lit,2025-05-18,simulated,"ClearWay simulated sample data - NOT a real observation, generated by data/generate_sample_data.py"
SIM-LGT-010-035,26.800000,75.725000,partial,2026-02-27,simulated,"ClearWay simulated sample data - NOT a real observation, generated by data/generate_sample_data.py"
SIM-LGT-010-036,26.800000,75.730000,lit,2025-08-08,simulated,"ClearWay simulated sample data - NOT a real observation, generated by data/generate_sample_data.py"
SIM-LGT-010-037,26.800000,75.735000,lit,2026-08-21,simulated,"ClearWay simulated sample data - NOT a real observation, generated by data/generate_sample_data.py"
SIM-LGT-010-038,26.800000,75.740000,lit,2025-04-19,simulated,"ClearWay simulated sample data - NOT a real observation, generated by data/generate_sample_data.py"
SIM-LGT-010-039,26.800000,75.745000,unlit,2025-06-03,simulated,"ClearWay simulated sample data - NOT a real observation, generated by data/generate_sample_data.py"
SIM-LGT-010-040,26.800000,75.750000,lit,2026-04-14,simulated,"ClearWay simulated sample data - NOT a real observation, generated by data/generate_sample_data.py"
SIM-LGT-010-041,26.800000,75.755000,lit,2026-03-07,simulated,"ClearWay simulated sample data - NOT a real observation, generated by data/generate_sample_data.py"
SIM-LGT-010-042,26.800000,75.760000,partial,2026-07-19,simulated,"ClearWay simulated sample data - NOT a real observation, generated by data/generate_sample_data.py"
SIM-LGT-010-043,26.800000,75.765000,lit,2025-06-14,simulated,"ClearWay simulated sample data - NOT a real observation, generated by data/generate_sample_data.py"
SIM-LGT-010-044,26.800000,75.770000,lit,2026-07-20,simulated,"ClearWay simulated sample data - NOT a real observation, generated by data/generate_sample_data.py"
SIM-LGT-010-045,26.800000,75.775000,lit,2025-07-20,simulated,"ClearWay simulated sample data - NOT a real observation, generated by data/generate_sample_data.py"
SIM-LGT-010-046,26.800000,75.780000,lit,2026-01-23,simulated,"ClearWay simulated sample data - NOT a real observation, generated by data/generate_sample_data.py"
SIM-LGT-010-047,26.800000,75.785000,lit,2025-12-11,simulated,"ClearWay simulated sample data - NOT a real observation, generated by data/generate_sample_data.py"
SIM-LGT-010-048,26.800000,75.790000,lit,2026-04-28,simulated,"ClearWay simulated sample data - NOT a real observation, generated by data/generate_sample_data.py"
SIM-LGT-010-049,26.800000,75.795000,lit,2025-10-03,simulated,"ClearWay simulated sample data - NOT a real observation, generated by data/generate_sample_data.py"
SIM-LGT-010-050,26.800000,75.800000,lit,2026-07-10,simulated,"ClearWay simulated sample data - NOT a real observation, generated by data/generate_sample_data.py"
SIM-LGT-010-051,26.800000,75.805000,unlit,2026-04-16,simulated,"ClearWay simulated sample data - NOT a real observation, generated by data/generate_sample_data.py"
SIM-LGT-010-052,26.800000,75.810000,lit,2025-09-13,simulated,"ClearWay simulated sample data - NOT a real observation, generated by data/generate_sample_data.py"
SIM-LGT-010-053,26.800000,75.815000,lit,2025-08-16,simulated,"ClearWay simulated sample data - NOT a real observation, generated by data/generate_sample_data.py"
SIM-LGT-010-054,26.800000,75.820000,lit,2026-07-06,simulated,"ClearWay simulated sample data - NOT a real observation, generated by data/generate_sample_data.py"
SIM-LGT-010-055,26.800000,75.825000,lit,2026-07-16,simulated,"ClearWay simulated sample data - NOT a real observation, generated by data/generate_sample_data.py"
SIM-LGT-010-056,26.800000,75.830000,lit,2026-09-08,simulated,"ClearWay simulated sample data - NOT a real observation, generated by data/generate_sample_data.py"
SIM-LGT-010-057,26.800000,75.835000,partial,2026-05-10,simulated,"ClearWay simulated sample data - NOT a real observation, generated by data/generate_sample_data.py"
SIM-LGT-010-058,26.800000,75.840000,lit,2026-07-11,simulated,"ClearWay simulated sample data - NOT a real observation, generated by data/generate_sample_data.py"
SIM-LGT-010-059,26.800000,75.845000,partial,2026-07-29,simulated,"ClearWay simulated sample data - NOT a real observation, generated by data/generate_sample_data.py"
SIM-LGT-010-060,26.800000,75.850000,lit,2026-07-27,simulated,"ClearWay simulated sample data - NOT a real observation, generated by data/generate_sample_data.py"
SIM-LGT-010-061,26.800000,75.855000,lit,2026-01-15,simulated,"ClearWay simulated sample data - NOT a real observation, generated by data/generate_sample_data.py"
SIM-LGT-010-062,26.800000,75.860000,lit,2026-06-29,simulated,"ClearWay simulated sample data - NOT a real observation, generated by data/generate_sample_data.py"
SIM-LGT-010-063,26.800000,75.865000,lit,2025-05-17,simulated,"ClearWay simulated sample data - NOT a real observation, generated by data/generate_sample_data.py"
SIM-LGT-010-064,26.800000,75.870000,lit,2026-06-28,simulated,"ClearWay simulated sample data - NOT a real observation, generated by data/generate_sample_data.py"
SIM-LGT-010-065,26.800000,75.875000,lit,2025-07-11,simulated,"ClearWay simulated sample data - NOT a real observation, generated by data/generate_sample_data.py"
SIM-LGT-010-066,26.800000,75.880000,lit,2026-01-31,simulated,"ClearWay simulated sample data - NOT a real observation, generated by data/generate_sample_data.py"
SIM-LGT-010-067,26.800000,75.885000,lit,2026-03-21,simulated,"ClearWay simulated sample data - NOT a real observation, generated by data/generate_sample_data.py"
SIM-LGT-010-068,26.800000,75.890000,lit,2026-08-19,simulated,"ClearWay simulated sample data - NOT a real observation, generated by data/generate_sample_data.py"
SIM-LGT-010-069,26.800000,75.895000,lit,2025-09-21,simulated,"ClearWay simulated sample data - NOT a real observation, generated by data/generate_sample_data.py"
SIM-LGT-010-070,26.800000,75.900000,lit,2025-08-18,simulated,"ClearWay simulated sample data - NOT a real observation, generated by data/generate_sample_data.py"
SIM-LGT-011-000,26.805000,75.550000,lit,2026-01-27,simulated,"ClearWay simulated sample data - NOT a real observation, generated by data/generate_sample_data.py"
SIM-LGT-011-001,26.805000,75.555000,unlit,2026-02-21,simulated,"ClearWay simulated sample data - NOT a real observation, generated by data/generate_sample_data.py"
SIM-LGT-011-002,26.805000,75.560000,partial,2025-04-22,simulated,"ClearWay simulated sample data - NOT a real observation, generated by data/generate_sample_data.py"
SIM-LGT-011-003,26.805000,75.565000,lit,2026-03-20,simulated,"ClearWay simulated sample data - NOT a real observation, generated by data/generate_sample_data.py"
SIM-LGT-011-004,26.805000,75.570000,lit,2025-05-02,simulated,"ClearWay simulated sample data - NOT a real observation, generated by data/generate_sample_data.py"
SIM-LGT-011-005,26.805000,75.575000,lit,2026-04-07,simulated,"ClearWay simulated sample data - NOT a real observation, generated by data/generate_sample_data.py"
SIM-LGT-011-006,26.805000,75.580000,lit,2025-11-20,simulated,"ClearWay simulated sample data - NOT a real observation, generated by data/generate_sample_data.py"
SIM-LGT-011-007,26.805000,75.585000,unlit,2026-06-02,simulated,"ClearWay simulated sample data - NOT a real observation, generated by data/generate_sample_data.py"
SIM-LGT-011-008,26.805000,75.590000,lit,2025-11-22,simulated,"ClearWay simulated sample data - NOT a real observation, generated by data/generate_sample_data.py"
SIM-LGT-011-009,26.805000,75.595000,lit,2025-07-09,simulated,"ClearWay simulated sample data - NOT a real observation, generated by data/generate_sample_data.py"
SIM-LGT-011-010,26.805000,75.600000,lit,2026-02-20,simulated,"ClearWay simulated sample data - NOT a real observation, generated by data/generate_sample_data.py"
SIM-LGT-011-011,26.805000,75.605000,lit,2026-02-03,simulated,"ClearWay simulated sample data - NOT a real observation, generated by data/generate_sample_data.py"
SIM-LGT-011-012,26.805000,75.610000,unlit,2026-04-15,simulated,"ClearWay simulated sample data - NOT a real observation, generated by data/generate_sample_data.py"
SIM-LGT-011-013,26.805000,75.615000,partial,2025-09-26,simulated,"ClearWay simulated sample data - NOT a real observation, generated by data/generate_sample_data.py"
SIM-LGT-011-014,26.805000,75.620000,lit,2025-11-28,simulated,"ClearWay simulated sample data - NOT a real observation, generated by data/generate_sample_data.py"
SIM-LGT-011-015,26.805000,75.625000,lit,2026-04-28,simulated,"ClearWay simulated sample data - NOT a real observation, generated by data/generate_sample_data.py"
SIM-LGT-011-016,26.805000,75.630000,unlit,2025-05-13,simulated,"ClearWay simulated sample data - NOT a real observation, generated by data/generate_sample_data.py"
SIM-LGT-011-017,26.805000,75.635000,lit,2026-05-12,simulated,"ClearWay simulated sample data - NOT a real observation, generated by data/generate_sample_data.py"
SIM-LGT-011-018,26.805000,75.640000,lit,2026-01-15,simulated,"ClearWay simulated sample data - NOT a real observation, generated by data/generate_sample_data.py"
SIM-LGT-011-019,26.805000,75.645000,unlit,2025-10-23,simulated,"ClearWay simulated sample data - NOT a real observation, generated by data/generate_sample_data.py"
SIM-LGT-011-020,26.805000,75.650000,lit,2026-08-19,simulated,"ClearWay simulated sample data - NOT a real observation, generated by data/generate_sample_data.py"
SIM-LGT-011-021,26.805000,75.655000,lit,2025-12-12,simulated,"ClearWay simulated sample data - NOT a real observation, generated by data/generate_sample_data.py"
SIM-LGT-011-022,26.805000,75.660000,partial,2026-02-25,simulated,"ClearWay simulated sample data - NOT a real observation, generated by data/generate_sample_data.py"
SIM-LGT-011-023,26.805000,75.665000,lit,2025-12-08,simulated,"ClearWay simulated sample data - NOT a real observation, generated by data/generate_sample_data.py"
SIM-LGT-011-024,26.805000,75.670000,lit,2025-06-17,simulated,"ClearWay simulated sample data - NOT a real observation, generated by data/generate_sample_data.py"
SIM-LGT-011-025,26.805000,75.675000,lit,2026-08-08,simulated,"ClearWay simulated sample data - NOT a real observation, generated by data/generate_sample_data.py"
SIM-LGT-011-026,26.805000,75.680000,lit,2025-07-20,simulated,"ClearWay simulated sample data - NOT a real observation, generated by data/generate_sample_data.py"
SIM-LGT-011-027,26.805000,75.685000,partial,2026-06-02,simulated,"ClearWay simulated sample data - NOT a real observation, generated by data/generate_sample_data.py"
SIM-LGT-011-028,26.805000,75.690000,lit,2025-07-23,simulated,"ClearWay simulated sample data - NOT a real observation, generated by data/generate_sample_data.py"
SIM-LGT-011-029,26.805000,75.695000,partial,2025-12-16,simulated,"ClearWay simulated sample data - NOT a real observation, generated by data/generate_sample_data.py"
SIM-LGT-011-030,26.805000,75.700000,lit,2025-04-21,simulated,"ClearWay simulated sample data - NOT a real observation, generated by data/generate_sample_data.py"
SIM-LGT-011-031,26.805000,75.705000,lit,2026-03-21,simulated,"ClearWay simulated sample data - NOT a real observation, generated by data/generate_sample_data.py"
SIM-LGT-011-032,26.805000,75.710000,lit,2025-05-12,simulated,"ClearWay simulated sample data - NOT a real observation, generated by data/generate_sample_data.py"
SIM-LGT-011-033,26.805000,75.715000,partial,2025-10-09,simulated,"ClearWay simulated sample data - NOT a real observation, generated by data/generate_sample_data.py"
SIM-LGT-011-034,26.805000,75.720000,lit,2025-10-17,simulated,"ClearWay simulated sample data - NOT a real observation, generated by data/generate_sample_data.py"
SIM-LGT-011-035,26.805000,75.725000,lit,2025-09-09,simulated,"ClearWay simulated sample data - NOT a real observation, generated by data/generate_sample_data.py"
SIM-LGT-011-036,26.805000,75.730000,unlit,2026-05-08,simulated,"ClearWay simulated sample data - NOT a real observation, generated by data/generate_sample_data.py"
SIM-LGT-011-037,26.805000,75.735000,lit,2026-05-09,simulated,"ClearWay simulated sample data - NOT a real observation, generated by data/generate_sample_data.py"
SIM-LGT-011-038,26.805000,75.740000,lit,2025-05-12,simulated,"ClearWay simulated sample data - NOT a real observation, generated by data/generate_sample_data.py"
SIM-LGT-011-039,26.805000,75.745000,lit,2026-07-22,simulated,"ClearWay simulated sample data - NOT a real observation, generated by data/generate_sample_data.py"
SIM-LGT-011-040,26.805000,75.750000,unlit,2026-05-18,simulated,"ClearWay simulated sample data - NOT a real observation, generated by data/generate_sample_data.py"
SIM-LGT-011-041,26.805000,75.755000,partial,2026-01-31,simulated,"ClearWay simulated sample data - NOT a real observation, generated by data/generate_sample_data.py"
SIM-LGT-011-042,26.805000,75.760000,lit,2026-02-20,simulated,"ClearWay simulated sample data - NOT a real observation, generated by data/generate_sample_data.py"
SIM-LGT-011-043,26.805000,75.765000,lit,2026-08-16,simulated,"ClearWay simulated sample data - NOT a real observation, generated by data/generate_sample_data.py"
SIM-LGT-011-044,26.805000,75.770000,partial,2026-08-27,simulated,"ClearWay simulated sample data - NOT a real observation, generated by data/generate_sample_data.py"
SIM-LGT-011-045,26.805000,75.775000,partial,2025-05-06,simulated,"ClearWay simulated sample data - NOT a real observation, generated by data/generate_sample_data.py"
SIM-LGT-011-046,26.805000,75.780000,lit,2026-06-06,simulated,"ClearWay simulated sample data - NOT a real observation, generated by data/generate_sample_data.py"
SIM-LGT-011-047,26.805000,75.785000,lit,2026-03-21,simulated,"ClearWay simulated sample data - NOT a real observation, generated by data/generate_sample_data.py"
SIM-LGT-011-048,26.805000,75.790000,partial,2026-03-06,simulated,"ClearWay simulated sample data - NOT a real observation, generated by data/generate_sample_data.py"
SIM-LGT-011-049,26.805000,75.795000,lit,2025-07-09,simulated,"ClearWay simulated sample data - NOT a real observation, generated by data/generate_sample_data.py"
SIM-LGT-011-050,26.805000,75.800000,partial,2025-04-30,simulated,"ClearWay simulated sample data - NOT a real observation, generated by data/generate_sample_data.py"
SIM-LGT-011-051,26.805000,75.805000,lit,2025-11-16,simulated,"ClearWay simulated sample data - NOT a real observation, generated by data/generate_sample_data.py"
SIM-LGT-011-052,26.805000,75.810000,lit,2025-05-06,simulated,"ClearWay simulated sample data - NOT a real observation, generated by data/generate_sample_data.py"
SIM-LGT-011-053,26.805000,75.815000,lit,2025-11-05,simulated,"ClearWay simulated sample data - NOT a real observation, generated by data/generate_sample_data.py"
SIM-LGT-011-054,26.805000,75.820000,partial,2025-06-21,simulated,"ClearWay simulated sample data - NOT a real observation, generated by data/generate_sample_data.py"
SIM-LGT-011-055,26.805000,75.825000,lit,2025-05-21,simulated,"ClearWay simulated sample data - NOT a real observation, generated by data/generate_sample_data.py"
SIM-LGT-011-056,26.805000,75.830000,lit,2026-01-30,simulated,"ClearWay simulated sample data - NOT a real observation, generated by data/generate_sample_data.py"
SIM-LGT-011-057,26.805000,75.835000,unlit,2025-05-03,simulated,"ClearWay simulated sample data - NOT a real observation, generated by data/generate_sample_data.py"
SIM-LGT-011-058,26.805000,75.840000,lit,2026-05-16,simulated,"ClearWay simulated sample data - NOT a real observation, generated by data/generate_sample_data.py"
SIM-LGT-011-059,26.805000,75.845000,unlit,2025-05-10,simulated,"ClearWay simulated sample data - NOT a real observation, generated by data/generate_sample_data.py"
SIM-LGT-011-060,26.805000,75.850000,lit,2026-01-04,simulated,"ClearWay simulated sample data - NOT a real observation, generated by data/generate_sample_data.py"
SIM-LGT-011-061,26.805000,75.855000,lit,2025-05-20,simulated,"ClearWay simulated sample data - NOT a real observation, generated by data/generate_sample_data.py"
SIM-LGT-011-062,26.805000,75.860000,unlit,2026-08-29,simulated,"ClearWay simulated sample data - NOT a real observation, generated by data/generate_sample_data.py"
SIM-LGT-011-063,26.805000,75.865000,lit,2026-02-11,simulated,"ClearWay simulated sample data - NOT a real observation, generated by data/generate_sample_data.py"
SIM-LGT-011-064,26.805000,75.870000,unlit,2026-07-20,simulated,"ClearWay simulated sample data - NOT a real observation, generated by data/generate_sample_data.py"
SIM-LGT-011-065,26.805000,75.875000,partial,2025-11-20,simulated,"ClearWay simulated sample data - NOT a real observation, generated by data/generate_sample_data.py"
SIM-LGT-011-066,26.805000,75.880000,lit,2025-07-22,simulated,"ClearWay simulated sample data - NOT a real observation, generated by data/generate_sample_data.py"
SIM-LGT-011-067,26.805000,75.885000,lit,2026-06-16,simulated,"ClearWay simulated sample data - NOT a real observation, generated by data/generate_sample_data.py"
SIM-LGT-011-068,26.805000,75.890000,lit,2026-01-16,simulated,"ClearWay simulated sample data - NOT a real observation, generated by data/generate_sample_data.py"
SIM-LGT-011-069,26.805000,75.895000,lit,2026-03-17,simulated,"ClearWay simulated sample data - NOT a real observation, generated by data/generate_sample_data.py"
SIM-LGT-011-070,26.805000,75.900000,lit,2025-11-30,simulated,"ClearWay simulated sample data - NOT a real observation, generated by data/generate_sample_data.py"
SIM-LGT-012-000,26.810000,75.550000,lit,2026-04-06,simulated,"ClearWay simulated sample data - NOT a real observation, generated by data/generate_sample_data.py"
SIM-LGT-012-001,26.810000,75.555000,unlit,2026-07-24,simulated,"ClearWay simulated sample data - NOT a real observation, generated by data/generate_sample_data.py"
SIM-LGT-012-002,26.810000,75.560000,lit,2026-08-30,simulated,"ClearWay simulated sample data - NOT a real observation, generated by data/generate_sample_data.py"
SIM-LGT-012-003,26.810000,75.565000,lit,2025-09-22,simulated,"ClearWay simulated sample data - NOT a real observation, generated by data/generate_sample_data.py"
SIM-LGT-012-004,26.810000,75.570000,lit,2025-09-06,simulated,"ClearWay simulated sample data - NOT a real observation, generated by data/generate_sample_data.py"
SIM-LGT-012-005,26.810000,75.575000,lit,2025-04-25,simulated,"ClearWay simulated sample data - NOT a real observation, generated by data/generate_sample_data.py"
SIM-LGT-012-006,26.810000,75.580000,unlit,2025-11-17,simulated,"ClearWay simulated sample data - NOT a real observation, generated by data/generate_sample_data.py"
SIM-LGT-012-007,26.810000,75.585000,lit,2026-03-03,simulated,"ClearWay simulated sample data - NOT a real observation, generated by data/generate_sample_data.py"
SIM-LGT-012-008,26.810000,75.590000,lit,2025-11-15,simulated,"ClearWay simulated sample data - NOT a real observation, generated by data/generate_sample_data.py"
SIM-LGT-012-009,26.810000,75.595000,partial,2026-01-11,simulated,"ClearWay simulated sample data - NOT a real observation, generated by data/generate_sample_data.py"
SIM-LGT-012-010,26.810000,75.600000,lit,2025-08-15,simulated,"ClearWay simulated sample data - NOT a real observation, generated by data/generate_sample_data.py"
SIM-LGT-012-011,26.810000,75.605000,unlit,2025-11-03,simulated,"ClearWay simulated sample data - NOT a real observation, generated by data/generate_sample_data.py"
SIM-LGT-012-012,26.810000,75.610000,partial,2025-09-23,simulated,"ClearWay simulated sample data - NOT a real observation, generated by data/generate_sample_data.py"
SIM-LGT-012-013,26.810000,75.615000,lit,2026-08-17,simulated,"ClearWay simulated sample data - NOT a real observation, generated by data/generate_sample_data.py"
SIM-LGT-012-014,26.810000,75.620000,lit,2026-03-11,simulated,"ClearWay simulated sample data - NOT a real observation, generated by data/generate_sample_data.py"
SIM-LGT-012-015,26.810000,75.625000,unlit,2026-02-12,simulated,"ClearWay simulated sample data - NOT a real observation, generated by data/generate_sample_data.py"
SIM-LGT-012-016,26.810000,75.630000,lit,2026-05-07,simulated,"ClearWay simulated sample data - NOT a real observation, generated by data/generate_sample_data.py"
SIM-LGT-012-017,26.810000,75.635000,partial,2026-04-08,simulated,"ClearWay simulated sample data - NOT a real observation, generated by data/generate_sample_data.py"
SIM-LGT-012-018,26.810000,75.640000,lit,2025-09-06,simulated,"ClearWay simulated sample data - NOT a real observation, generated by data/generate_sample_data.py"
SIM-LGT-012-019,26.810000,75.645000,lit,2026-04-15,simulated,"ClearWay simulated sample data - NOT a real observation, generated by data/generate_sample_data.py"
SIM-LGT-012-020,26.810000,75.650000,unlit,2026-07-11,simulated,"ClearWay simulated sample data - NOT a real observation, generated by data/generate_sample_data.py"
SIM-LGT-012-021,26.810000,75.655000,lit,2026-06-26,simulated,"ClearWay simulated sample data - NOT a real observation, generated by data/generate_sample_data.py"
SIM-LGT-012-022,26.810000,75.660000,lit,2025-05-13,simulated,"ClearWay simulated sample data - NOT a real observation, generated by data/generate_sample_data.py"
SIM-LGT-012-023,26.810000,75.665000,unlit,2025-06-16,simulated,"ClearWay simulated sample data - NOT a real observation, generated by data/generate_sample_data.py"
SIM-LGT-012-024,26.810000,75.670000,lit,2025-09-27,simulated,"ClearWay simulated sample data - NOT a real observation, generated by data/generate_sample_data.py"
SIM-LGT-012-025,26.810000,75.675000,lit,2026-05-06,simulated,"ClearWay simulated sample data - NOT a real observation, generated by data/generate_sample_data.py"
SIM-LGT-012-026,26.810000,75.680000,unlit,2025-04-18,simulated,"ClearWay simulated sample data - NOT a real observation, generated by data/generate_sample_data.py"
SIM-LGT-012-027,26.810000,75.685000,lit,2025-07-09,simulated,"ClearWay simulated sample data - NOT a real observation, generated by data/generate_sample_data.py"
SIM-LGT-012-028,26.810000,75.690000,partial,2025-07-13,simulated,"ClearWay simulated sample data - NOT a real observation, generated by data/generate_sample_data.py"
SIM-LGT-012-029,26.810000,75.695000,lit,2026-02-03,simulated,"ClearWay simulated sample data - NOT a real observation, generated by data/generate_sample_data.py"
SIM-LGT-012-030,26.810000,75.700000,lit,2025-12-24,simulated,"ClearWay simulated sample data - NOT a real observation, generated by data/generate_sample_data.py"
SIM-LGT-012-031,26.810000,75.705000,lit,2025-08-14,simulated,"ClearWay simulated sample data - NOT a real observation, generated by data/generate_sample_data.py"
SIM-LGT-012-032,26.810000,75.710000,lit,2026-04-23,simulated,"ClearWay simulated sample data - NOT a real observation, generated by data/generate_sample_data.py"
SIM-LGT-012-033,26.810000,75.715000,lit,2026-01-02,simulated,"ClearWay simulated sample data - NOT a real observation, generated by data/generate_sample_data.py"
SIM-LGT-012-034,26.810000,75.720000,partial,2026-01-19,simulated,"ClearWay simulated sample data - NOT a real observation, generated by data/generate_sample_data.py"
SIM-LGT-012-035,26.810000,75.725000,lit,2026-08-25,simulated,"ClearWay simulated sample data - NOT a real observation, generated by data/generate_sample_data.py"
SIM-LGT-012-036,26.810000,75.730000,lit,2026-05-13,simulated,"ClearWay simulated sample data - NOT a real observation, generated by data/generate_sample_data.py"
SIM-LGT-012-037,26.810000,75.735000,lit,2025-04-18,simulated,"ClearWay simulated sample data - NOT a real observation, generated by data/generate_sample_data.py"
SIM-LGT-012-038,26.810000,75.740000,lit,2025-06-22,simulated,"ClearWay simulated sample data - NOT a real observation, generated by data/generate_sample_data.py"
SIM-LGT-012-039,26.810000,75.745000,lit,2026-01-01,simulated,"ClearWay simulated sample data - NOT a real observation, generated by data/generate_sample_data.py"
SIM-LGT-012-040,26.810000,75.750000,lit,2026-06-14,simulated,"ClearWay simulated sample data - NOT a real observation, generated by data/generate_sample_data.py"
SIM-LGT-012-041,26.810000,75.755000,partial,2025-10-06,simulated,"ClearWay simulated sample data - NOT a real observation, generated by data/generate_sample_data.py"
SIM-LGT-012-042,26.810000,75.760000,lit,2025-10-19,simulated,"ClearWay simulated sample data - NOT a real observation, generated by data/generate_sample_data.py"
SIM-LGT-012-043,26.810000,75.765000,unlit,2026-04-17,simulated,"ClearWay simulated sample data - NOT a real observation, generated by data/generate_sample_data.py"
SIM-LGT-012-044,26.810000,75.770000,partial,2025-10-27,simulated,"ClearWay simulated sample data - NOT a real observation, generated by data/generate_sample_data.py"
SIM-LGT-012-045,26.810000,75.775000,lit,2026-03-27,simulated,"ClearWay simulated sample data - NOT a real observation, generated by data/generate_sample_data.py"
SIM-LGT-012-046,26.810000,75.780000,lit,2026-05-15,simulated,"ClearWay simulated sample data - NOT a real observation, generated by data/generate_sample_data.py"
SIM-LGT-012-047,26.810000,75.785000,lit,2026-05-15,simulated,"ClearWay simulated sample data - NOT a real observation, generated by data/generate_sample_data.py"
SIM-LGT-012-048,26.810000,75.790000,partial,2026-05-16,simulated,"ClearWay simulated sample data - NOT a real observation, generated by data/generate_sample_data.py"
SIM-LGT-012-049,26.810000,75.795000,partial,2026-05-31,simulated,"ClearWay simulated sample data - NOT a real observation, generated by data/generate_sample_data.py"
SIM-LGT-012-050,26.810000,75.800000,partial,2026-02-05,simulated,"ClearWay simulated sample data - NOT a real observation, generated by data/generate_sample_data.py"
SIM-LGT-012-051,26.810000,75.805000,partial,2026-05-12,simulated,"ClearWay simulated sample data - NOT a real observation, generated by data/generate_sample_data.py"
SIM-LGT-012-052,26.810000,75.810000,lit,2025-09-21,simulated,"ClearWay simulated sample data - NOT a real observation, generated by data/generate_sample_data.py"
SIM-LGT-012-053,26.810000,75.815000,partial,2025-12-07,simulated,"ClearWay simulated sample data - NOT a real observation, generated by data/generate_sample_data.py"
SIM-LGT-012-054,26.810000,75.820000,lit,2026-06-12,simulated,"ClearWay simulated sample data - NOT a real observation, generated by data/generate_sample_data.py"
SIM-LGT-012-055,26.810000,75.825000,unlit,2026-07-03,simulated,"ClearWay simulated sample data - NOT a real observation, generated by data/generate_sample_data.py"
SIM-LGT-012-056,26.810000,75.830000,lit,2026-04-17,simulated,"ClearWay simulated sample data - NOT a real observation, generated by data/generate_sample_data.py"
SIM-LGT-012-057,26.810000,75.835000,lit,2026-05-31,simulated,"ClearWay simulated sample data - NOT a real observation, generated by data/generate_sample_data.py"
SIM-LGT-012-058,26.810000,75.840000,partial,2026-03-29,simulated,"ClearWay simulated sample data - NOT a real observation, generated by data/generate_sample_data.py"
SIM-LGT-012-059,26.810000,75.845000,lit,2025-08-10,simulated,"ClearWay simulated sample data - NOT a real observation, generated by data/generate_sample_data.py"
SIM-LGT-012-060,26.810000,75.850000,lit,2026-03-20,simulated,"ClearWay simulated sample data - NOT a real observation, generated by data/generate_sample_data.py"
SIM-LGT-012-061,26.810000,75.855000,partial,2025-10-16,simulated,"ClearWay simulated sample data - NOT a real observation, generated by data/generate_sample_data.py"
SIM-LGT-012-062,26.810000,75.860000,lit,2025-12-26,simulated,"ClearWay simulated sample data - NOT a real observation, generated by data/generate_sample_data.py"
SIM-LGT-012-063,26.810000,75.865000,lit,2026-08-29,simulated,"ClearWay simulated sample data - NOT a real observation, generated by data/generate_sample_data.py"
SIM-LGT-012-064,26.810000,75.870000,unlit,2025-07-21,simulated,"ClearWay simulated sample data - NOT a real observation, generated by data/generate_sample_data.py"
SIM-LGT-012-065,26.810000,75.875000,lit,2025-12-14,simulated,"ClearWay simulated sample data - NOT a real observation, generated by data/generate_sample_data.py"
SIM-LGT-012-066,26.810000,75.880000,partial,2025-12-10,simulated,"ClearWay simulated sample data - NOT a real observation, generated by data/generate_sample_data.py"
SIM-LGT-012-067,26.810000,75.885000,lit,2026-08-16,simulated,"ClearWay simulated sample data - NOT a real observation, generated by data/generate_sample_data.py"
SIM-LGT-012-068,26.810000,75.890000,lit,2026-03-31,simulated,"ClearWay simulated sample data - NOT a real observation, generated by data/generate_sample_data.py"
SIM-LGT-012-069,26.810000,75.895000,lit,2025-12-14,simulated,"ClearWay simulated sample data - NOT a real observation, generated by data/generate_sample_data.py"
SIM-LGT-012-070,26.810000,75.900000,partial,2026-08-09,simulated,"ClearWay simulated sample data - NOT a real observation, generated by data/generate_sample_data.py"
SIM-LGT-013-000,26.815000,75.550000,lit,2026-02-01,simulated,"ClearWay simulated sample data - NOT a real observation, generated by data/generate_sample_data.py"
SIM-LGT-013-001,26.815000,75.555000,lit,2025-04-22,simulated,"ClearWay simulated sample data - NOT a real observation, generated by data/generate_sample_data.py"
SIM-LGT-013-002,26.815000,75.560000,partial,2025-05-19,simulated,"ClearWay simulated sample data - NOT a real observation, generated by data/generate_sample_data.py"
SIM-LGT-013-003,26.815000,75.565000,partial,2025-07-01,simulated,"ClearWay simulated sample data - NOT a real observation, generated by data/generate_sample_data.py"
SIM-LGT-013-004,26.815000,75.570000,lit,2025-09-20,simulated,"ClearWay simulated sample data - NOT a real observation, generated by data/generate_sample_data.py"
SIM-LGT-013-005,26.815000,75.575000,partial,2025-08-22,simulated,"ClearWay simulated sample data - NOT a real observation, generated by data/generate_sample_data.py"
SIM-LGT-013-006,26.815000,75.580000,lit,2026-04-14,simulated,"ClearWay simulated sample data - NOT a real observation, generated by data/generate_sample_data.py"
SIM-LGT-013-007,26.815000,75.585000,lit,2026-07-04,simulated,"ClearWay simulated sample data - NOT a real observation, generated by data/generate_sample_data.py"
SIM-LGT-013-008,26.815000,75.590000,lit,2025-07-06,simulated,"ClearWay simulated sample data - NOT a real observation, generated by data/generate_sample_data.py"
SIM-LGT-013-009,26.815000,75.595000,lit,2026-04-14,simulated,"ClearWay simulated sample data - NOT a real observation, generated by data/generate_sample_data.py"
SIM-LGT-013-010,26.815000,75.600000,lit,2026-02-07,simulated,"ClearWay simulated sample data - NOT a real observation, generated by data/generate_sample_data.py"
SIM-LGT-013-011,26.815000,75.605000,unlit,2025-09-08,simulated,"ClearWay simulated sample data - NOT a real observation, generated by data/generate_sample_data.py"
SIM-LGT-013-012,26.815000,75.610000,lit,2025-10-04,simulated,"ClearWay simulated sample data - NOT a real observation, generated by data/generate_sample_data.py"
SIM-LGT-013-013,26.815000,75.615000,lit,2025-07-23,simulated,"ClearWay simulated sample data - NOT a real observation, generated by data/generate_sample_data.py"
SIM-LGT-013-014,26.815000,75.620000,partial,2026-06-08,simulated,"ClearWay simulated sample data - NOT a real observation, generated by data/generate_sample_data.py"
SIM-LGT-013-015,26.815000,75.625000,partial,2025-04-18,simulated,"ClearWay simulated sample data - NOT a real observation, generated by data/generate_sample_data.py"
SIM-LGT-013-016,26.815000,75.630000,partial,2026-05-12,simulated,"ClearWay simulated sample data - NOT a real observation, generated by data/generate_sample_data.py"
SIM-LGT-013-017,26.815000,75.635000,lit,2025-08-28,simulated,"ClearWay simulated sample data - NOT a real observation, generated by data/generate_sample_data.py"
SIM-LGT-013-018,26.815000,75.640000,lit,2026-01-10,simulated,"ClearWay simulated sample data - NOT a real observation, generated by data/generate_sample_data.py"
SIM-LGT-013-019,26.815000,75.645000,unlit,2025-07-27,simulated,"ClearWay simulated sample data - NOT a real observation, generated by data/generate_sample_data.py"
SIM-LGT-013-020,26.815000,75.650000,lit,2026-03-14,simulated,"ClearWay simulated sample data - NOT a real observation, generated by data/generate_sample_data.py"
SIM-LGT-013-021,26.815000,75.655000,lit,2025-08-17,simulated,"ClearWay simulated sample data - NOT a real observation, generated by data/generate_sample_data.py"
SIM-LGT-013-022,26.815000,75.660000,lit,2026-07-26,simulated,"ClearWay simulated sample data - NOT a real observation, generated by data/generate_sample_data.py"
SIM-LGT-013-023,26.815000,75.665000,partial,2026-01-25,simulated,"ClearWay simulated sample data - NOT a real observation, generated by data/generate_sample_data.py"
SIM-LGT-013-024,26.815000,75.670000,lit,2026-06-14,simulated,"ClearWay simulated sample data - NOT a real observation, generated by data/generate_sample_data.py"
SIM-LGT-013-025,26.815000,75.675000,unlit,2025-05-15,simulated,"ClearWay simulated sample data - NOT a real observation, generated by data/generate_sample_data.py"
SIM-LGT-013-026,26.815000,75.680000,lit,2025-08-18,simulated,"ClearWay simulated sample data - NOT a real observation, generated by data/generate_sample_data.py"
SIM-LGT-013-027,26.815000,75.685000,lit,2025-12-30,simulated,"ClearWay simulated sample data - NOT a real observation, generated by data/generate_sample_data.py"
SIM-LGT-013-028,26.815000,75.690000,lit,2026-06-15,simulated,"ClearWay simulated sample data - NOT a real observation, generated by data/generate_sample_data.py"
SIM-LGT-013-029,26.815000,75.695000,partial,2026-05-26,simulated,"ClearWay simulated sample data - NOT a real observation, generated by data/generate_sample_data.py"
SIM-LGT-013-030,26.815000,75.700000,partial,2026-07-22,simulated,"ClearWay simulated sample data - NOT a real observation, generated by data/generate_sample_data.py"
SIM-LGT-013-031,26.815000,75.705000,lit,2026-03-11,simulated,"ClearWay simulated sample data - NOT a real observation, generated by data/generate_sample_data.py"
SIM-LGT-013-032,26.815000,75.710000,unlit,2026-05-22,simulated,"ClearWay simulated sample data - NOT a real observation, generated by data/generate_sample_data.py"
SIM-LGT-013-033,26.815000,75.715000,lit,2026-07-19,simulated,"ClearWay simulated sample data - NOT a real observation, generated by data/generate_sample_data.py"
SIM-LGT-013-034,26.815000,75.720000,lit,2025-06-18,simulated,"ClearWay simulated sample data - NOT a real observation, generated by data/generate_sample_data.py"
SIM-LGT-013-035,26.815000,75.725000,lit,2025-12-04,simulated,"ClearWay simulated sample data - NOT a real observation, generated by data/generate_sample_data.py"
SIM-LGT-013-036,26.815000,75.730000,partial,2026-07-27,simulated,"ClearWay simulated sample data - NOT a real observation, generated by data/generate_sample_data.py"
SIM-LGT-013-037,26.815000,75.735000,partial,2026-05-06,simulated,"ClearWay simulated sample data - NOT a real observation, generated by data/generate_sample_data.py"
SIM-LGT-013-038,26.815000,75.740000,lit,2025-05-23,simulated,"ClearWay simulated sample data - NOT a real observation, generated by data/generate_sample_data.py"
SIM-LGT-013-039,26.815000,75.745000,lit,2025-06-23,simulated,"ClearWay simulated sample data - NOT a real observation, generated by data/generate_sample_data.py"
SIM-LGT-013-040,26.815000,75.750000,partial,2025-06-30,simulated,"ClearWay simulated sample data - NOT a real observation, generated by data/generate_sample_data.py"
SIM-LGT-013-041,26.815000,75.755000,lit,2026-08-28,simulated,"ClearWay simulated sample data - NOT a real observation, generated by data/generate_sample_data.py"
SIM-LGT-013-042,26.815000,75.760000,partial,2025-12-28,simulated,"ClearWay simulated sample data - NOT a real observation, generated by data/generate_sample_data.py"
SIM-LGT-013-043,26.815000,75.765000,lit,2025-09-14,simulated,"ClearWay simulated sample data - NOT a real observation, generated by data/generate_sample_data.py"
SIM-LGT-013-044,26.815000,75.770000,lit,2025-11-28,simulated,"ClearWay simulated sample data - NOT a real observation, generated by data/generate_sample_data.py"
SIM-LGT-013-045,26.815000,75.775000,partial,2025-12-16,simulated,"ClearWay simulated sample data - NOT a real observation, generated by data/generate_sample_data.py"
SIM-LGT-013-046,26.815000,75.780000,lit,2025-11-19,simulated,"ClearWay simulated sample data - NOT a real observation, generated by data/generate_sample_data.py"
SIM-LGT-013-047,26.815000,75.785000,lit,2025-06-27,simulated,"ClearWay simulated sample data - NOT a real observation, generated by data/generate_sample_data.py"
SIM-LGT-013-048,26.815000,75.790000,lit,2026-06-01,simulated,"ClearWay simulated sample data - NOT a real observation, generated by data/generate_sample_data.py"
SIM-LGT-013-049,26.815000,75.795000,partial,2026-05-08,simulated,"ClearWay simulated sample data - NOT a real observation, generated by data/generate_sample_data.py"
SIM-LGT-013-050,26.815000,75.800000,lit,2025-08-28,simulated,"ClearWay simulated sample data - NOT a real observation, generated by data/generate_sample_data.py"
SIM-LGT-013-051,26.815000,75.805000,partial,2025-08-23,simulated,"ClearWay simulated sample data - NOT a real observation, generated by data/generate_sample_data.py"
SIM-LGT-013-052,26.815000,75.810000,lit,2026-06-21,simulated,"ClearWay simulated sample data - NOT a real observation, generated by data/generate_sample_data.py"
SIM-LGT-013-053,26.815000,75.815000,lit,2026-06-01,simulated,"ClearWay simulated sample data - NOT a real observation, generated by data/generate_sample_data.py"
SIM-LGT-013-054,26.815000,75.820000,unlit,2025-08-10,simulated,"ClearWay simulated sample data - NOT a real observation, generated by data/generate_sample_data.py"
SIM-LGT-013-055,26.815000,75.825000,lit,2026-01-03,simulated,"ClearWay simulated sample data - NOT a real observation, generated by data/generate_sample_data.py"
SIM-LGT-013-056,26.815000,75.830000,lit,2026-08-25,simulated,"ClearWay simulated sample data - NOT a real observation, generated by data/generate_sample_data.py"
SIM-LGT-013-057,26.815000,75.835000,lit,2026-07-16,simulated,"ClearWay simulated sample data - NOT a real observation, generated by data/generate_sample_data.py"
SIM-LGT-013-058,26.815000,75.840000,partial,2025-09-13,simulated,"ClearWay simulated sample data - NOT a real observation, generated by data/generate_sample_data.py"
SIM-LGT-013-059,26.815000,75.845000,lit,2026-07-23,simulated,"ClearWay simulated sample data - NOT a real observation, generated by data/generate_sample_data.py"
SIM-LGT-013-060,26.815000,75.850000,partial,2026-05-23,simulated,"ClearWay simulated sample data - NOT a real observation, generated by data/generate_sample_data.py"
SIM-LGT-013-061,26.815000,75.855000,lit,2025-06-20,simulated,"ClearWay simulated sample data - NOT a real observation, generated by data/generate_sample_data.py"
SIM-LGT-013-062,26.815000,75.860000,lit,2025-09-05,simulated,"ClearWay simulated sample data - NOT a real observation, generated by data/generate_sample_data.py"
SIM-LGT-013-063,26.815000,75.865000,unlit,2025-06-05,simulated,"ClearWay simulated sample data - NOT a real observation, generated by data/generate_sample_data.py"
SIM-LGT-013-064,26.815000,75.870000,lit,2026-03-14,simulated,"ClearWay simulated sample data - NOT a real observation, generated by data/generate_sample_data.py"
SIM-LGT-013-065,26.815000,75.875000,lit,2026-09-02,simulated,"ClearWay simulated sample data - NOT a real observation, generated by data/generate_sample_data.py"
SIM-LGT-013-066,26.815000,75.880000,lit,2025-10-30,simulated,"ClearWay simulated sample data - NOT a real observation, generated by data/generate_sample_data.py"
SIM-LGT-013-067,26.815000,75.885000,lit,2026-01-30,simulated,"ClearWay simulated sample data - NOT a real observation, generated by data/generate_sample_data.py"
SIM-LGT-013-068,26.815000,75.890000,lit,2026-07-28,simulated,"ClearWay simulated sample data - NOT a real observation, generated by data/generate_sample_data.py"
SIM-LGT-013-069,26.815000,75.895000,lit,2025-05-09,simulated,"ClearWay simulated sample data - NOT a real observation, generated by data/generate_sample_data.py"
SIM-LGT-013-070,26.815000,75.900000,partial,2025-05-12,simulated,"ClearWay simulated sample data - NOT a real observation, generated by data/generate_sample_data.py"
SIM-LGT-014-000,26.820000,75.550000,partial,2025-08-04,simulated,"ClearWay simulated sample data - NOT a real observation, generated by data/generate_sample_data.py"
SIM-LGT-014-001,26.820000,75.555000,lit,2026-07-17,simulated,"ClearWay simulated sample data - NOT a real observation, generated by data/generate_sample_data.py"
SIM-LGT-014-002,26.820000,75.560000,unlit,2026-06-01,simulated,"ClearWay simulated sample data - NOT a real observation, generated by data/generate_sample_data.py"
SIM-LGT-014-003,26.820000,75.565000,lit,2025-05-30,simulated,"ClearWay simulated sample data - NOT a real observation, generated by data/generate_sample_data.py"
SIM-LGT-014-004,26.820000,75.570000,lit,2025-06-26,simulated,"ClearWay simulated sample data - NOT a real observation, generated by data/generate_sample_data.py"
SIM-LGT-014-005,26.820000,75.575000,unlit,2026-02-07,simulated,"ClearWay simulated sample data - NOT a real observation, generated by data/generate_sample_data.py"
SIM-LGT-014-006,26.820000,75.580000,partial,2025-09-25,simulated,"ClearWay simulated sample data - NOT a real observation, generated by data/generate_sample_data.py"
SIM-LGT-014-007,26.820000,75.585000,partial,2025-06-21,simulated,"ClearWay simulated sample data - NOT a real observation, generated by data/generate_sample_data.py"
SIM-LGT-014-008,26.820000,75.590000,lit,2025-05-10,simulated,"ClearWay simulated sample data - NOT a real observation, generated by data/generate_sample_data.py"
SIM-LGT-014-009,26.820000,75.595000,partial,2026-05-27,simulated,"ClearWay simulated sample data - NOT a real observation, generated by data/generate_sample_data.py"
SIM-LGT-014-010,26.820000,75.600000,partial,2026-04-29,simulated,"ClearWay simulated sample data - NOT a real observation, generated by data/generate_sample_data.py"
SIM-LGT-014-011,26.820000,75.605000,partial,2025-04-26,simulated,"ClearWay simulated sample data - NOT a real observation, generated by data/generate_sample_data.py"
SIM-LGT-014-012,26.820000,75.610000,unlit,2026-07-04,simulated,"ClearWay simulated sample data - NOT a real observation, generated by data/generate_sample_data.py"
SIM-LGT-014-013,26.820000,75.615000,lit,2026-02-22,simulated,"ClearWay simulated sample data - NOT a real observation, generated by data/generate_sample_data.py"
SIM-LGT-014-014,26.820000,75.620000,unlit,2025-09-25,simulated,"ClearWay simulated sample data - NOT a real observation, generated by data/generate_sample_data.py"
SIM-LGT-014-015,26.820000,75.625000,lit,2026-01-06,simulated,"ClearWay simulated sample data - NOT a real observation, generated by data/generate_sample_data.py"
SIM-LGT-014-016,26.820000,75.630000,lit,2025-05-12,simulated,"ClearWay simulated sample data - NOT a real observation, generated by data/generate_sample_data.py"
SIM-LGT-014-017,26.820000,75.635000,lit,2026-06-27,simulated,"ClearWay simulated sample data - NOT a real observation, generated by data/generate_sample_data.py"
SIM-LGT-014-018,26.820000,75.640000,lit,2025-07-06,simulated,"ClearWay simulated sample data - NOT a real observation, generated by data/generate_sample_data.py"
SIM-LGT-014-019,26.820000,75.645000,partial,2026-09-04,simulated,"ClearWay simulated sample data - NOT a real observation, generated by data/generate_sample_data.py"
SIM-LGT-014-020,26.820000,75.650000,lit,2025-06-23,simulated,"ClearWay simulated sample data - NOT a real observation, generated by data/generate_sample_data.py"
SIM-LGT-014-021,26.820000,75.655000,lit,2026-07-02,simulated,"ClearWay simulated sample data - NOT a real observation, generated by data/generate_sample_data.py"
SIM-LGT-014-022,26.820000,75.660000,lit,2025-04-21,simulated,"ClearWay simulated sample data - NOT a real observation, generated by data/generate_sample_data.py"
SIM-LGT-014-023,26.820000,75.665000,lit,2026-08-08,simulated,"ClearWay simulated sample data - NOT a real observation, generated by data/generate_sample_data.py"
SIM-LGT-014-024,26.820000,75.670000,partial,2025-07-12,simulated,"ClearWay simulated sample data - NOT a real observation, generated by data/generate_sample_data.py"
SIM-LGT-014-025,26.820000,75.675000,lit,2026-07-18,simulated,"ClearWay simulated sample data - NOT a real observation, generated by data/generate_sample_data.py"
SIM-LGT-014-026,26.820000,75.680000,partial,2026-06-30,simulated,"ClearWay simulated sample data - NOT a real observation, generated by data/generate_sample_data.py"
SIM-LGT-014-027,26.820000,75.685000,unlit,2026-04-23,simulated,"ClearWay simulated sample data - NOT a real observation, generated by data/generate_sample_data.py"
SIM-LGT-014-028,26.820000,75.690000,lit,2025-05-07,simulated,"ClearWay simulated sample data - NOT a real observation, generated by data/generate_sample_data.py"
SIM-LGT-014-029,26.820000,75.695000,lit,2026-06-20,simulated,"ClearWay simulated sample data - NOT a real observation, generated by data/generate_sample_data.py"
SIM-LGT-014-030,26.820000,75.700000,lit,2025-10-25,simulated,"ClearWay simulated sample data - NOT a real observation, generated by data/generate_sample_data.py"
SIM-LGT-014-031,26.820000,75.705000,lit,2025-12-07,simulated,"ClearWay simulated sample data - NOT a real observation, generated by data/generate_sample_data.py"
SIM-LGT-014-032,26.820000,75.710000,partial,2026-05-24,simulated,"ClearWay simulated sample data - NOT a real observation, generated by data/generate_sample_data.py"
SIM-LGT-014-033,26.820000,75.715000,unlit,2026-02-06,simulated,"ClearWay simulated sample data - NOT a real observation, generated by data/generate_sample_data.py"
SIM-LGT-014-034,26.820000,75.720000,partial,2025-05-17,simulated,"ClearWay simulated sample data - NOT a real observation, generated by data/generate_sample_data.py"
SIM-LGT-014-035,26.820000,75.725000,unlit,2026-08-07,simulated,"ClearWay simulated sample data - NOT a real observation, generated by data/generate_sample_data.py"
SIM-LGT-014-036,26.820000,75.730000,lit,2025-10-28,simulated,"ClearWay simulated sample data - NOT a real observation, generated by data/generate_sample_data.py"
SIM-LGT-014-037,26.820000,75.735000,partial,2025-08-11,simulated,"ClearWay simulated sample data - NOT a real observation, generated by data/generate_sample_data.py"
SIM-LGT-014-038,26.820000,75.740000,partial,2025-11-29,simulated,"ClearWay simulated sample data - NOT a real observation, generated by data/generate_sample_data.py"
SIM-LGT-014-039,26.820000,75.745000,lit,2026-05-12,simulated,"ClearWay simulated sample data - NOT a real observation, generated by data/generate_sample_data.py"
SIM-LGT-014-040,26.820000,75.750000,lit,2026-06-11,simulated,"ClearWay simulated sample data - NOT a real observation, generated by data/generate_sample_data.py"
SIM-LGT-014-041,26.820000,75.755000,lit,2025-10-22,simulated,"ClearWay simulated sample data - NOT a real observation, generated by data/generate_sample_data.py"
SIM-LGT-014-042,26.820000,75.760000,partial,2026-07-29,simulated,"ClearWay simulated sample data - NOT a real observation, generated by data/generate_sample_data.py"
SIM-LGT-014-043,26.820000,75.765000,unlit,2026-02-28,simulated,"ClearWay simulated sample data - NOT a real observation, generated by data/generate_sample_data.py"
SIM-LGT-014-044,26.820000,75.770000,lit,2026-07-04,simulated,"ClearWay simulated sample data - NOT a real observation, generated by data/generate_sample_data.py"
SIM-LGT-014-045,26.820000,75.775000,partial,2025-12-05,simulated,"ClearWay simulated sample data - NOT a real observation, generated by data/generate_sample_data.py"
SIM-LGT-014-046,26.820000,75.780000,lit,2025-07-18,simulated,"ClearWay simulated sample data - NOT a real observation, generated by data/generate_sample_data.py"
SIM-LGT-014-047,26.820000,75.785000,partial,2026-07-28,simulated,"ClearWay simulated sample data - NOT a real observation, generated by data/generate_sample_data.py"
SIM-LGT-014-048,26.820000,75.790000,lit,2025-12-24,simulated,"ClearWay simulated sample data - NOT a real observation, generated by data/generate_sample_data.py"
SIM-LGT-014-049,26.820000,75.795000,partial,2026-01-07,simulated,"ClearWay simulated sample data - NOT a real observation, generated by data/generate_sample_data.py"
SIM-LGT-014-050,26.820000,75.800000,unlit,2025-06-27,simulated,"ClearWay simulated sample data - NOT a real observation, generated by data/generate_sample_data.py"
SIM-LGT-014-051,26.820000,75.805000,partial,2026-05-01,simulated,"ClearWay simulated sample data - NOT a real observation, generated by data/generate_sample_data.py"
SIM-LGT-014-052,26.820000,75.810000,lit,2026-02-19,simulated,"ClearWay simulated sample data - NOT a real observation, generated by data/generate_sample_data.py"
SIM-LGT-014-053,26.820000,75.815000,partial,2026-03-20,simulated,"ClearWay simulated sample data - NOT a real observation, generated by data/generate_sample_data.py"
SIM-LGT-014-054,26.820000,75.820000,partial,2026-03-25,simulated,"ClearWay simulated sample data - NOT a real observation, generated by data/generate_sample_data.py"
SIM-LGT-014-055,26.820000,75.825000,lit,2026-05-22,simulated,"ClearWay simulated sample data - NOT a real observation, generated by data/generate_sample_data.py"
SIM-LGT-014-056,26.820000,75.830000,partial,2026-01-29,simulated,"ClearWay simulated sample data - NOT a real observation, generated by data/generate_sample_data.py"
SIM-LGT-014-057,26.820000,75.835000,lit,2026-04-13,simulated,"ClearWay simulated sample data - NOT a real observation, generated by data/generate_sample_data.py"
SIM-LGT-014-058,26.820000,75.840000,lit,2025-05-31,simulated,"ClearWay simulated sample data - NOT a real observation, generated by data/generate_sample_data.py"
SIM-LGT-014-059,26.820000,75.845000,lit,2025-05-10,simulated,"ClearWay simulated sample data - NOT a real observation, generated by data/generate_sample_data.py"
SIM-LGT-014-060,26.820000,75.850000,unlit,2026-08-19,simulated,"ClearWay simulated sample data - NOT a real observation, generated by data/generate_sample_data.py"
SIM-LGT-014-061,26.820000,75.855000,partial,2025-11-16,simulated,"ClearWay simulated sample data - NOT a real observation, generated by data/generate_sample_data.py"
SIM-LGT-014-062,26.820000,75.860000,partial,2026-05-06,simulated,"ClearWay simulated sample data - NOT a real observation, generated by data/generate_sample_data.py"
SIM-LGT-014-063,26.820000,75.865000,partial,2025-10-06,simulated,"ClearWay simulated sample data - NOT a real observation, generated by data/generate_sample_data.py"
SIM-LGT-014-064,26.820000,75.870000,partial,2026-03-19,simulated,"ClearWay simulated sample data - NOT a real observation, generated by data/generate_sample_data.py"
SIM-LGT-014-065,26.820000,75.875000,unlit,2025-12-31,simulated,"ClearWay simulated sample data - NOT a real observation, generated by data/generate_sample_data.py"
SIM-LGT-014-066,26.820000,75.880000,lit,2026-01-13,simulated,"ClearWay simulated sample data - NOT a real observation, generated by data/generate_sample_data.py"
SIM-LGT-014-067,26.820000,75.885000,lit,2025-10-26,simulated,"ClearWay simulated sample data - NOT a real observation, generated by data/generate_sample_data.py"
SIM-LGT-014-068,26.820000,75.890000,lit,2026-05-08,simulated,"ClearWay simulated sample data - NOT a real observation, generated by data/generate_sample_data.py"
SIM-LGT-014-069,26.820000,75.895000,lit,2025-06-01,simulated,"ClearWay simulated sample data - NOT a real observation, generated by data/generate_sample_data.py"
SIM-LGT-014-070,26.820000,75.900000,lit,2025-06-13,simulated,"ClearWay simulated sample data - NOT a real observation, generated by data/generate_sample_data.py"
SIM-LGT-015-000,26.825000,75.550000,lit,2026-06-30,simulated,"ClearWay simulated sample data - NOT a real observation, generated by data/generate_sample_data.py"
SIM-LGT-015-001,26.825000,75.555000,lit,2025-08-21,simulated,"ClearWay simulated sample data - NOT a real observation, generated by data/generate_sample_data.py"
SIM-LGT-015-002,26.825000,75.560000,lit,2025-06-06,simulated,"ClearWay simulated sample data - NOT a real observation, generated by data/generate_sample_data.py"
SIM-LGT-015-003,26.825000,75.565000,lit,2026-02-22,simulated,"ClearWay simulated sample data - NOT a real observation, generated by data/generate_sample_data.py"
SIM-LGT-015-004,26.825000,75.570000,unlit,2025-08-21,simulated,"ClearWay simulated sample data - NOT a real observation, generated by data/generate_sample_data.py"
SIM-LGT-015-005,26.825000,75.575000,unlit,2026-01-29,simulated,"ClearWay simulated sample data - NOT a real observation, generated by data/generate_sample_data.py"
SIM-LGT-015-006,26.825000,75.580000,lit,2025-12-08,simulated,"ClearWay simulated sample data - NOT a real observation, generated by data/generate_sample_data.py"
SIM-LGT-015-007,26.825000,75.585000,lit,2025-10-26,simulated,"ClearWay simulated sample data - NOT a real observation, generated by data/generate_sample_data.py"
SIM-LGT-015-008,26.825000,75.590000,partial,2026-08-19,simulated,"ClearWay simulated sample data - NOT a real observation, generated by data/generate_sample_data.py"
SIM-LGT-015-009,26.825000,75.595000,lit,2026-01-17,simulated,"ClearWay simulated sample data - NOT a real observation, generated by data/generate_sample_data.py"
SIM-LGT-015-010,26.825000,75.600000,unlit,2025-07-24,simulated,"ClearWay simulated sample data - NOT a real observation, generated by data/generate_sample_data.py"
SIM-LGT-015-011,26.825000,75.605000,lit,2026-03-24,simulated,"ClearWay simulated sample data - NOT a real observation, generated by data/generate_sample_data.py"
SIM-LGT-015-012,26.825000,75.610000,lit,2025-10-08,simulated,"ClearWay simulated sample data - NOT a real observation, generated by data/generate_sample_data.py"
SIM-LGT-015-013,26.825000,75.615000,partial,2025-11-22,simulated,"ClearWay simulated sample data - NOT a real observation, generated by data/generate_sample_data.py"
SIM-LGT-015-014,26.825000,75.620000,partial,2026-04-16,simulated,"ClearWay simulated sample data - NOT a real observation, generated by data/generate_sample_data.py"
SIM-LGT-015-015,26.825000,75.625000,lit,2026-06-09,simulated,"ClearWay simulated sample data - NOT a real observation, generated by data/generate_sample_data.py"
SIM-LGT-015-016,26.825000,75.630000,lit,2026-08-03,simulated,"ClearWay simulated sample data - NOT a real observation, generated by data/generate_sample_data.py"
SIM-LGT-015-017,26.825000,75.635000,partial,2025-11-25,simulated,"ClearWay simulated sample data - NOT a real observation, generated by data/generate_sample_data.py"
SIM-LGT-015-018,26.825000,75.640000,lit,2026-06-27,simulated,"ClearWay simulated sample data - NOT a real observation, generated by data/generate_sample_data.py"
SIM-LGT-015-019,26.825000,75.645000,partial,2025-06-14,simulated,"ClearWay simulated sample data - NOT a real observation, generated by data/generate_sample_data.py"
SIM-LGT-015-020,26.825000,75.650000,lit,2025-11-20,simulated,"ClearWay simulated sample data - NOT a real observation, generated by data/generate_sample_data.py"
SIM-LGT-015-021,26.825000,75.655000,lit,2025-10-24,simulated,"ClearWay simulated sample data - NOT a real observation, generated by data/generate_sample_data.py"
SIM-LGT-015-022,26.825000,75.660000,partial,2025-05-30,simulated,"ClearWay simulated sample data - NOT a real observation, generated by data/generate_sample_data.py"
SIM-LGT-015-023,26.825000,75.665000,lit,2025-11-23,simulated,"ClearWay simulated sample data - NOT a real observation, generated by data/generate_sample_data.py"
SIM-LGT-015-024,26.825000,75.670000,lit,2026-05-25,simulated,"ClearWay simulated sample data - NOT a real observation, generated by data/generate_sample_data.py"
SIM-LGT-015-025,26.825000,75.675000,partial,2026-04-11,simulated,"ClearWay simulated sample data - NOT a real observation, generated by data/generate_sample_data.py"
SIM-LGT-015-026,26.825000,75.680000,unlit,2026-04-09,simulated,"ClearWay simulated sample data - NOT a real observation, generated by data/generate_sample_data.py"
SIM-LGT-015-027,26.825000,75.685000,lit,2025-11-05,simulated,"ClearWay simulated sample data - NOT a real observation, generated by data/generate_sample_data.py"
SIM-LGT-015-028,26.825000,75.690000,lit,2026-08-12,simulated,"ClearWay simulated sample data - NOT a real observation, generated by data/generate_sample_data.py"
SIM-LGT-015-029,26.825000,75.695000,lit,2026-07-11,simulated,"ClearWay simulated sample data - NOT a real observation, generated by data/generate_sample_data.py"
SIM-LGT-015-030,26.825000,75.700000,unlit,2025-12-31,simulated,"ClearWay simulated sample data - NOT a real observation, generated by data/generate_sample_data.py"
SIM-LGT-015-031,26.825000,75.705000,partial,2025-11-14,simulated,"ClearWay simulated sample data - NOT a real observation, generated by data/generate_sample_data.py"
SIM-LGT-015-032,26.825000,75.710000,lit,2026-08-22,simulated,"ClearWay simulated sample data - NOT a real observation, generated by data/generate_sample_data.py"
SIM-LGT-015-033,26.825000,75.715000,partial,2026-07-30,simulated,"ClearWay simulated sample data - NOT a real observation, generated by data/generate_sample_data.py"
SIM-LGT-015-034,26.825000,75.720000,lit,2025-10-06,simulated,"ClearWay simulated sample data - NOT a real observation, generated by data/generate_sample_data.py"
SIM-LGT-015-035,26.825000,75.725000,partial,2026-06-12,simulated,"ClearWay simulated sample data - NOT a real observation, generated by data/generate_sample_data.py"
SIM-LGT-015-036,26.825000,75.730000,lit,2026-04-15,simulated,"ClearWay simulated sample data - NOT a real observation, generated by data/generate_sample_data.py"
SIM-LGT-015-037,26.825000,75.735000,lit,2026-08-07,simulated,"ClearWay simulated sample data - NOT a real observation, generated by data/generate_sample_data.py"
SIM-LGT-015-038,26.825000,75.740000,partial,2026-08-23,simulated,"ClearWay simulated sample data - NOT a real observation, generated by data/generate_sample_data.py"
SIM-LGT-015-039,26.825000,75.745000,lit,2026-01-31,simulated,"ClearWay simulated sample data - NOT a real observation, generated by data/generate_sample_data.py"
SIM-LGT-015-040,26.825000,75.750000,lit,2025-04-19,simulated,"ClearWay simulated sample data - NOT a real observation, generated by data/generate_sample_data.py"
SIM-LGT-015-041,26.825000,75.755000,lit,2026-03-07,simulated,"ClearWay simulated sample data - NOT a real observation, generated by data/generate_sample_data.py"
SIM-LGT-015-042,26.825000,75.760000,unlit,2025-11-21,simulated,"ClearWay simulated sample data - NOT a real observation, generated by data/generate_sample_data.py"
SIM-LGT-015-043,26.825000,75.765000,lit,2026-06-15,simulated,"ClearWay simulated sample data - NOT a real observation, generated by data/generate_sample_data.py"
SIM-LGT-015-044,26.825000,75.770000,unlit,2026-01-21,simulated,"ClearWay simulated sample data - NOT a real observation, generated by data/generate_sample_data.py"
SIM-LGT-015-045,26.825000,75.775000,unlit,2026-06-16,simulated,"ClearWay simulated sample data - NOT a real observation, generated by data/generate_sample_data.py"
SIM-LGT-015-046,26.825000,75.780000,partial,2025-11-08,simulated,"ClearWay simulated sample data - NOT a real observation, generated by data/generate_sample_data.py"
SIM-LGT-015-047,26.825000,75.785000,partial,2026-05-26,simulated,"ClearWay simulated sample data - NOT a real observation, generated by data/generate_sample_data.py"
SIM-LGT-015-048,26.825000,75.790000,lit,2025-07-09,simulated,"ClearWay simulated sample data - NOT a real observation, generated by data/generate_sample_data.py"
SIM-LGT-015-049,26.825000,75.795000,partial,2025-11-07,simulated,"ClearWay simulated sample data - NOT a real observation, generated by data/generate_sample_data.py"
SIM-LGT-015-050,26.825000,75.800000,lit,2026-05-25,simulated,"ClearWay simulated sample data - NOT a real observation, generated by data/generate_sample_data.py"
SIM-LGT-015-051,26.825000,75.805000,partial,2025-07-31,simulated,"ClearWay simulated sample data - NOT a real observation, generated by data/generate_sample_data.py"
SIM-LGT-015-052,26.825000,75.810000,lit,2025-08-11,simulated,"ClearWay simulated sample data - NOT a real observation, generated by data/generate_sample_data.py"
SIM-LGT-015-053,26.825000,75.815000,partial,2025-07-28,simulated,"ClearWay simulated sample data - NOT a real observation, generated by data/generate_sample_data.py"
SIM-LGT-015-054,26.825000,75.820000,unlit,2026-05-08,simulated,"ClearWay simulated sample data - NOT a real observation, generated by data/generate_sample_data.py"
SIM-LGT-015-055,26.825000,75.825000,lit,2025-10-21,simulated,"ClearWay simulated sample data - NOT a real observation, generated by data/generate_sample_data.py"
SIM-LGT-015-056,26.825000,75.830000,lit,2025-08-31,simulated,"ClearWay simulated sample data - NOT a real observation, generated by data/generate_sample_data.py"
SIM-LGT-015-057,26.825000,75.835000,partial,2026-06-26,simulated,"ClearWay simulated sample data - NOT a real observation, generated by data/generate_sample_data.py"
SIM-LGT-015-058,26.825000,75.840000,partial,2026-04-16,simulated,"ClearWay simulated sample data - NOT a real observation, generated by data/generate_sample_data.py"
SIM-LGT-015-059,26.825000,75.845000,lit,2025-12-03,simulated,"ClearWay simulated sample data - NOT a real observation, generated by data/generate_sample_data.py"
SIM-LGT-015-060,26.825000,75.850000,lit,2025-10-18,simulated,"ClearWay simulated sample data - NOT a real observation, generated by data/generate_sample_data.py"
SIM-LGT-015-061,26.825000,75.855000,lit,2025-06-23,simulated,"ClearWay simulated sample data - NOT a real observation, generated by data/generate_sample_data.py"
SIM-LGT-015-062,26.825000,75.860000,lit,2026-07-20,simulated,"ClearWay simulated sample data - NOT a real observation, generated by data/generate_sample_data.py"
SIM-LGT-015-063,26.825000,75.865000,lit,2026-06-15,simulated,"ClearWay simulated sample data - NOT a real observation, generated by data/generate_sample_data.py"
SIM-LGT-015-064,26.825000,75.870000,partial,2026-07-28,simulated,"ClearWay simulated sample data - NOT a real observation, generated by data/generate_sample_data.py"
SIM-LGT-015-065,26.825000,75.875000,lit,2026-04-03,simulated,"ClearWay simulated sample data - NOT a real observation, generated by data/generate_sample_data.py"
SIM-LGT-015-066,26.825000,75.880000,lit,2026-06-30,simulated,"ClearWay simulated sample data - NOT a real observation, generated by data/generate_sample_data.py"
SIM-LGT-015-067,26.825000,75.885000,unlit,2026-07-07,simulated,"ClearWay simulated sample data - NOT a real observation, generated by data/generate_sample_data.py"
SIM-LGT-015-068,26.825000,75.890000,unlit,2025-09-27,simulated,"ClearWay simulated sample data - NOT a real observation, generated by data/generate_sample_data.py"
SIM-LGT-015-069,26.825000,75.895000,lit,2025-05-18,simulated,"ClearWay simulated sample data - NOT a real observation, generated by data/generate_sample_data.py"
SIM-LGT-015-070,26.825000,75.900000,lit,2026-04-14,simulated,"ClearWay simulated sample data - NOT a real observation, generated by data/generate_sample_data.py"
SIM-LGT-016-000,26.830000,75.550000,lit,2025-10-07,simulated,"ClearWay simulated sample data - NOT a real observation, generated by data/generate_sample_data.py"
SIM-LGT-016-001,26.830000,75.555000,lit,2026-05-04,simulated,"ClearWay simulated sample data - NOT a real observation, generated by data/generate_sample_data.py"
SIM-LGT-016-002,26.830000,75.560000,lit,2025-12-13,simulated,"ClearWay simulated sample data - NOT a real observation, generated by data/generate_sample_data.py"
SIM-LGT-016-003,26.830000,75.565000,lit,2026-08-24,simulated,"ClearWay simulated sample data - NOT a real observation, generated by data/generate_sample_data.py"
SIM-LGT-016-004,26.830000,75.570000,lit,2026-03-10,simulated,"ClearWay simulated sample data - NOT a real observation, generated by data/generate_sample_data.py"
SIM-LGT-016-005,26.830000,75.575000,unlit,2025-09-18,simulated,"ClearWay simulated sample data - NOT a real observation, generated by data/generate_sample_data.py"
SIM-LGT-016-006,26.830000,75.580000,lit,2025-05-09,simulated,"ClearWay simulated sample data - NOT a real observation, generated by data/generate_sample_data.py"
SIM-LGT-016-007,26.830000,75.585000,lit,2026-06-11,simulated,"ClearWay simulated sample data - NOT a real observation, generated by data/generate_sample_data.py"
SIM-LGT-016-008,26.830000,75.590000,lit,2026-07-24,simulated,"ClearWay simulated sample data - NOT a real observation, generated by data/generate_sample_data.py"
SIM-LGT-016-009,26.830000,75.595000,lit,2025-12-22,simulated,"ClearWay simulated sample data - NOT a real observation, generated by data/generate_sample_data.py"
SIM-LGT-016-010,26.830000,75.600000,lit,2026-01-17,simulated,"ClearWay simulated sample data - NOT a real observation, generated by data/generate_sample_data.py"
SIM-LGT-016-011,26.830000,75.605000,lit,2026-09-07,simulated,"ClearWay simulated sample data - NOT a real observation, generated by data/generate_sample_data.py"
SIM-LGT-016-012,26.830000,75.610000,lit,2025-11-06,simulated,"ClearWay simulated sample data - NOT a real observation, generated by data/generate_sample_data.py"
SIM-LGT-016-013,26.830000,75.615000,partial,2026-05-17,simulated,"ClearWay simulated sample data - NOT a real observation, generated by data/generate_sample_data.py"
SIM-LGT-016-014,26.830000,75.620000,partial,2026-07-15,simulated,"ClearWay simulated sample data - NOT a real observation, generated by data/generate_sample_data.py"
SIM-LGT-016-015,26.830000,75.625000,partial,2026-05-23,simulated,"ClearWay simulated sample data - NOT a real observation, generated by data/generate_sample_data.py"
SIM-LGT-016-016,26.830000,75.630000,lit,2025-09-01,simulated,"ClearWay simulated sample data - NOT a real observation, generated by data/generate_sample_data.py"
SIM-LGT-016-017,26.830000,75.635000,lit,2026-01-22,simulated,"ClearWay simulated sample data - NOT a real observation, generated by data/generate_sample_data.py"
SIM-LGT-016-018,26.830000,75.640000,partial,2025-12-30,simulated,"ClearWay simulated sample data - NOT a real observation, generated by data/generate_sample_data.py"
SIM-LGT-016-019,26.830000,75.645000,lit,2026-02-05,simulated,"ClearWay simulated sample data - NOT a real observation, generated by data/generate_sample_data.py"
SIM-LGT-016-020,26.830000,75.650000,partial,2026-01-07,simulated,"ClearWay simulated sample data - NOT a real observation, generated by data/generate_sample_data.py"
SIM-LGT-016-021,26.830000,75.655000,partial,2026-02-26,simulated,"ClearWay simulated sample data - NOT a real observation, generated by data/generate_sample_data.py"
SIM-LGT-016-022,26.830000,75.660000,partial,2025-05-07,simulated,"ClearWay simulated sample data - NOT a real observation, generated by data/generate_sample_data.py"
SIM-LGT-016-023,26.830000,75.665000,lit,2025-11-12,simulated,"ClearWay simulated sample data - NOT a real observation, generated by data/generate_sample_data.py"
SIM-LGT-016-024,26.830000,75.670000,lit,2026-01-01,simulated,"ClearWay simulated sample data - NOT a real observation, generated by data/generate_sample_data.py"
SIM-LGT-016-025,26.830000,75.675000,lit,2026-05-05,simulated,"ClearWay simulated sample data - NOT a real observation, generated by data/generate_sample_data.py"
SIM-LGT-016-026,26.830000,75.680000,unlit,2026-02-13,simulated,"ClearWay simulated sample data - NOT a real observation, generated by data/generate_sample_data.py"
SIM-LGT-016-027,26.830000,75.685000,partial,2025-08-24,simulated,"ClearWay simulated sample data - NOT a real observation, generated by data/generate_sample_data.py"
SIM-LGT-016-028,26.830000,75.690000,lit,2026-02-22,simulated,"ClearWay simulated sample data - NOT a real observation, generated by data/generate_sample_data.py"
SIM-LGT-016-029,26.830000,75.695000,lit,2026-04-09,simulated,"ClearWay simulated sample data - NOT a real observation, generated by data/generate_sample_data.py"
SIM-LGT-016-030,26.830000,75.700000,unlit,2025-11-29,simulated,"ClearWay simulated sample data - NOT a real observation, generated by data/generate_sample_data.py"
SIM-LGT-016-031,26.830000,75.705000,unlit,2025-08-05,simulated,"ClearWay simulated sample data - NOT a real observation, generated by data/generate_sample_data.py"
SIM-LGT-016-032,26.830000,75.710000,unlit,2026-08-18,simulated,"ClearWay simulated sample data - NOT a real observation, generated by data/generate_sample_data.py"
SIM-LGT-016-033,26.830000,75.715000,lit,2026-03-07,simulated,"ClearWay simulated sample data - NOT a real observation, generated by data/generate_sample_data.py"
SIM-LGT-016-034,26.830000,75.720000,unlit,2026-03-19,simulated,"ClearWay simulated sample data - NOT a real observation, generated by data/generate_sample_data.py"
SIM-LGT-016-035,26.830000,75.725000,lit,2026-08-07,simulated,"ClearWay simulated sample data - NOT a real observation, generated by data/generate_sample_data.py"
SIM-LGT-016-036,26.830000,75.730000,lit,2026-01-13,simulated,"ClearWay simulated sample data - NOT a real observation, generated by data/generate_sample_data.py"
SIM-LGT-016-037,26.830000,75.735000,unlit,2025-05-05,simulated,"ClearWay simulated sample data - NOT a real observation, generated by data/generate_sample_data.py"
SIM-LGT-016-038,26.830000,75.740000,unlit,2026-06-06,simulated,"ClearWay simulated sample data - NOT a real observation, generated by data/generate_sample_data.py"
SIM-LGT-016-039,26.830000,75.745000,partial,2025-08-23,simulated,"ClearWay simulated sample data - NOT a real observation, generated by data/generate_sample_data.py"
SIM-LGT-016-040,26.830000,75.750000,lit,2025-12-24,simulated,"ClearWay simulated sample data - NOT a real observation, generated by data/generate_sample_data.py"
SIM-LGT-016-041,26.830000,75.755000,lit,2025-09-08,simulated,"ClearWay simulated sample data - NOT a real observation, generated by data/generate_sample_data.py"
SIM-LGT-016-042,26.830000,75.760000,unlit,2026-04-12,simulated,"ClearWay simulated sample data - NOT a real observation, generated by data/generate_sample_data.py"
SIM-LGT-016-043,26.830000,75.765000,lit,2025-06-01,simulated,"ClearWay simulated sample data - NOT a real observation, generated by data/generate_sample_data.py"
SIM-LGT-016-044,26.830000,75.770000,unlit,2026-08-02,simulated,"ClearWay simulated sample data - NOT a real observation, generated by data/generate_sample_data.py"
SIM-LGT-016-045,26.830000,75.775000,lit,2025-12-08,simulated,"ClearWay simulated sample data - NOT a real observation, generated by data/generate_sample_data.py"
SIM-LGT-016-046,26.830000,75.780000,partial,2026-06-26,simulated,"ClearWay simulated sample data - NOT a real observation, generated by data/generate_sample_data.py"
SIM-LGT-016-047,26.830000,75.785000,lit,2025-05-31,simulated,"ClearWay simulated sample data - NOT a real observation, generated by data/generate_sample_data.py"
SIM-LGT-016-048,26.830000,75.790000,unlit,2025-12-12,simulated,"ClearWay simulated sample data - NOT a real observation, generated by data/generate_sample_data.py"
SIM-LGT-016-049,26.830000,75.795000,lit,2026-06-06,simulated,"ClearWay simulated sample data - NOT a real observation, generated by data/generate_sample_data.py"
SIM-LGT-016-050,26.830000,75.800000,lit,2026-08-02,simulated,"ClearWay simulated sample data - NOT a real observation, generated by data/generate_sample_data.py"
SIM-LGT-016-051,26.830000,75.805000,partial,2026-03-22,simulated,"ClearWay simulated sample data - NOT a real observation, generated by data/generate_sample_data.py"
SIM-LGT-016-052,26.830000,75.810000,partial,2026-03-01,simulated,"ClearWay simulated sample data - NOT a real observation, generated by data/generate_sample_data.py"
SIM-LGT-016-053,26.830000,75.815000,partial,2026-01-08,simulated,"ClearWay simulated sample data - NOT a real observation, generated by data/generate_sample_data.py"
SIM-LGT-016-054,26.830000,75.820000,lit,2026-05-28,simulated,"ClearWay simulated sample data - NOT a real observation, generated by data/generate_sample_data.py"
SIM-LGT-016-055,26.830000,75.825000,lit,2026-03-02,simulated,"ClearWay simulated sample data - NOT a real observation, generated by data/generate_sample_data.py"
SIM-LGT-016-056,26.830000,75.830000,lit,2025-06-02,simulated,"ClearWay simulated sample data - NOT a real observation, generated by data/generate_sample_data.py"
SIM-LGT-016-057,26.830000,75.835000,lit,2025-11-23,simulated,"ClearWay simulated sample data - NOT a real observation, generated by data/generate_sample_data.py"
SIM-LGT-016-058,26.830000,75.840000,lit,2025-05-11,simulated,"ClearWay simulated sample data - NOT a real observation, generated by data/generate_sample_data.py"
SIM-LGT-016-059,26.830000,75.845000,lit,2025-07-02,simulated,"ClearWay simulated sample data - NOT a real observation, generated by data/generate_sample_data.py"
SIM-LGT-016-060,26.830000,75.850000,partial,2026-07-19,simulated,"ClearWay simulated sample data - NOT a real observation, generated by data/generate_sample_data.py"
SIM-LGT-016-061,26.830000,75.855000,partial,2025-08-24,simulated,"ClearWay simulated sample data - NOT a real observation, generated by data/generate_sample_data.py"
SIM-LGT-016-062,26.830000,75.860000,lit,2026-06-13,simulated,"ClearWay simulated sample data - NOT a real observation, generated by data/generate_sample_data.py"
SIM-LGT-016-063,26.830000,75.865000,partial,2025-12-12,simulated,"ClearWay simulated sample data - NOT a real observation, generated by data/generate_sample_data.py"
SIM-LGT-016-064,26.830000,75.870000,partial,2026-04-04,simulated,"ClearWay simulated sample data - NOT a real observation, generated by data/generate_sample_data.py"
SIM-LGT-016-065,26.830000,75.875000,lit,2026-05-28,simulated,"ClearWay simulated sample data - NOT a real observation, generated by data/generate_sample_data.py"
SIM-LGT-016-066,26.830000,75.880000,lit,2026-07-09,simulated,"ClearWay simulated sample data - NOT a real observation, generated by data/generate_sample_data.py"
SIM-LGT-016-067,26.830000,75.885000,lit,2025-07-18,simulated,"ClearWay simulated sample data - NOT a real observation, generated by data/generate_sample_data.py"
SIM-LGT-016-068,26.830000,75.890000,partial,2026-03-11,simulated,"ClearWay simulated sample data - NOT a real observation, generated by data/generate_sample_data.py"
SIM-LGT-016-069,26.830000,75.895000,partial,2026-07-27,simulated,"ClearWay simulated sample data - NOT a real observation, generated by data/generate_sample_data.py"
SIM-LGT-016-070,26.830000,75.900000,lit,2025-06-06,simulated,"ClearWay simulated sample data - NOT a real observation, generated by data/generate_sample_data.py"
SIM-LGT-017-000,26.835000,75.550000,lit,2026-05-21,simulated,"ClearWay simulated sample data - NOT a real observation, generated by data/generate_sample_data.py"
SIM-LGT-017-001,26.835000,75.555000,unlit,2026-06-28,simulated,"ClearWay simulated sample data - NOT a real observation, generated by data/generate_sample_data.py"
SIM-LGT-017-002,26.835000,75.560000,lit,2026-03-19,simulated,"ClearWay simulated sample data - NOT a real observation, generated by data/generate_sample_data.py"
SIM-LGT-017-003,26.835000,75.565000,partial,2026-07-22,simulated,"ClearWay simulated sample data - NOT a real observation, generated by data/generate_sample_data.py"
SIM-LGT-017-004,26.835000,75.570000,lit,2026-08-14,simulated,"ClearWay simulated sample data - NOT a real observation, generated by data/generate_sample_data.py"
SIM-LGT-017-005,26.835000,75.575000,lit,2025-11-10,simulated,"ClearWay simulated sample data - NOT a real observation, generated by data/generate_sample_data.py"
SIM-LGT-017-006,26.835000,75.580000,lit,2026-03-28,simulated,"ClearWay simulated sample data - NOT a real observation, generated by data/generate_sample_data.py"
SIM-LGT-017-007,26.835000,75.585000,lit,2026-05-08,simulated,"ClearWay simulated sample data - NOT a real observation, generated by data/generate_sample_data.py"
SIM-LGT-017-008,26.835000,75.590000,unlit,2026-05-05,simulated,"ClearWay simulated sample data - NOT a real observation, generated by data/generate_sample_data.py"
SIM-LGT-017-009,26.835000,75.595000,lit,2025-11-14,simulated,"ClearWay simulated sample data - NOT a real observation, generated by data/generate_sample_data.py"
SIM-LGT-017-010,26.835000,75.600000,partial,2025-05-30,simulated,"ClearWay simulated sample data - NOT a real observation, generated by data/generate_sample_data.py"
SIM-LGT-017-011,26.835000,75.605000,lit,2026-08-24,simulated,"ClearWay simulated sample data - NOT a real observation, generated by data/generate_sample_data.py"
SIM-LGT-017-012,26.835000,75.610000,partial,2026-08-14,simulated,"ClearWay simulated sample data - NOT a real observation, generated by data/generate_sample_data.py"
SIM-LGT-017-013,26.835000,75.615000,lit,2026-02-15,simulated,"ClearWay simulated sample data - NOT a real observation, generated by data/generate_sample_data.py"
SIM-LGT-017-014,26.835000,75.620000,partial,2025-10-25,simulated,"ClearWay simulated sample data - NOT a real observation, generated by data/generate_sample_data.py"
SIM-LGT-017-015,26.835000,75.625000,lit,2025-09-14,simulated,"ClearWay simulated sample data - NOT a real observation, generated by data/generate_sample_data.py"
SIM-LGT-017-016,26.835000,75.630000,lit,2026-03-19,simulated,"ClearWay simulated sample data - NOT a real observation, generated by data/generate_sample_data.py"
SIM-LGT-017-017,26.835000,75.635000,partial,2026-08-30,simulated,"ClearWay simulated sample data - NOT a real observation, generated by data/generate_sample_data.py"
SIM-LGT-017-018,26.835000,75.640000,lit,2025-07-21,simulated,"ClearWay simulated sample data - NOT a real observation, generated by data/generate_sample_data.py"
SIM-LGT-017-019,26.835000,75.645000,unlit,2025-04-30,simulated,"ClearWay simulated sample data - NOT a real observation, generated by data/generate_sample_data.py"
SIM-LGT-017-020,26.835000,75.650000,partial,2026-04-24,simulated,"ClearWay simulated sample data - NOT a real observation, generated by data/generate_sample_data.py"
SIM-LGT-017-021,26.835000,75.655000,partial,2026-05-01,simulated,"ClearWay simulated sample data - NOT a real observation, generated by data/generate_sample_data.py"
SIM-LGT-017-022,26.835000,75.660000,unlit,2025-12-15,simulated,"ClearWay simulated sample data - NOT a real observation, generated by data/generate_sample_data.py"
SIM-LGT-017-023,26.835000,75.665000,lit,2025-05-03,simulated,"ClearWay simulated sample data - NOT a real observation, generated by data/generate_sample_data.py"
SIM-LGT-017-024,26.835000,75.670000,lit,2026-01-05,simulated,"ClearWay simulated sample data - NOT a real observation, generated by data/generate_sample_data.py"
SIM-LGT-017-025,26.835000,75.675000,partial,2025-12-21,simulated,"ClearWay simulated sample data - NOT a real observation, generated by data/generate_sample_data.py"
SIM-LGT-017-026,26.835000,75.680000,lit,2026-01-28,simulated,"ClearWay simulated sample data - NOT a real observation, generated by data/generate_sample_data.py"
SIM-LGT-017-027,26.835000,75.685000,lit,2025-06-03,simulated,"ClearWay simulated sample data - NOT a real observation, generated by data/generate_sample_data.py"
SIM-LGT-017-028,26.835000,75.690000,lit,2025-08-06,simulated,"ClearWay simulated sample data - NOT a real observation, generated by data/generate_sample_data.py"
SIM-LGT-017-029,26.835000,75.695000,lit,2026-06-28,simulated,"ClearWay simulated sample data - NOT a real observation, generated by data/generate_sample_data.py"
SIM-LGT-017-030,26.835000,75.700000,unlit,2026-02-13,simulated,"ClearWay simulated sample data - NOT a real observation, generated by data/generate_sample_data.py"
SIM-LGT-017-031,26.835000,75.705000,lit,2025-11-26,simulated,"ClearWay simulated sample data - NOT a real observation, generated by data/generate_sample_data.py"
SIM-LGT-017-032,26.835000,75.710000,partial,2025-09-18,simulated,"ClearWay simulated sample data - NOT a real observation, generated by data/generate_sample_data.py"
SIM-LGT-017-033,26.835000,75.715000,lit,2026-05-16,simulated,"ClearWay simulated sample data - NOT a real observation, generated by data/generate_sample_data.py"
SIM-LGT-017-034,26.835000,75.720000,partial,2026-01-19,simulated,"ClearWay simulated sample data - NOT a real observation, generated by data/generate_sample_data.py"
SIM-LGT-017-035,26.835000,75.725000,lit,2026-06-08,simulated,"ClearWay simulated sample data - NOT a real observation, generated by data/generate_sample_data.py"
SIM-LGT-017-036,26.835000,75.730000,lit,2025-10-26,simulated,"ClearWay simulated sample data - NOT a real observation, generated by data/generate_sample_data.py"
SIM-LGT-017-037,26.835000,75.735000,partial,2025-12-03,simulated,"ClearWay simulated sample data - NOT a real observation, generated by data/generate_sample_data.py"
SIM-LGT-017-038,26.835000,75.740000,lit,2026-06-29,simulated,"ClearWay simulated sample data - NOT a real observation, generated by data/generate_sample_data.py"
SIM-LGT-017-039,26.835000,75.745000,lit,2026-02-22,simulated,"ClearWay simulated sample data - NOT a real observation, generated by data/generate_sample_data.py"
SIM-LGT-017-040,26.835000,75.750000,unlit,2026-03-13,simulated,"ClearWay simulated sample data - NOT a real observation, generated by data/generate_sample_data.py"
SIM-LGT-017-041,26.835000,75.755000,partial,2025-04-27,simulated,"ClearWay simulated sample data - NOT a real observation, generated by data/generate_sample_data.py"
SIM-LGT-017-042,26.835000,75.760000,lit,2026-07-06,simulated,"ClearWay simulated sample data - NOT a real observation, generated by data/generate_sample_data.py"
SIM-LGT-017-043,26.835000,75.765000,lit,2025-10-19,simulated,"ClearWay simulated sample data - NOT a real observation, generated by data/generate_sample_data.py"
SIM-LGT-017-044,26.835000,75.770000,lit,2026-07-24,simulated,"ClearWay simulated sample data - NOT a real observation, generated by data/generate_sample_data.py"
SIM-LGT-017-045,26.835000,75.775000,partial,2025-11-19,simulated,"ClearWay simulated sample data - NOT a real observation, generated by data/generate_sample_data.py"
SIM-LGT-017-046,26.835000,75.780000,lit,2025-11-11,simulated,"ClearWay simulated sample data - NOT a real observation, generated by data/generate_sample_data.py"
SIM-LGT-017-047,26.835000,75.785000,partial,2026-05-28,simulated,"ClearWay simulated sample data - NOT a real observation, generated by data/generate_sample_data.py"
SIM-LGT-017-048,26.835000,75.790000,lit,2026-02-23,simulated,"ClearWay simulated sample data - NOT a real observation, generated by data/generate_sample_data.py"
SIM-LGT-017-049,26.835000,75.795000,lit,2026-02-21,simulated,"ClearWay simulated sample data - NOT a real observation, generated by data/generate_sample_data.py"
SIM-LGT-017-050,26.835000,75.800000,unlit,2025-09-14,simulated,"ClearWay simulated sample data - NOT a real observation, generated by data/generate_sample_data.py"
SIM-LGT-017-051,26.835000,75.805000,lit,2026-02-22,simulated,"ClearWay simulated sample data - NOT a real observation, generated by data/generate_sample_data.py"
SIM-LGT-017-052,26.835000,75.810000,partial,2026-06-03,simulated,"ClearWay simulated sample data - NOT a real observation, generated by data/generate_sample_data.py"
SIM-LGT-017-053,26.835000,75.815000,lit,2025-12-29,simulated,"ClearWay simulated sample data - NOT a real observation, generated by data/generate_sample_data.py"
SIM-LGT-017-054,26.835000,75.820000,lit,2026-07-19,simulated,"ClearWay simulated sample data - NOT a real observation, generated by data/generate_sample_data.py"
SIM-LGT-017-055,26.835000,75.825000,unlit,2026-07-04,simulated,"ClearWay simulated sample data - NOT a real observation, generated by data/generate_sample_data.py"
SIM-LGT-017-056,26.835000,75.830000,partial,2026-06-05,simulated,"ClearWay simulated sample data - NOT a real observation, generated by data/generate_sample_data.py"
SIM-LGT-017-057,26.835000,75.835000,unlit,2025-09-04,simulated,"ClearWay simulated sample data - NOT a real observation, generated by data/generate_sample_data.py"
SIM-LGT-017-058,26.835000,75.840000,lit,2026-01-01,simulated,"ClearWay simulated sample data - NOT a real observation, generated by data/generate_sample_data.py"
SIM-LGT-017-059,26.835000,75.845000,partial,2026-03-23,simulated,"ClearWay simulated sample data - NOT a real observation, generated by data/generate_sample_data.py"
SIM-LGT-017-060,26.835000,75.850000,lit,2025-12-25,simulated,"ClearWay simulated sample data - NOT a real observation, generated by data/generate_sample_data.py"
SIM-LGT-017-061,26.835000,75.855000,partial,2026-09-09,simulated,"ClearWay simulated sample data - NOT a real observation, generated by data/generate_sample_data.py"
SIM-LGT-017-062,26.835000,75.860000,partial,2026-07-29,simulated,"ClearWay simulated sample data - NOT a real observation, generated by data/generate_sample_data.py"
SIM-LGT-017-063,26.835000,75.865000,partial,2025-07-25,simulated,"ClearWay simulated sample data - NOT a real observation, generated by data/generate_sample_data.py"
SIM-LGT-017-064,26.835000,75.870000,lit,2025-10-16,simulated,"ClearWay simulated sample data - NOT a real observation, generated by data/generate_sample_data.py"
SIM-LGT-017-065,26.835000,75.875000,lit,2026-08-10,simulated,"ClearWay simulated sample data - NOT a real observation, generated by data/generate_sample_data.py"
SIM-LGT-017-066,26.835000,75.880000,unlit,2026-02-01,simulated,"ClearWay simulated sample data - NOT a real observation, generated by data/generate_sample_data.py"
SIM-LGT-017-067,26.835000,75.885000,unlit,2026-03-03,simulated,"ClearWay simulated sample data - NOT a real observation, generated by data/generate_sample_data.py"
SIM-LGT-017-068,26.835000,75.890000,lit,2025-09-02,simulated,"ClearWay simulated sample data - NOT a real observation, generated by data/generate_sample_data.py"
SIM-LGT-017-069,26.835000,75.895000,lit,2026-06-14,simulated,"ClearWay simulated sample data - NOT a real observation, generated by data/generate_sample_data.py"
SIM-LGT-017-070,26.835000,75.900000,unlit,2025-09-29,simulated,"ClearWay simulated sample data - NOT a real observation, generated by data/generate_sample_data.py"
SIM-LGT-018-000,26.840000,75.550000,lit,2025-07-10,simulated,"ClearWay simulated sample data - NOT a real observation, generated by data/generate_sample_data.py"
SIM-LGT-018-001,26.840000,75.555000,lit,2025-11-14,simulated,"ClearWay simulated sample data - NOT a real observation, generated by data/generate_sample_data.py"
SIM-LGT-018-002,26.840000,75.560000,partial,2026-01-23,simulated,"ClearWay simulated sample data - NOT a real observation, generated by data/generate_sample_data.py"
SIM-LGT-018-003,26.840000,75.565000,unlit,2026-01-13,simulated,"ClearWay simulated sample data - NOT a real observation, generated by data/generate_sample_data.py"
SIM-LGT-018-004,26.840000,75.570000,partial,2026-08-25,simulated,"ClearWay simulated sample data - NOT a real observation, generated by data/generate_sample_data.py"
SIM-LGT-018-005,26.840000,75.575000,lit,2025-08-02,simulated,"ClearWay simulated sample data - NOT a real observation, generated by data/generate_sample_data.py"
SIM-LGT-018-006,26.840000,75.580000,partial,2026-04-16,simulated,"ClearWay simulated sample data - NOT a real observation, generated by data/generate_sample_data.py"
SIM-LGT-018-007,26.840000,75.585000,partial,2026-05-30,simulated,"ClearWay simulated sample data - NOT a real observation, generated by data/generate_sample_data.py"
SIM-LGT-018-008,26.840000,75.590000,lit,2025-10-08,simulated,"ClearWay simulated sample data - NOT a real observation, generated by data/generate_sample_data.py"
SIM-LGT-018-009,26.840000,75.595000,lit,2026-07-20,simulated,"ClearWay simulated sample data - NOT a real observation, generated by data/generate_sample_data.py"
SIM-LGT-018-010,26.840000,75.600000,partial,2026-08-19,simulated,"ClearWay simulated sample data - NOT a real observation, generated by data/generate_sample_data.py"
SIM-LGT-018-011,26.840000,75.605000,lit,2026-07-22,simulated,"ClearWay simulated sample data - NOT a real observation, generated by data/generate_sample_data.py"
SIM-LGT-018-012,26.840000,75.610000,lit,2026-06-01,simulated,"ClearWay simulated sample data - NOT a real observation, generated by data/generate_sample_data.py"
SIM-LGT-018-013,26.840000,75.615000,unlit,2025-06-27,simulated,"ClearWay simulated sample data - NOT a real observation, generated by data/generate_sample_data.py"
SIM-LGT-018-014,26.840000,75.620000,lit,2025-06-29,simulated,"ClearWay simulated sample data - NOT a real observation, generated by data/generate_sample_data.py"
SIM-LGT-018-015,26.840000,75.625000,partial,2025-11-18,simulated,"ClearWay simulated sample data - NOT a real observation, generated by data/generate_sample_data.py"
SIM-LGT-018-016,26.840000,75.630000,lit,2026-01-07,simulated,"ClearWay simulated sample data - NOT a real observation, generated by data/generate_sample_data.py"
SIM-LGT-018-017,26.840000,75.635000,partial,2025-09-13,simulated,"ClearWay simulated sample data - NOT a real observation, generated by data/generate_sample_data.py"
SIM-LGT-018-018,26.840000,75.640000,unlit,2025-10-15,simulated,"ClearWay simulated sample data - NOT a real observation, generated by data/generate_sample_data.py"
SIM-LGT-018-019,26.840000,75.645000,lit,2026-01-10,simulated,"ClearWay simulated sample data - NOT a real observation, generated by data/generate_sample_data.py"
SIM-LGT-018-020,26.840000,75.650000,partial,2026-08-12,simulated,"ClearWay simulated sample data - NOT a real observation, generated by data/generate_sample_data.py"
SIM-LGT-018-021,26.840000,75.655000,partial,2026-02-22,simulated,"ClearWay simulated sample data - NOT a real observation, generated by data/generate_sample_data.py"
SIM-LGT-018-022,26.840000,75.660000,lit,2026-02-09,simulated,"ClearWay simulated sample data - NOT a real observation, generated by data/generate_sample_data.py"
SIM-LGT-018-023,26.840000,75.665000,lit,2026-05-01,simulated,"ClearWay simulated sample data - NOT a real observation, generated by data/generate_sample_data.py"
SIM-LGT-018-024,26.840000,75.670000,lit,2025-07-21,simulated,"ClearWay simulated sample data - NOT a real observation, generated by data/generate_sample_data.py"
SIM-LGT-018-025,26.840000,75.675000,partial,2025-12-10,simulated,"ClearWay simulated sample data - NOT a real observation, generated by data/generate_sample_data.py"
SIM-LGT-018-026,26.840000,75.680000,lit,2026-07-13,simulated,"ClearWay simulated sample data - NOT a real observation, generated by data/generate_sample_data.py"
SIM-LGT-018-027,26.840000,75.685000,unlit,2026-04-10,simulated,"ClearWay simulated sample data - NOT a real observation, generated by data/generate_sample_data.py"
SIM-LGT-018-028,26.840000,75.690000,lit,2025-05-03,simulated,"ClearWay simulated sample data - NOT a real observation, generated by data/generate_sample_data.py"
SIM-LGT-018-029,26.840000,75.695000,unlit,2025-11-16,simulated,"ClearWay simulated sample data - NOT a real observation, generated by data/generate_sample_data.py"
SIM-LGT-018-030,26.840000,75.700000,unlit,2026-09-08,simulated,"ClearWay simulated sample data - NOT a real observation, generated by data/generate_sample_data.py"
SIM-LGT-018-031,26.840000,75.705000,partial,2026-07-06,simulated,"ClearWay simulated sample data - NOT a real observation, generated by data/generate_sample_data.py"
SIM-LGT-018-032,26.840000,75.710000,unlit,2025-10-26,simulated,"ClearWay simulated sample data - NOT a real observation, generated by data/generate_sample_data.py"
SIM-LGT-018-033,26.840000,75.715000,lit,2026-05-27,simulated,"ClearWay simulated sample data - NOT a real observation, generated by data/generate_sample_data.py"
SIM-LGT-018-034,26.840000,75.720000,lit,2026-06-27,simulated,"ClearWay simulated sample data - NOT a real observation, generated by data/generate_sample_data.py"
SIM-LGT-018-035,26.840000,75.725000,partial,2026-09-03,simulated,"ClearWay simulated sample data - NOT a real observation, generated by data/generate_sample_data.py"
SIM-LGT-018-036,26.840000,75.730000,lit,2025-12-03,simulated,"ClearWay simulated sample data - NOT a real observation, generated by data/generate_sample_data.py"
SIM-LGT-018-037,26.840000,75.735000,partial,2025-10-26,simulated,"ClearWay simulated sample data - NOT a real observation, generated by data/generate_sample_data.py"
SIM-LGT-018-038,26.840000,75.740000,partial,2025-12-13,simulated,"ClearWay simulated sample data - NOT a real observation, generated by data/generate_sample_data.py"
SIM-LGT-018-039,26.840000,75.745000,lit,2026-06-08,simulated,"ClearWay simulated sample data - NOT a real observation, generated by data/generate_sample_data.py"
SIM-LGT-018-040,26.840000,75.750000,lit,2025-08-22,simulated,"ClearWay simulated sample data - NOT a real observation, generated by data/generate_sample_data.py"
SIM-LGT-018-041,26.840000,75.755000,partial,2026-08-11,simulated,"ClearWay simulated sample data - NOT a real observation, generated by data/generate_sample_data.py"
SIM-LGT-018-042,26.840000,75.760000,lit,2025-05-06,simulated,"ClearWay simulated sample data - NOT a real observation, generated by data/generate_sample_data.py"
SIM-LGT-018-043,26.840000,75.765000,partial,2026-05-30,simulated,"ClearWay simulated sample data - NOT a real observation, generated by data/generate_sample_data.py"
SIM-LGT-018-044,26.840000,75.770000,unlit,2025-10-31,simulated,"ClearWay simulated sample data - NOT a real observation, generated by data/generate_sample_data.py"
SIM-LGT-018-045,26.840000,75.775000,partial,2026-05-18,simulated,"ClearWay simulated sample data - NOT a real observation, generated by data/generate_sample_data.py"
SIM-LGT-018-046,26.840000,75.780000,unlit,2025-05-26,simulated,"ClearWay simulated sample data - NOT a real observation, generated by data/generate_sample_data.py"
SIM-LGT-018-047,26.840000,75.785000,partial,2026-06-16,simulated,"ClearWay simulated sample data - NOT a real observation, generated by data/generate_sample_data.py"
SIM-LGT-018-048,26.840000,75.790000,partial,2026-07-23,simulated,"ClearWay simulated sample data - NOT a real observation, generated by data/generate_sample_data.py"
SIM-LGT-018-049,26.840000,75.795000,lit,2025-10-25,simulated,"ClearWay simulated sample data - NOT a real observation, generated by data/generate_sample_data.py"
SIM-LGT-018-050,26.840000,75.800000,unlit,2025-10-17,simulated,"ClearWay simulated sample data - NOT a real observation, generated by data/generate_sample_data.py"
SIM-LGT-018-051,26.840000,75.805000,partial,2026-07-24,simulated,"ClearWay simulated sample data - NOT a real observation, generated by data/generate_sample_data.py"
SIM-LGT-018-052,26.840000,75.810000,lit,2026-05-29,simulated,"ClearWay simulated sample data - NOT a real observation, generated by data/generate_sample_data.py"
SIM-LGT-018-053,26.840000,75.815000,partial,2025-11-29,simulated,"ClearWay simulated sample data - NOT a real observation, generated by data/generate_sample_data.py"
SIM-LGT-018-054,26.840000,75.820000,partial,2025-11-21,simulated,"ClearWay simulated sample data - NOT a real observation, generated by data/generate_sample_data.py"
SIM-LGT-018-055,26.840000,75.825000,lit,2026-03-12,simulated,"ClearWay simulated sample data - NOT a real observation, generated by data/generate_sample_data.py"
SIM-LGT-018-056,26.840000,75.830000,lit,2025-07-30,simulated,"ClearWay simulated sample data - NOT a real observation, generated by data/generate_sample_data.py"
SIM-LGT-018-057,26.840000,75.835000,partial,2026-07-29,simulated,"ClearWay simulated sample data - NOT a real observation, generated by data/generate_sample_data.py"
SIM-LGT-018-058,26.840000,75.840000,partial,2026-03-30,simulated,"ClearWay simulated sample data - NOT a real observation, generated by data/generate_sample_data.py"
SIM-LGT-018-059,26.840000,75.845000,lit,2026-03-27,simulated,"ClearWay simulated sample data - NOT a real observation, generated by data/generate_sample_data.py"
SIM-LGT-018-060,26.840000,75.850000,lit,2026-07-20,simulated,"ClearWay simulated sample data - NOT a real observation, generated by data/generate_sample_data.py"
SIM-LGT-018-061,26.840000,75.855000,lit,2026-06-04,simulated,"ClearWay simulated sample data - NOT a real observation, generated by data/generate_sample_data.py"
SIM-LGT-018-062,26.840000,75.860000,lit,2025-11-14,simulated,"ClearWay simulated sample data - NOT a real observation, generated by data/generate_sample_data.py"
SIM-LGT-018-063,26.840000,75.865000,lit,2025-10-04,simulated,"ClearWay simulated sample data - NOT a real observation, generated by data/generate_sample_data.py"
SIM-LGT-018-064,26.840000,75.870000,lit,2025-06-08,simulated,"ClearWay simulated sample data - NOT a real observation, generated by data/generate_sample_data.py"
SIM-LGT-018-065,26.840000,75.875000,partial,2025-12-08,simulated,"ClearWay simulated sample data - NOT a real observation, generated by data/generate_sample_data.py"
SIM-LGT-018-066,26.840000,75.880000,lit,2026-01-22,simulated,"ClearWay simulated sample data - NOT a real observation, generated by data/generate_sample_data.py"
SIM-LGT-018-067,26.840000,75.885000,unlit,2025-12-29,simulated,"ClearWay simulated sample data - NOT a real observation, generated by data/generate_sample_data.py"
SIM-LGT-018-068,26.840000,75.890000,partial,2026-06-10,simulated,"ClearWay simulated sample data - NOT a real observation, generated by data/generate_sample_data.py"
SIM-LGT-018-069,26.840000,75.895000,lit,2025-05-03,simulated,"ClearWay simulated sample data - NOT a real observation, generated by data/generate_sample_data.py"
SIM-LGT-018-070,26.840000,75.900000,lit,2025-09-14,simulated,"ClearWay simulated sample data - NOT a real observation, generated by data/generate_sample_data.py"
SIM-LGT-019-000,26.845000,75.550000,lit,2025-09-13,simulated,"ClearWay simulated sample data - NOT a real observation, generated by data/generate_sample_data.py"
SIM-LGT-019-001,26.845000,75.555000,lit,2025-05-14,simulated,"ClearWay simulated sample data - NOT a real observation, generated by data/generate_sample_data.py"
SIM-LGT-019-002,26.845000,75.560000,partial,2025-09-05,simulated,"ClearWay simulated sample data - NOT a real observation, generated by data/generate_sample_data.py"
SIM-LGT-019-003,26.845000,75.565000,lit,2026-08-14,simulated,"ClearWay simulated sample data - NOT a real observation, generated by data/generate_sample_data.py"
SIM-LGT-019-004,26.845000,75.570000,partial,2026-06-03,simulated,"ClearWay simulated sample data - NOT a real observation, generated by data/generate_sample_data.py"
SIM-LGT-019-005,26.845000,75.575000,lit,2025-12-25,simulated,"ClearWay simulated sample data - NOT a real observation, generated by data/generate_sample_data.py"
SIM-LGT-019-006,26.845000,75.580000,lit,2025-09-09,simulated,"ClearWay simulated sample data - NOT a real observation, generated by data/generate_sample_data.py"
SIM-LGT-019-007,26.845000,75.585000,partial,2026-06-16,simulated,"ClearWay simulated sample data - NOT a real observation, generated by data/generate_sample_data.py"
SIM-LGT-019-008,26.845000,75.590000,unlit,2026-02-02,simulated,"ClearWay simulated sample data - NOT a real observation, generated by data/generate_sample_data.py"
SIM-LGT-019-009,26.845000,75.595000,unlit,2026-03-08,simulated,"ClearWay simulated sample data - NOT a real observation, generated by data/generate_sample_data.py"
SIM-LGT-019-010,26.845000,75.600000,lit,2025-11-28,simulated,"ClearWay simulated sample data - NOT a real observation, generated by data/generate_sample_data.py"
SIM-LGT-019-011,26.845000,75.605000,partial,2025-11-08,simulated,"ClearWay simulated sample data - NOT a real observation, generated by data/generate_sample_data.py"
SIM-LGT-019-012,26.845000,75.610000,partial,2025-10-15,simulated,"ClearWay simulated sample data - NOT a real observation, generated by data/generate_sample_data.py"
SIM-LGT-019-013,26.845000,75.615000,lit,2025-04-29,simulated,"ClearWay simulated sample data - NOT a real observation, generated by data/generate_sample_data.py"
SIM-LGT-019-014,26.845000,75.620000,lit,2025-11-03,simulated,"ClearWay simulated sample data - NOT a real observation, generated by data/generate_sample_data.py"
SIM-LGT-019-015,26.845000,75.625000,unlit,2026-08-20,simulated,"ClearWay simulated sample data - NOT a real observation, generated by data/generate_sample_data.py"
SIM-LGT-019-016,26.845000,75.630000,lit,2026-05-04,simulated,"ClearWay simulated sample data - NOT a real observation, generated by data/generate_sample_data.py"
SIM-LGT-019-017,26.845000,75.635000,lit,2025-07-31,simulated,"ClearWay simulated sample data - NOT a real observation, generated by data/generate_sample_data.py"
SIM-LGT-019-018,26.845000,75.640000,partial,2026-02-24,simulated,"ClearWay simulated sample data - NOT a real observation, generated by data/generate_sample_data.py"
SIM-LGT-019-019,26.845000,75.645000,lit,2026-05-11,simulated,"ClearWay simulated sample data - NOT a real observation, generated by data/generate_sample_data.py"
SIM-LGT-019-020,26.845000,75.650000,lit,2025-07-14,simulated,"ClearWay simulated sample data - NOT a real observation, generated by data/generate_sample_data.py"
SIM-LGT-019-021,26.845000,75.655000,lit,2025-10-07,simulated,"ClearWay simulated sample data - NOT a real observation, generated by data/generate_sample_data.py"
SIM-LGT-019-022,26.845000,75.660000,partial,2025-04-20,simulated,"ClearWay simulated sample data - NOT a real observation, generated by data/generate_sample_data.py"
SIM-LGT-019-023,26.845000,75.665000,lit,2025-11-23,simulated,"ClearWay simulated sample data - NOT a real observation, generated by data/generate_sample_data.py"
SIM-LGT-019-024,26.845000,75.670000,lit,2025-12-05,simulated,"ClearWay simulated sample data - NOT a real observation, generated by data/generate_sample_data.py"
SIM-LGT-019-025,26.845000,75.675000,lit,2025-09-03,simulated,"ClearWay simulated sample data - NOT a real observation, generated by data/generate_sample_data.py"
SIM-LGT-019-026,26.845000,75.680000,unlit,2025-04-18,simulated,"ClearWay simulated sample data - NOT a real observation, generated by data/generate_sample_data.py"
SIM-LGT-019-027,26.845000,75.685000,lit,2025-08-20,simulated,"ClearWay simulated sample data - NOT a real observation, generated by data/generate_sample_data.py"
SIM-LGT-019-028,26.845000,75.690000,partial,2025-07-19,simulated,"ClearWay simulated sample data - NOT a real observation, generated by data/generate_sample_data.py"
SIM-LGT-019-029,26.845000,75.695000,lit,2025-07-20,simulated,"ClearWay simulated sample data - NOT a real observation, generated by data/generate_sample_data.py"
SIM-LGT-019-030,26.845000,75.700000,lit,2025-11-20,simulated,"ClearWay simulated sample data - NOT a real observation, generated by data/generate_sample_data.py"
SIM-LGT-019-031,26.845000,75.705000,lit,2025-12-03,simulated,"ClearWay simulated sample data - NOT a real observation, generated by data/generate_sample_data.py"
SIM-LGT-019-032,26.845000,75.710000,lit,2026-03-11,simulated,"ClearWay simulated sample data - NOT a real observation, generated by data/generate_sample_data.py"
SIM-LGT-019-033,26.845000,75.715000,lit,2026-06-21,simulated,"ClearWay simulated sample data - NOT a real observation, generated by data/generate_sample_data.py"
SIM-LGT-019-034,26.845000,75.720000,partial,2025-07-01,simulated,"ClearWay simulated sample data - NOT a real observation, generated by data/generate_sample_data.py"
SIM-LGT-019-035,26.845000,75.725000,lit,2026-07-03,simulated,"ClearWay simulated sample data - NOT a real observation, generated by data/generate_sample_data.py"
SIM-LGT-019-036,26.845000,75.730000,unlit,2025-08-31,simulated,"ClearWay simulated sample data - NOT a real observation, generated by data/generate_sample_data.py"
SIM-LGT-019-037,26.845000,75.735000,lit,2026-02-17,simulated,"ClearWay simulated sample data - NOT a real observation, generated by data/generate_sample_data.py"
SIM-LGT-019-038,26.845000,75.740000,unlit,2026-03-24,simulated,"ClearWay simulated sample data - NOT a real observation, generated by data/generate_sample_data.py"
SIM-LGT-019-039,26.845000,75.745000,lit,2026-06-18,simulated,"ClearWay simulated sample data - NOT a real observation, generated by data/generate_sample_data.py"
SIM-LGT-019-040,26.845000,75.750000,lit,2026-07-12,simulated,"ClearWay simulated sample data - NOT a real observation, generated by data/generate_sample_data.py"
SIM-LGT-019-041,26.845000,75.755000,lit,2026-04-08,simulated,"ClearWay simulated sample data - NOT a real observation, generated by data/generate_sample_data.py"
SIM-LGT-019-042,26.845000,75.760000,lit,2026-09-07,simulated,"ClearWay simulated sample data - NOT a real observation, generated by data/generate_sample_data.py"
SIM-LGT-019-043,26.845000,75.765000,lit,2026-01-01,simulated,"ClearWay simulated sample data - NOT a real observation, generated by data/generate_sample_data.py"
SIM-LGT-019-044,26.845000,75.770000,unlit,2025-11-12,simulated,"ClearWay simulated sample data - NOT a real observation, generated by data/generate_sample_data.py"
SIM-LGT-019-045,26.845000,75.775000,partial,2025-08-24,simulated,"ClearWay simulated sample data - NOT a real observation, generated by data/generate_sample_data.py"
SIM-LGT-019-046,26.845000,75.780000,partial,2026-06-12,simulated,"ClearWay simulated sample data - NOT a real observation, generated by data/generate_sample_data.py"
SIM-LGT-019-047,26.845000,75.785000,lit,2026-01-18,simulated,"ClearWay simulated sample data - NOT a real observation, generated by data/generate_sample_data.py"
SIM-LGT-019-048,26.845000,75.790000,lit,2025-05-16,simulated,"ClearWay simulated sample data - NOT a real observation, generated by data/generate_sample_data.py"
SIM-LGT-019-049,26.845000,75.795000,lit,2026-08-25,simulated,"ClearWay simulated sample data - NOT a real observation, generated by data/generate_sample_data.py"
SIM-LGT-019-050,26.845000,75.800000,lit,2026-01-17,simulated,"ClearWay simulated sample data - NOT a real observation, generated by data/generate_sample_data.py"
SIM-LGT-019-051,26.845000,75.805000,partial,2025-07-05,simulated,"ClearWay simulated sample data - NOT a real observation, generated by data/generate_sample_data.py"
SIM-LGT-019-052,26.845000,75.810000,lit,2025-12-01,simulated,"ClearWay simulated sample data - NOT a real observation, generated by data/generate_sample_data.py"
SIM-LGT-019-053,26.845000,75.815000,partial,2026-05-09,simulated,"ClearWay simulated sample data - NOT a real observation, generated by data/generate_sample_data.py"
SIM-LGT-019-054,26.845000,75.820000,partial,2026-08-31,simulated,"ClearWay simulated sample data - NOT a real observation, generated by data/generate_sample_data.py"
SIM-LGT-019-055,26.845000,75.825000,lit,2025-11-21,simulated,"ClearWay simulated sample data - NOT a real observation, generated by data/generate_sample_data.py"
SIM-LGT-019-056,26.845000,75.830000,lit,2026-03-21,simulated,"ClearWay simulated sample data - NOT a real observation, generated by data/generate_sample_data.py"
SIM-LGT-019-057,26.845000,75.835000,lit,2026-01-04,simulated,"ClearWay simulated sample data - NOT a real observation, generated by data/generate_sample_data.py"
SIM-LGT-019-058,26.845000,75.840000,partial,2026-01-16,simulated,"ClearWay simulated sample data - NOT a real observation, generated by data/generate_sample_data.py"
SIM-LGT-019-059,26.845000,75.845000,partial,2025-10-19,simulated,"ClearWay simulated sample data - NOT a real observation, generated by data/generate_sample_data.py"
SIM-LGT-019-060,26.845000,75.850000,lit,2026-08-06,simulated,"ClearWay simulated sample data - NOT a real observation, generated by data/generate_sample_data.py"
SIM-LGT-019-061,26.845000,75.855000,lit,2026-08-12,simulated,"ClearWay simulated sample data - NOT a real observation, generated by data/generate_sample_data.py"
SIM-LGT-019-062,26.845000,75.860000,lit,2025-12-28,simulated,"ClearWay simulated sample data - NOT a real observation, generated by data/generate_sample_data.py"
SIM-LGT-019-063,26.845000,75.865000,partial,2026-04-12,simulated,"ClearWay simulated sample data - NOT a real observation, generated by data/generate_sample_data.py"
SIM-LGT-019-064,26.845000,75.870000,partial,2025-12-13,simulated,"ClearWay simulated sample data - NOT a real observation, generated by data/generate_sample_data.py"
SIM-LGT-019-065,26.845000,75.875000,partial,2026-01-13,simulated,"ClearWay simulated sample data - NOT a real observation, generated by data/generate_sample_data.py"
SIM-LGT-019-066,26.845000,75.880000,lit,2025-05-03,simulated,"ClearWay simulated sample data - NOT a real observation, generated by data/generate_sample_data.py"
SIM-LGT-019-067,26.845000,75.885000,lit,2025-12-26,simulated,"ClearWay simulated sample data - NOT a real observation, generated by data/generate_sample_data.py"
SIM-LGT-019-068,26.845000,75.890000,partial,2025-08-15,simulated,"ClearWay simulated sample data - NOT a real observation, generated by data/generate_sample_data.py"
SIM-LGT-019-069,26.845000,75.895000,lit,2025-09-14,simulated,"ClearWay simulated sample data - NOT a real observation, generated by data/generate_sample_data.py"
SIM-LGT-019-070,26.845000,75.900000,partial,2026-03-08,simulated,"ClearWay simulated sample data - NOT a real observation, generated by data/generate_sample_data.py"
SIM-LGT-020-000,26.850000,75.550000,lit,2026-07-13,simulated,"ClearWay simulated sample data - NOT a real observation, generated by data/generate_sample_data.py"
SIM-LGT-020-001,26.850000,75.555000,lit,2025-11-05,simulated,"ClearWay simulated sample data - NOT a real observation, generated by data/generate_sample_data.py"
SIM-LGT-020-002,26.850000,75.560000,partial,2026-04-29,simulated,"ClearWay simulated sample data - NOT a real observation, generated by data/generate_sample_data.py"
SIM-LGT-020-003,26.850000,75.565000,unlit,2026-05-09,simulated,"ClearWay simulated sample data - NOT a real observation, generated by data/generate_sample_data.py"
SIM-LGT-020-004,26.850000,75.570000,unlit,2025-10-13,simulated,"ClearWay simulated sample data - NOT a real observation, generated by data/generate_sample_data.py"
SIM-LGT-020-005,26.850000,75.575000,lit,2026-01-06,simulated,"ClearWay simulated sample data - NOT a real observation, generated by data/generate_sample_data.py"
SIM-LGT-020-006,26.850000,75.580000,lit,2026-02-18,simulated,"ClearWay simulated sample data - NOT a real observation, generated by data/generate_sample_data.py"
SIM-LGT-020-007,26.850000,75.585000,lit,2025-11-08,simulated,"ClearWay simulated sample data - NOT a real observation, generated by data/generate_sample_data.py"
SIM-LGT-020-008,26.850000,75.590000,lit,2026-05-22,simulated,"ClearWay simulated sample data - NOT a real observation, generated by data/generate_sample_data.py"
SIM-LGT-020-009,26.850000,75.595000,lit,2026-02-19,simulated,"ClearWay simulated sample data - NOT a real observation, generated by data/generate_sample_data.py"
SIM-LGT-020-010,26.850000,75.600000,partial,2026-08-28,simulated,"ClearWay simulated sample data - NOT a real observation, generated by data/generate_sample_data.py"
SIM-LGT-020-011,26.850000,75.605000,partial,2026-08-30,simulated,"ClearWay simulated sample data - NOT a real observation, generated by data/generate_sample_data.py"
SIM-LGT-020-012,26.850000,75.610000,unlit,2025-12-03,simulated,"ClearWay simulated sample data - NOT a real observation, generated by data/generate_sample_data.py"
SIM-LGT-020-013,26.850000,75.615000,lit,2026-09-01,simulated,"ClearWay simulated sample data - NOT a real observation, generated by data/generate_sample_data.py"
SIM-LGT-020-014,26.850000,75.620000,partial,2025-12-06,simulated,"ClearWay simulated sample data - NOT a real observation, generated by data/generate_sample_data.py"
SIM-LGT-020-015,26.850000,75.625000,lit,2025-10-01,simulated,"ClearWay simulated sample data - NOT a real observation, generated by data/generate_sample_data.py"
SIM-LGT-020-016,26.850000,75.630000,lit,2025-05-04,simulated,"ClearWay simulated sample data - NOT a real observation, generated by data/generate_sample_data.py"
SIM-LGT-020-017,26.850000,75.635000,lit,2026-02-20,simulated,"ClearWay simulated sample data - NOT a real observation, generated by data/generate_sample_data.py"
SIM-LGT-020-018,26.850000,75.640000,lit,2025-10-11,simulated,"ClearWay simulated sample data - NOT a real observation, generated by data/generate_sample_data.py"
SIM-LGT-020-019,26.850000,75.645000,lit,2026-08-27,simulated,"ClearWay simulated sample data - NOT a real observation, generated by data/generate_sample_data.py"
SIM-LGT-020-020,26.850000,75.650000,unlit,2025-05-20,simulated,"ClearWay simulated sample data - NOT a real observation, generated by data/generate_sample_data.py"
SIM-LGT-020-021,26.850000,75.655000,lit,2025-07-26,simulated,"ClearWay simulated sample data - NOT a real observation, generated by data/generate_sample_data.py"
SIM-LGT-020-022,26.850000,75.660000,lit,2025-11-01,simulated,"ClearWay simulated sample data - NOT a real observation, generated by data/generate_sample_data.py"
SIM-LGT-020-023,26.850000,75.665000,lit,2026-04-19,simulated,"ClearWay simulated sample data - NOT a real observation, generated by data/generate_sample_data.py"
SIM-LGT-020-024,26.850000,75.670000,unlit,2025-08-19,simulated,"ClearWay simulated sample data - NOT a real observation, generated by data/generate_sample_data.py"
SIM-LGT-020-025,26.850000,75.675000,partial,2025-12-02,simulated,"ClearWay simulated sample data - NOT a real observation, generated by data/generate_sample_data.py"
SIM-LGT-020-026,26.850000,75.680000,lit,2026-06-29,simulated,"ClearWay simulated sample data - NOT a real observation, generated by data/generate_sample_data.py"
SIM-LGT-020-027,26.850000,75.685000,lit,2026-01-09,simulated,"ClearWay simulated sample data - NOT a real observation, generated by data/generate_sample_data.py"
SIM-LGT-020-028,26.850000,75.690000,partial,2025-07-28,simulated,"ClearWay simulated sample data - NOT a real observation, generated by data/generate_sample_data.py"
SIM-LGT-020-029,26.850000,75.695000,unlit,2026-03-17,simulated,"ClearWay simulated sample data - NOT a real observation, generated by data/generate_sample_data.py"
SIM-LGT-020-030,26.850000,75.700000,lit,2025-11-06,simulated,"ClearWay simulated sample data - NOT a real observation, generated by data/generate_sample_data.py"
SIM-LGT-020-031,26.850000,75.705000,lit,2026-07-20,simulated,"ClearWay simulated sample data - NOT a real observation, generated by data/generate_sample_data.py"
SIM-LGT-020-032,26.850000,75.710000,unlit,2026-05-31,simulated,"ClearWay simulated sample data - NOT a real observation, generated by data/generate_sample_data.py"
SIM-LGT-020-033,26.850000,75.715000,lit,2026-08-08,simulated,"ClearWay simulated sample data - NOT a real observation, generated by data/generate_sample_data.py"
SIM-LGT-020-034,26.850000,75.720000,lit,2025-12-29,simulated,"ClearWay simulated sample data - NOT a real observation, generated by data/generate_sample_data.py"
SIM-LGT-020-035,26.850000,75.725000,lit,2026-05-11,simulated,"ClearWay simulated sample data - NOT a real observation, generated by data/generate_sample_data.py"
SIM-LGT-020-036,26.850000,75.730000,lit,2025-11-30,simulated,"ClearWay simulated sample data - NOT a real observation, generated by data/generate_sample_data.py"
SIM-LGT-020-037,26.850000,75.735000,lit,2025-11-24,simulated,"ClearWay simulated sample data - NOT a real observation, generated by data/generate_sample_data.py"
SIM-LGT-020-038,26.850000,75.740000,lit,2026-07-11,simulated,"ClearWay simulated sample data - NOT a real observation, generated by data/generate_sample_data.py"
SIM-LGT-020-039,26.850000,75.745000,partial,2026-06-26,simulated,"ClearWay simulated sample data - NOT a real observation, generated by data/generate_sample_data.py"
SIM-LGT-020-040,26.850000,75.750000,partial,2026-08-10,simulated,"ClearWay simulated sample data - NOT a real observation, generated by data/generate_sample_data.py"
SIM-LGT-020-041,26.850000,75.755000,partial,2025-06-15,simulated,"ClearWay simulated sample data - NOT a real observation, generated by data/generate_sample_data.py"
SIM-LGT-020-042,26.850000,75.760000,lit,2026-07-05,simulated,"ClearWay simulated sample data - NOT a real observation, generated by data/generate_sample_data.py"
SIM-LGT-020-043,26.850000,75.765000,partial,2026-05-11,simulated,"ClearWay simulated sample data - NOT a real observation, generated by data/generate_sample_data.py"
SIM-LGT-020-044,26.850000,75.770000,unlit,2025-12-15,simulated,"ClearWay simulated sample data - NOT a real observation, generated by data/generate_sample_data.py"
SIM-LGT-020-045,26.850000,75.775000,lit,2025-08-16,simulated,"ClearWay simulated sample data - NOT a real observation, generated by data/generate_sample_data.py"
SIM-LGT-020-046,26.850000,75.780000,lit,2025-07-21,simulated,"ClearWay simulated sample data - NOT a real observation, generated by data/generate_sample_data.py"
SIM-LGT-020-047,26.850000,75.785000,lit,2025-06-10,simulated,"ClearWay simulated sample data - NOT a real observation, generated by data/generate_sample_data.py"
SIM-LGT-020-048,26.850000,75.790000,lit,2025-08-28,simulated,"ClearWay simulated sample data - NOT a real observation, generated by data/generate_sample_data.py"
SIM-LGT-020-049,26.850000,75.795000,lit,2025-10-17,simulated,"ClearWay simulated sample data - NOT a real observation, generated by data/generate_sample_data.py"
SIM-LGT-020-050,26.850000,75.800000,lit,2025-06-03,simulated,"ClearWay simulated sample data - NOT a real observation, generated by data/generate_sample_data.py"
SIM-LGT-020-051,26.850000,75.805000,partial,2025-10-06,simulated,"ClearWay simulated sample data - NOT a real observation, generated by data/generate_sample_data.py"
SIM-LGT-020-052,26.850000,75.810000,partial,2026-01-01,simulated,"ClearWay simulated sample data - NOT a real observation, generated by data/generate_sample_data.py"
SIM-LGT-020-053,26.850000,75.815000,unlit,2025-10-03,simulated,"ClearWay simulated sample data - NOT a real observation, generated by data/generate_sample_data.py"
SIM-LGT-020-054,26.850000,75.820000,partial,2026-04-23,simulated,"ClearWay simulated sample data - NOT a real observation, generated by data/generate_sample_data.py"
SIM-LGT-020-055,26.850000,75.825000,partial,2025-11-04,simulated,"ClearWay simulated sample data - NOT a real observation, generated by data/generate_sample_data.py"
SIM-LGT-020-056,26.850000,75.830000,partial,2025-12-08,simulated,"ClearWay simulated sample data - NOT a real observation, generated by data/generate_sample_data.py"
SIM-LGT-020-057,26.850000,75.835000,unlit,2025-05-07,simulated,"ClearWay simulated sample data - NOT a real observation, generated by data/generate_sample_data.py"
SIM-LGT-020-058,26.850000,75.840000,lit,2025-07-01,simulated,"ClearWay simulated sample data - NOT a real observation, generated by data/generate_sample_data.py"
SIM-LGT-020-059,26.850000,75.845000,partial,2025-08-05,simulated,"ClearWay simulated sample data - NOT a real observation, generated by data/generate_sample_data.py"
SIM-LGT-020-060,26.850000,75.850000,lit,2026-06-03,simulated,"ClearWay simulated sample data - NOT a real observation, generated by data/generate_sample_data.py"
SIM-LGT-020-061,26.850000,75.855000,lit,2025-04-24,simulated,"ClearWay simulated sample data - NOT a real observation, generated by data/generate_sample_data.py"
SIM-LGT-020-062,26.850000,75.860000,lit,2025-09-18,simulated,"ClearWay simulated sample data - NOT a real observation, generated by data/generate_sample_data.py"
SIM-LGT-020-063,26.850000,75.865000,lit,2026-01-03,simulated,"ClearWay simulated sample data - NOT a real observation, generated by data/generate_sample_data.py"
SIM-LGT-020-064,26.850000,75.870000,lit,2025-07-13,simulated,"ClearWay simulated sample data - NOT a real observation, generated by data/generate_sample_data.py"
SIM-LGT-020-065,26.850000,75.875000,unlit,2026-07-14,simulated,"ClearWay simulated sample data - NOT a real observation, generated by data/generate_sample_data.py"
SIM-LGT-020-066,26.850000,75.880000,lit,2026-03-02,simulated,"ClearWay simulated sample data - NOT a real observation, generated by data/generate_sample_data.py"
SIM-LGT-020-067,26.850000,75.885000,lit,2026-06-28,simulated,"ClearWay simulated sample data - NOT a real observation, generated by data/generate_sample_data.py"
SIM-LGT-020-068,26.850000,75.890000,partial,2025-07-22,simulated,"ClearWay simulated sample data - NOT a real observation, generated by data/generate_sample_data.py"
SIM-LGT-020-069,26.850000,75.895000,lit,2026-05-03,simulated,"ClearWay simulated sample data - NOT a real observation, generated by data/generate_sample_data.py"
SIM-LGT-020-070,26.850000,75.900000,unlit,2025-10-19,simulated,"ClearWay simulated sample data - NOT a real observation, generated by data/generate_sample_data.py"
SIM-LGT-021-000,26.855000,75.550000,lit,2026-01-08,simulated,"ClearWay simulated sample data - NOT a real observation, generated by data/generate_sample_data.py"
SIM-LGT-021-001,26.855000,75.555000,lit,2026-06-24,simulated,"ClearWay simulated sample data - NOT a real observation, generated by data/generate_sample_data.py"
SIM-LGT-021-002,26.855000,75.560000,lit,2026-04-05,simulated,"ClearWay simulated sample data - NOT a real observation, generated by data/generate_sample_data.py"
SIM-LGT-021-003,26.855000,75.565000,lit,2026-07-18,simulated,"ClearWay simulated sample data - NOT a real observation, generated by data/generate_sample_data.py"
SIM-LGT-021-004,26.855000,75.570000,partial,2025-10-28,simulated,"ClearWay simulated sample data - NOT a real observation, generated by data/generate_sample_data.py"
SIM-LGT-021-005,26.855000,75.575000,unlit,2025-12-07,simulated,"ClearWay simulated sample data - NOT a real observation, generated by data/generate_sample_data.py"
SIM-LGT-021-006,26.855000,75.580000,lit,2025-09-18,simulated,"ClearWay simulated sample data - NOT a real observation, generated by data/generate_sample_data.py"
SIM-LGT-021-007,26.855000,75.585000,lit,2025-05-31,simulated,"ClearWay simulated sample data - NOT a real observation, generated by data/generate_sample_data.py"
SIM-LGT-021-008,26.855000,75.590000,unlit,2025-10-21,simulated,"ClearWay simulated sample data - NOT a real observation, generated by data/generate_sample_data.py"
SIM-LGT-021-009,26.855000,75.595000,lit,2025-10-02,simulated,"ClearWay simulated sample data - NOT a real observation, generated by data/generate_sample_data.py"
SIM-LGT-021-010,26.855000,75.600000,lit,2025-10-19,simulated,"ClearWay simulated sample data - NOT a real observation, generated by data/generate_sample_data.py"
SIM-LGT-021-011,26.855000,75.605000,lit,2026-08-08,simulated,"ClearWay simulated sample data - NOT a real observation, generated by data/generate_sample_data.py"
SIM-LGT-021-012,26.855000,75.610000,lit,2025-05-09,simulated,"ClearWay simulated sample data - NOT a real observation, generated by data/generate_sample_data.py"
SIM-LGT-021-013,26.855000,75.615000,lit,2025-08-04,simulated,"ClearWay simulated sample data - NOT a real observation, generated by data/generate_sample_data.py"
SIM-LGT-021-014,26.855000,75.620000,lit,2025-10-21,simulated,"ClearWay simulated sample data - NOT a real observation, generated by data/generate_sample_data.py"
SIM-LGT-021-015,26.855000,75.625000,lit,2026-05-21,simulated,"ClearWay simulated sample data - NOT a real observation, generated by data/generate_sample_data.py"
SIM-LGT-021-016,26.855000,75.630000,lit,2025-07-10,simulated,"ClearWay simulated sample data - NOT a real observation, generated by data/generate_sample_data.py"
SIM-LGT-021-017,26.855000,75.635000,lit,2026-08-26,simulated,"ClearWay simulated sample data - NOT a real observation, generated by data/generate_sample_data.py"
SIM-LGT-021-018,26.855000,75.640000,lit,2025-09-16,simulated,"ClearWay simulated sample data - NOT a real observation, generated by data/generate_sample_data.py"
SIM-LGT-021-019,26.855000,75.645000,unlit,2025-10-25,simulated,"ClearWay simulated sample data - NOT a real observation, generated by data/generate_sample_data.py"
SIM-LGT-021-020,26.855000,75.650000,lit,2025-12-16,simulated,"ClearWay simulated sample data - NOT a real observation, generated by data/generate_sample_data.py"
SIM-LGT-021-021,26.855000,75.655000,unlit,2026-08-07,simulated,"ClearWay simulated sample data - NOT a real observation, generated by data/generate_sample_data.py"
SIM-LGT-021-022,26.855000,75.660000,lit,2026-08-31,simulated,"ClearWay simulated sample data - NOT a real observation, generated by data/generate_sample_data.py"
SIM-LGT-021-023,26.855000,75.665000,lit,2026-05-26,simulated,"ClearWay simulated sample data - NOT a real observation, generated by data/generate_sample_data.py"
SIM-LGT-021-024,26.855000,75.670000,lit,2026-02-14,simulated,"ClearWay simulated sample data - NOT a real observation, generated by data/generate_sample_data.py"
SIM-LGT-021-025,26.855000,75.675000,lit,2025-09-14,simulated,"ClearWay simulated sample data - NOT a real observation, generated by data/generate_sample_data.py"
SIM-LGT-021-026,26.855000,75.680000,lit,2025-06-09,simulated,"ClearWay simulated sample data - NOT a real observation, generated by data/generate_sample_data.py"
SIM-LGT-021-027,26.855000,75.685000,partial,2025-07-22,simulated,"ClearWay simulated sample data - NOT a real observation, generated by data/generate_sample_data.py"
SIM-LGT-021-028,26.855000,75.690000,partial,2025-06-11,simulated,"ClearWay simulated sample data - NOT a real observation, generated by data/generate_sample_data.py"
SIM-LGT-021-029,26.855000,75.695000,partial,2026-04-10,simulated,"ClearWay simulated sample data - NOT a real observation, generated by data/generate_sample_data.py"
SIM-LGT-021-030,26.855000,75.700000,lit,2025-05-08,simulated,"ClearWay simulated sample data - NOT a real observation, generated by data/generate_sample_data.py"
SIM-LGT-021-031,26.855000,75.705000,lit,2025-09-01,simulated,"ClearWay simulated sample data - NOT a real observation, generated by data/generate_sample_data.py"
SIM-LGT-021-032,26.855000,75.710000,lit,2026-07-11,simulated,"ClearWay simulated sample data - NOT a real observation, generated by data/generate_sample_data.py"
SIM-LGT-021-033,26.855000,75.715000,lit,2025-12-30,simulated,"ClearWay simulated sample data - NOT a real observation, generated by data/generate_sample_data.py"
SIM-LGT-021-034,26.855000,75.720000,partial,2026-01-01,simulated,"ClearWay simulated sample data - NOT a real observation, generated by data/generate_sample_data.py"
SIM-LGT-021-035,26.855000,75.725000,unlit,2025-11-03,simulated,"ClearWay simulated sample data - NOT a real observation, generated by data/generate_sample_data.py"
SIM-LGT-021-036,26.855000,75.730000,partial,2026-04-19,simulated,"ClearWay simulated sample data - NOT a real observation, generated by data/generate_sample_data.py"
SIM-LGT-021-037,26.855000,75.735000,lit,2025-11-23,simulated,"ClearWay simulated sample data - NOT a real observation, generated by data/generate_sample_data.py"
SIM-LGT-021-038,26.855000,75.740000,partial,2025-11-03,simulated,"ClearWay simulated sample data - NOT a real observation, generated by data/generate_sample_data.py"
SIM-LGT-021-039,26.855000,75.745000,lit,2025-08-28,simulated,"ClearWay simulated sample data - NOT a real observation, generated by data/generate_sample_data.py"
SIM-LGT-021-040,26.855000,75.750000,lit,2025-09-02,simulated,"ClearWay simulated sample data - NOT a real observation, generated by data/generate_sample_data.py"
SIM-LGT-021-041,26.855000,75.755000,unlit,2025-05-21,simulated,"ClearWay simulated sample data - NOT a real observation, generated by data/generate_sample_data.py"
SIM-LGT-021-042,26.855000,75.760000,lit,2025-08-01,simulated,"ClearWay simulated sample data - NOT a real observation, generated by data/generate_sample_data.py"
SIM-LGT-021-043,26.855000,75.765000,lit,2025-11-20,simulated,"ClearWay simulated sample data - NOT a real observation, generated by data/generate_sample_data.py"
SIM-LGT-021-044,26.855000,75.770000,lit,2026-06-26,simulated,"ClearWay simulated sample data - NOT a real observation, generated by data/generate_sample_data.py"
SIM-LGT-021-045,26.855000,75.775000,unlit,2025-10-12,simulated,"ClearWay simulated sample data - NOT a real observation, generated by data/generate_sample_data.py"
SIM-LGT-021-046,26.855000,75.780000,lit,2026-03-25,simulated,"ClearWay simulated sample data - NOT a real observation, generated by data/generate_sample_data.py"
SIM-LGT-021-047,26.855000,75.785000,lit,2025-10-09,simulated,"ClearWay simulated sample data - NOT a real observation, generated by data/generate_sample_data.py"
SIM-LGT-021-048,26.855000,75.790000,lit,2025-11-29,simulated,"ClearWay simulated sample data - NOT a real observation, generated by data/generate_sample_data.py"
SIM-LGT-021-049,26.855000,75.795000,lit,2026-08-01,simulated,"ClearWay simulated sample data - NOT a real observation, generated by data/generate_sample_data.py"
SIM-LGT-021-050,26.855000,75.800000,lit,2026-01-04,simulated,"ClearWay simulated sample data - NOT a real observation, generated by data/generate_sample_data.py"
SIM-LGT-021-051,26.855000,75.805000,lit,2025-10-27,simulated,"ClearWay simulated sample data - NOT a real observation, generated by data/generate_sample_data.py"
SIM-LGT-021-052,26.855000,75.810000,unlit,2026-08-10,simulated,"ClearWay simulated sample data - NOT a real observation, generated by data/generate_sample_data.py"
SIM-LGT-021-053,26.855000,75.815000,lit,2025-12-21,simulated,"ClearWay simulated sample data - NOT a real observation, generated by data/generate_sample_data.py"
SIM-LGT-021-054,26.855000,75.820000,lit,2026-06-02,simulated,"ClearWay simulated sample data - NOT a real observation, generated by data/generate_sample_data.py"
SIM-LGT-021-055,26.855000,75.825000,lit,2026-01-30,simulated,"ClearWay simulated sample data - NOT a real observation, generated by data/generate_sample_data.py"
SIM-LGT-021-056,26.855000,75.830000,lit,2025-08-21,simulated,"ClearWay simulated sample data - NOT a real observation, generated by data/generate_sample_data.py"
SIM-LGT-021-057,26.855000,75.835000,lit,2025-06-14,simulated,"ClearWay simulated sample data - NOT a real observation, generated by data/generate_sample_data.py"
SIM-LGT-021-058,26.855000,75.840000,partial,2025-08-21,simulated,"ClearWay simulated sample data - NOT a real observation, generated by data/generate_sample_data.py"
SIM-LGT-021-059,26.855000,75.845000,lit,2025-04-30,simulated,"ClearWay simulated sample data - NOT a real observation, generated by data/generate_sample_data.py"
SIM-LGT-021-060,26.855000,75.850000,lit,2026-04-01,simulated,"ClearWay simulated sample data - NOT a real observation, generated by data/generate_sample_data.py"
SIM-LGT-021-061,26.855000,75.855000,partial,2025-12-28,simulated,"ClearWay simulated sample data - NOT a real observation, generated by data/generate_sample_data.py"
SIM-LGT-021-062,26.855000,75.860000,lit,2026-09-03,simulated,"ClearWay simulated sample data - NOT a real observation, generated by data/generate_sample_data.py"
SIM-LGT-021-063,26.855000,75.865000,lit,2026-09-06,simulated,"ClearWay simulated sample data - NOT a real observation, generated by data/generate_sample_data.py"
SIM-LGT-021-064,26.855000,75.870000,lit,2025-12-27,simulated,"ClearWay simulated sample data - NOT a real observation, generated by data/generate_sample_data.py"
SIM-LGT-021-065,26.855000,75.875000,partial,2026-08-28,simulated,"ClearWay simulated sample data - NOT a real observation, generated by data/generate_sample_data.py"
SIM-LGT-021-066,26.855000,75.880000,partial,2025-11-20,simulated,"ClearWay simulated sample data - NOT a real observation, generated by data/generate_sample_data.py"
SIM-LGT-021-067,26.855000,75.885000,partial,2026-03-25,simulated,"ClearWay simulated sample data - NOT a real observation, generated by data/generate_sample_data.py"
SIM-LGT-021-068,26.855000,75.890000,partial,2026-02-12,simulated,"ClearWay simulated sample data - NOT a real observation, generated by data/generate_sample_data.py"
SIM-LGT-021-069,26.855000,75.895000,lit,2025-10-13,simulated,"ClearWay simulated sample data - NOT a real observation, generated by data/generate_sample_data.py"
SIM-LGT-021-070,26.855000,75.900000,unlit,2026-05-29,simulated,"ClearWay simulated sample data - NOT a real observation, generated by data/generate_sample_data.py"
SIM-LGT-022-000,26.860000,75.550000,lit,2025-11-24,simulated,"ClearWay simulated sample data - NOT a real observation, generated by data/generate_sample_data.py"
SIM-LGT-022-001,26.860000,75.555000,partial,2025-12-03,simulated,"ClearWay simulated sample data - NOT a real observation, generated by data/generate_sample_data.py"
SIM-LGT-022-002,26.860000,75.560000,lit,2025-06-28,simulated,"ClearWay simulated sample data - NOT a real observation, generated by data/generate_sample_data.py"
SIM-LGT-022-003,26.860000,75.565000,partial,2025-06-01,simulated,"ClearWay simulated sample data - NOT a real observation, generated by data/generate_sample_data.py"
SIM-LGT-022-004,26.860000,75.570000,lit,2025-09-08,simulated,"ClearWay simulated sample data - NOT a real observation, generated by data/generate_sample_data.py"
SIM-LGT-022-005,26.860000,75.575000,partial,2025-04-18,simulated,"ClearWay simulated sample data - NOT a real observation, generated by data/generate_sample_data.py"
SIM-LGT-022-006,26.860000,75.580000,lit,2026-06-12,simulated,"ClearWay simulated sample data - NOT a real observation, generated by data/generate_sample_data.py"
SIM-LGT-022-007,26.860000,75.585000,lit,2025-09-28,simulated,"ClearWay simulated sample data - NOT a real observation, generated by data/generate_sample_data.py"
SIM-LGT-022-008,26.860000,75.590000,partial,2025-09-03,simulated,"ClearWay simulated sample data - NOT a real observation, generated by data/generate_sample_data.py"
SIM-LGT-022-009,26.860000,75.595000,partial,2026-03-30,simulated,"ClearWay simulated sample data - NOT a real observation, generated by data/generate_sample_data.py"
SIM-LGT-022-010,26.860000,75.600000,unlit,2026-05-11,simulated,"ClearWay simulated sample data - NOT a real observation, generated by data/generate_sample_data.py"
SIM-LGT-022-011,26.860000,75.605000,partial,2026-05-29,simulated,"ClearWay simulated sample data - NOT a real observation, generated by data/generate_sample_data.py"
SIM-LGT-022-012,26.860000,75.610000,partial,2026-08-11,simulated,"ClearWay simulated sample data - NOT a real observation, generated by data/generate_sample_data.py"
SIM-LGT-022-013,26.860000,75.615000,unlit,2026-01-04,simulated,"ClearWay simulated sample data - NOT a real observation, generated by data/generate_sample_data.py"
SIM-LGT-022-014,26.860000,75.620000,lit,2026-03-26,simulated,"ClearWay simulated sample data - NOT a real observation, generated by data/generate_sample_data.py"
SIM-LGT-022-015,26.860000,75.625000,unlit,2026-06-14,simulated,"ClearWay simulated sample data - NOT a real observation, generated by data/generate_sample_data.py"
SIM-LGT-022-016,26.860000,75.630000,unlit,2026-04-22,simulated,"ClearWay simulated sample data - NOT a real observation, generated by data/generate_sample_data.py"
SIM-LGT-022-017,26.860000,75.635000,unlit,2025-11-05,simulated,"ClearWay simulated sample data - NOT a real observation, generated by data/generate_sample_data.py"
SIM-LGT-022-018,26.860000,75.640000,unlit,2026-02-25,simulated,"ClearWay simulated sample data - NOT a real observation, generated by data/generate_sample_data.py"
SIM-LGT-022-019,26.860000,75.645000,lit,2026-09-07,simulated,"ClearWay simulated sample data - NOT a real observation, generated by data/generate_sample_data.py"
SIM-LGT-022-020,26.860000,75.650000,unlit,2025-08-30,simulated,"ClearWay simulated sample data - NOT a real observation, generated by data/generate_sample_data.py"
SIM-LGT-022-021,26.860000,75.655000,lit,2026-07-16,simulated,"ClearWay simulated sample data - NOT a real observation, generated by data/generate_sample_data.py"
SIM-LGT-022-022,26.860000,75.660000,lit,2025-08-04,simulated,"ClearWay simulated sample data - NOT a real observation, generated by data/generate_sample_data.py"
SIM-LGT-022-023,26.860000,75.665000,lit,2025-08-02,simulated,"ClearWay simulated sample data - NOT a real observation, generated by data/generate_sample_data.py"
SIM-LGT-022-024,26.860000,75.670000,partial,2026-06-08,simulated,"ClearWay simulated sample data - NOT a real observation, generated by data/generate_sample_data.py"
SIM-LGT-022-025,26.860000,75.675000,partial,2025-05-14,simulated,"ClearWay simulated sample data - NOT a real observation, generated by data/generate_sample_data.py"
SIM-LGT-022-026,26.860000,75.680000,lit,2025-05-07,simulated,"ClearWay simulated sample data - NOT a real observation, generated by data/generate_sample_data.py"
SIM-LGT-022-027,26.860000,75.685000,lit,2025-08-08,simulated,"ClearWay simulated sample data - NOT a real observation, generated by data/generate_sample_data.py"
SIM-LGT-022-028,26.860000,75.690000,lit,2026-06-21,simulated,"ClearWay simulated sample data - NOT a real observation, generated by data/generate_sample_data.py"
SIM-LGT-022-029,26.860000,75.695000,lit,2025-04-21,simulated,"ClearWay simulated sample data - NOT a real observation, generated by data/generate_sample_data.py"
SIM-LGT-022-030,26.860000,75.700000,unlit,2025-07-20,simulated,"ClearWay simulated sample data - NOT a real observation, generated by data/generate_sample_data.py"
SIM-LGT-022-031,26.860000,75.705000,lit,2026-04-17,simulated,"ClearWay simulated sample data - NOT a real observation, generated by data/generate_sample_data.py"
SIM-LGT-022-032,26.860000,75.710000,lit,2025-10-31,simulated,"ClearWay simulated sample data - NOT a real observation, generated by data/generate_sample_data.py"
SIM-LGT-022-033,26.860000,75.715000,lit,2025-08-10,simulated,"ClearWay simulated sample data - NOT a real observation, generated by data/generate_sample_data.py"
SIM-LGT-022-034,26.860000,75.720000,lit,2025-08-16,simulated,"ClearWay simulated sample data - NOT a real observation, generated by data/generate_sample_data.py"
SIM-LGT-022-035,26.860000,75.725000,lit,2025-11-13,simulated,"ClearWay simulated sample data - NOT a real observation, generated by data/generate_sample_data.py"
SIM-LGT-022-036,26.860000,75.730000,lit,2026-03-30,simulated,"ClearWay simulated sample data - NOT a real observation, generated by data/generate_sample_data.py"
SIM-LGT-022-037,26.860000,75.735000,lit,2026-06-21,simulated,"ClearWay simulated sample data - NOT a real observation, generated by data/generate_sample_data.py"
SIM-LGT-022-038,26.860000,75.740000,unlit,2026-02-28,simulated,"ClearWay simulated sample data - NOT a real observation, generated by data/generate_sample_data.py"
SIM-LGT-022-039,26.860000,75.745000,lit,2025-06-22,simulated,"ClearWay simulated sample data - NOT a real observation, generated by data/generate_sample_data.py"
SIM-LGT-022-040,26.860000,75.750000,lit,2026-07-07,simulated,"ClearWay simulated sample data - NOT a real observation, generated by data/generate_sample_data.py"
SIM-LGT-022-041,26.860000,75.755000,lit,2025-04-20,simulated,"ClearWay simulated sample data - NOT a real observation, generated by data/generate_sample_data.py"
SIM-LGT-022-042,26.860000,75.760000,lit,2025-07-28,simulated,"ClearWay simulated sample data - NOT a real observation, generated by data/generate_sample_data.py"
SIM-LGT-022-043,26.860000,75.765000,lit,2025-09-27,simulated,"ClearWay simulated sample data - NOT a real observation, generated by data/generate_sample_data.py"
SIM-LGT-022-044,26.860000,75.770000,lit,2026-06-10,simulated,"ClearWay simulated sample data - NOT a real observation, generated by data/generate_sample_data.py"
SIM-LGT-022-045,26.860000,75.775000,lit,2025-10-08,simulated,"ClearWay simulated sample data - NOT a real observation, generated by data/generate_sample_data.py"
SIM-LGT-022-046,26.860000,75.780000,unlit,2026-08-06,simulated,"ClearWay simulated sample data - NOT a real observation, generated by data/generate_sample_data.py"
SIM-LGT-022-047,26.860000,75.785000,partial,2026-03-28,simulated,"ClearWay simulated sample data - NOT a real observation, generated by data/generate_sample_data.py"
SIM-LGT-022-048,26.860000,75.790000,lit,2025-10-26,simulated,"ClearWay simulated sample data - NOT a real observation, generated by data/generate_sample_data.py"
SIM-LGT-022-049,26.860000,75.795000,lit,2026-03-31,simulated,"ClearWay simulated sample data - NOT a real observation, generated by data/generate_sample_data.py"
SIM-LGT-022-050,26.860000,75.800000,lit,2026-03-23,simulated,"ClearWay simulated sample data - NOT a real observation, generated by data/generate_sample_data.py"
SIM-LGT-022-051,26.860000,75.805000,lit,2026-02-17,simulated,"ClearWay simulated sample data - NOT a real observation, generated by data/generate_sample_data.py"
SIM-LGT-022-052,26.860000,75.810000,lit,2026-07-02,simulated,"ClearWay simulated sample data - NOT a real observation, generated by data/generate_sample_data.py"
SIM-LGT-022-053,26.860000,75.815000,lit,2026-03-19,simulated,"ClearWay simulated sample data - NOT a real observation, generated by data/generate_sample_data.py"
SIM-LGT-022-054,26.860000,75.820000,lit,2025-08-04,simulated,"ClearWay simulated sample data - NOT a real observation, generated by data/generate_sample_data.py"
SIM-LGT-022-055,26.860000,75.825000,lit,2025-06-23,simulated,"ClearWay simulated sample data - NOT a real observation, generated by data/generate_sample_data.py"
SIM-LGT-022-056,26.860000,75.830000,lit,2026-05-11,simulated,"ClearWay simulated sample data - NOT a real observation, generated by data/generate_sample_data.py"
SIM-LGT-022-057,26.860000,75.835000,lit,2026-03-23,simulated,"ClearWay simulated sample data - NOT a real observation, generated by data/generate_sample_data.py"
SIM-LGT-022-058,26.860000,75.840000,lit,2026-01-18,simulated,"ClearWay simulated sample data - NOT a real observation, generated by data/generate_sample_data.py"
SIM-LGT-022-059,26.860000,75.845000,lit,2025-05-22,simulated,"ClearWay simulated sample data - NOT a real observation, generated by data/generate_sample_data.py"
SIM-LGT-022-060,26.860000,75.850000,partial,2025-04-23,simulated,"ClearWay simulated sample data - NOT a real observation, generated by data/generate_sample_data.py"
SIM-LGT-022-061,26.860000,75.855000,partial,2026-03-18,simulated,"ClearWay simulated sample data - NOT a real observation, generated by data/generate_sample_data.py"
SIM-LGT-022-062,26.860000,75.860000,lit,2025-12-05,simulated,"ClearWay simulated sample data - NOT a real observation, generated by data/generate_sample_data.py"
SIM-LGT-022-063,26.860000,75.865000,partial,2025-11-14,simulated,"ClearWay simulated sample data - NOT a real observation, generated by data/generate_sample_data.py"
SIM-LGT-022-064,26.860000,75.870000,lit,2026-02-05,simulated,"ClearWay simulated sample data - NOT a real observation, generated by data/generate_sample_data.py"
SIM-LGT-022-065,26.860000,75.875000,lit,2025-07-28,simulated,"ClearWay simulated sample data - NOT a real observation, generated by data/generate_sample_data.py"
SIM-LGT-022-066,26.860000,75.880000,unlit,2026-03-06,simulated,"ClearWay simulated sample data - NOT a real observation, generated by data/generate_sample_data.py"
SIM-LGT-022-067,26.860000,75.885000,partial,2026-08-19,simulated,"ClearWay simulated sample data - NOT a real observation, generated by data/generate_sample_data.py"
SIM-LGT-022-068,26.860000,75.890000,unlit,2026-06-18,simulated,"ClearWay simulated sample data - NOT a real observation, generated by data/generate_sample_data.py"
SIM-LGT-022-069,26.860000,75.895000,lit,2025-08-31,simulated,"ClearWay simulated sample data - NOT a real observation, generated by data/generate_sample_data.py"
SIM-LGT-022-070,26.860000,75.900000,lit,2026-07-16,simulated,"ClearWay simulated sample data - NOT a real observation, generated by data/generate_sample_data.py"
SIM-LGT-023-000,26.865000,75.550000,lit,2025-12-07,simulated,"ClearWay simulated sample data - NOT a real observation, generated by data/generate_sample_data.py"
SIM-LGT-023-001,26.865000,75.555000,lit,2026-03-24,simulated,"ClearWay simulated sample data - NOT a real observation, generated by data/generate_sample_data.py"
SIM-LGT-023-002,26.865000,75.560000,lit,2025-08-29,simulated,"ClearWay simulated sample data - NOT a real observation, generated by data/generate_sample_data.py"
SIM-LGT-023-003,26.865000,75.565000,lit,2026-08-24,simulated,"ClearWay simulated sample data - NOT a real observation, generated by data/generate_sample_data.py"
SIM-LGT-023-004,26.865000,75.570000,lit,2026-03-16,simulated,"ClearWay simulated sample data - NOT a real observation, generated by data/generate_sample_data.py"
SIM-LGT-023-005,26.865000,75.575000,lit,2026-07-23,simulated,"ClearWay simulated sample data - NOT a real observation, generated by data/generate_sample_data.py"
SIM-LGT-023-006,26.865000,75.580000,lit,2026-05-13,simulated,"ClearWay simulated sample data - NOT a real observation, generated by data/generate_sample_data.py"
SIM-LGT-023-007,26.865000,75.585000,lit,2025-10-07,simulated,"ClearWay simulated sample data - NOT a real observation, generated by data/generate_sample_data.py"
SIM-LGT-023-008,26.865000,75.590000,unlit,2025-06-24,simulated,"ClearWay simulated sample data - NOT a real observation, generated by data/generate_sample_data.py"
SIM-LGT-023-009,26.865000,75.595000,partial,2025-09-11,simulated,"ClearWay simulated sample data - NOT a real observation, generated by data/generate_sample_data.py"
SIM-LGT-023-010,26.865000,75.600000,unlit,2026-02-26,simulated,"ClearWay simulated sample data - NOT a real observation, generated by data/generate_sample_data.py"
SIM-LGT-023-011,26.865000,75.605000,lit,2026-03-01,simulated,"ClearWay simulated sample data - NOT a real observation, generated by data/generate_sample_data.py"
SIM-LGT-023-012,26.865000,75.610000,lit,2026-01-08,simulated,"ClearWay simulated sample data - NOT a real observation, generated by data/generate_sample_data.py"
SIM-LGT-023-013,26.865000,75.615000,lit,2026-07-06,simulated,"ClearWay simulated sample data - NOT a real observation, generated by data/generate_sample_data.py"
SIM-LGT-023-014,26.865000,75.620000,lit,2026-08-26,simulated,"ClearWay simulated sample data - NOT a real observation, generated by data/generate_sample_data.py"
SIM-LGT-023-015,26.865000,75.625000,lit,2025-05-19,simulated,"ClearWay simulated sample data - NOT a real observation, generated by data/generate_sample_data.py"
SIM-LGT-023-016,26.865000,75.630000,lit,2025-07-11,simulated,"ClearWay simulated sample data - NOT a real observation, generated by data/generate_sample_data.py"
SIM-LGT-023-017,26.865000,75.635000,lit,2026-05-05,simulated,"ClearWay simulated sample data - NOT a real observation, generated by data/generate_sample_data.py"
SIM-LGT-023-018,26.865000,75.640000,lit,2025-05-12,simulated,"ClearWay simulated sample data - NOT a real observation, generated by data/generate_sample_data.py"
SIM-LGT-023-019,26.865000,75.645000,lit,2026-07-06,simulated,"ClearWay simulated sample data - NOT a real observation, generated by data/generate_sample_data.py"
SIM-LGT-023-020,26.865000,75.650000,lit,2026-08-29,simulated,"ClearWay simulated sample data - NOT a real observation, generated by data/generate_sample_data.py"
SIM-LGT-023-021,26.865000,75.655000,unlit,2026-06-07,simulated,"ClearWay simulated sample data - NOT a real observation, generated by data/generate_sample_data.py"
SIM-LGT-023-022,26.865000,75.660000,unlit,2026-03-31,simulated,"ClearWay simulated sample data - NOT a real observation, generated by data/generate_sample_data.py"
SIM-LGT-023-023,26.865000,75.665000,partial,2025-10-04,simulated,"ClearWay simulated sample data - NOT a real observation, generated by data/generate_sample_data.py"
SIM-LGT-023-024,26.865000,75.670000,lit,2025-08-17,simulated,"ClearWay simulated sample data - NOT a real observation, generated by data/generate_sample_data.py"
SIM-LGT-023-025,26.865000,75.675000,lit,2026-05-09,simulated,"ClearWay simulated sample data - NOT a real observation, generated by data/generate_sample_data.py"
SIM-LGT-023-026,26.865000,75.680000,lit,2025-05-14,simulated,"ClearWay simulated sample data - NOT a real observation, generated by data/generate_sample_data.py"
SIM-LGT-023-027,26.865000,75.685000,partial,2025-09-17,simulated,"ClearWay simulated sample data - NOT a real observation, generated by data/generate_sample_data.py"
SIM-LGT-023-028,26.865000,75.690000,lit,2025-08-22,simulated,"ClearWay simulated sample data - NOT a real observation, generated by data/generate_sample_data.py"
SIM-LGT-023-029,26.865000,75.695000,lit,2026-09-05,simulated,"ClearWay simulated sample data - NOT a real observation, generated by data/generate_sample_data.py"
SIM-LGT-023-030,26.865000,75.700000,lit,2025-06-07,simulated,"ClearWay simulated sample data - NOT a real observation, generated by data/generate_sample_data.py"
SIM-LGT-023-031,26.865000,75.705000,lit,2026-02-17,simulated,"ClearWay simulated sample data - NOT a real observation, generated by data/generate_sample_data.py"
SIM-LGT-023-032,26.865000,75.710000,lit,2025-08-02,simulated,"ClearWay simulated sample data - NOT a real observation, generated by data/generate_sample_data.py"
SIM-LGT-023-033,26.865000,75.715000,lit,2025-09-29,simulated,"ClearWay simulated sample data - NOT a real observation, generated by data/generate_sample_data.py"
SIM-LGT-023-034,26.865000,75.720000,partial,2025-08-31,simulated,"ClearWay simulated sample data - NOT a real observation, generated by data/generate_sample_data.py"
SIM-LGT-023-035,26.865000,75.725000,lit,2026-05-10,simulated,"ClearWay simulated sample data - NOT a real observation, generated by data/generate_sample_data.py"
SIM-LGT-023-036,26.865000,75.730000,lit,2025-05-30,simulated,"ClearWay simulated sample data - NOT a real observation, generated by data/generate_sample_data.py"
SIM-LGT-023-037,26.865000,75.735000,unlit,2025-07-01,simulated,"ClearWay simulated sample data - NOT a real observation, generated by data/generate_sample_data.py"
SIM-LGT-023-038,26.865000,75.740000,unlit,2026-04-24,simulated,"ClearWay simulated sample data - NOT a real observation, generated by data/generate_sample_data.py"
SIM-LGT-023-039,26.865000,75.745000,unlit,2025-12-10,simulated,"ClearWay simulated sample data - NOT a real observation, generated by data/generate_sample_data.py"
SIM-LGT-023-040,26.865000,75.750000,unlit,2025-06-25,simulated,"ClearWay simulated sample data - NOT a real observation, generated by data/generate_sample_data.py"
SIM-LGT-023-041,26.865000,75.755000,lit,2025-05-30,simulated,"ClearWay simulated sample data - NOT a real observation, generated by data/generate_sample_data.py"
SIM-LGT-023-042,26.865000,75.760000,lit,2026-03-16,simulated,"ClearWay simulated sample data - NOT a real observation, generated by data/generate_sample_data.py"
SIM-LGT-023-043,26.865000,75.765000,unlit,2025-09-05,simulated,"ClearWay simulated sample data - NOT a real observation, generated by data/generate_sample_data.py"
SIM-LGT-023-044,26.865000,75.770000,lit,2026-01-06,simulated,"ClearWay simulated sample data - NOT a real observation, generated by data/generate_sample_data.py"
SIM-LGT-023-045,26.865000,75.775000,lit,2025-08-06,simulated,"ClearWay simulated sample data - NOT a real observation, generated by data/generate_sample_data.py"
SIM-LGT-023-046,26.865000,75.780000,lit,2025-07-27,simulated,"ClearWay simulated sample data - NOT a real observation, generated by data/generate_sample_data.py"
SIM-LGT-023-047,26.865000,75.785000,partial,2026-02-23,simulated,"ClearWay simulated sample data - NOT a real observation, generated by data/generate_sample_data.py"
SIM-LGT-023-048,26.865000,75.790000,unlit,2025-06-03,simulated,"ClearWay simulated sample data - NOT a real observation, generated by data/generate_sample_data.py"
SIM-LGT-023-049,26.865000,75.795000,lit,2026-02-22,simulated,"ClearWay simulated sample data - NOT a real observation, generated by data/generate_sample_data.py"
SIM-LGT-023-050,26.865000,75.800000,lit,2025-06-30,simulated,"ClearWay simulated sample data - NOT a real observation, generated by data/generate_sample_data.py"
SIM-LGT-023-051,26.865000,75.805000,partial,2026-08-02,simulated,"ClearWay simulated sample data - NOT a real observation, generated by data/generate_sample_data.py"
SIM-LGT-023-052,26.865000,75.810000,partial,2026-06-01,simulated,"ClearWay simulated sample data - NOT a real observation, generated by data/generate_sample_data.py"
SIM-LGT-023-053,26.865000,75.815000,lit,2026-06-23,simulated,"ClearWay simulated sample data - NOT a real observation, generated by data/generate_sample_data.py"
SIM-LGT-023-054,26.865000,75.820000,lit,2025-12-19,simulated,"ClearWay simulated sample data - NOT a real observation, generated by data/generate_sample_data.py"
SIM-LGT-023-055,26.865000,75.825000,lit,2026-04-12,simulated,"ClearWay simulated sample data - NOT a real observation, generated by data/generate_sample_data.py"
SIM-LGT-023-056,26.865000,75.830000,partial,2026-01-12,simulated,"ClearWay simulated sample data - NOT a real observation, generated by data/generate_sample_data.py"
SIM-LGT-023-057,26.865000,75.835000,lit,2026-01-27,simulated,"ClearWay simulated sample data - NOT a real observation, generated by data/generate_sample_data.py"
SIM-LGT-023-058,26.865000,75.840000,partial,2026-04-19,simulated,"ClearWay simulated sample data - NOT a real observation, generated by data/generate_sample_data.py"
SIM-LGT-023-059,26.865000,75.845000,lit,2025-07-07,simulated,"ClearWay simulated sample data - NOT a real observation, generated by data/generate_sample_data.py"
SIM-LGT-023-060,26.865000,75.850000,lit,2025-12-25,simulated,"ClearWay simulated sample data - NOT a real observation, generated by data/generate_sample_data.py"
SIM-LGT-023-061,26.865000,75.855000,unlit,2026-08-12,simulated,"ClearWay simulated sample data - NOT a real observation, generated by data/generate_sample_data.py"
SIM-LGT-023-062,26.865000,75.860000,lit,2025-10-24,simulated,"ClearWay simulated sample data - NOT a real observation, generated by data/generate_sample_data.py"
SIM-LGT-023-063,26.865000,75.865000,lit,2025-12-24,simulated,"ClearWay simulated sample data - NOT a real observation, generated by data/generate_sample_data.py"
SIM-LGT-023-064,26.865000,75.870000,unlit,2026-05-15,simulated,"ClearWay simulated sample data - NOT a real observation, generated by data/generate_sample_data.py"
SIM-LGT-023-065,26.865000,75.875000,lit,2026-03-24,simulated,"ClearWay simulated sample data - NOT a real observation, generated by data/generate_sample_data.py"
SIM-LGT-023-066,26.865000,75.880000,partial,2025-06-14,simulated,"ClearWay simulated sample data - NOT a real observation, generated by data/generate_sample_data.py"
SIM-LGT-023-067,26.865000,75.885000,lit,2026-01-05,simulated,"ClearWay simulated sample data - NOT a real observation, generated by data/generate_sample_data.py"
SIM-LGT-023-068,26.865000,75.890000,partial,2025-09-04,simulated,"ClearWay simulated sample data - NOT a real observation, generated by data/generate_sample_data.py"
SIM-LGT-023-069,26.865000,75.895000,unlit,2025-12-27,simulated,"ClearWay simulated sample data - NOT a real observation, generated by data/generate_sample_data.py"
SIM-LGT-023-070,26.865000,75.900000,lit,2026-01-20,simulated,"ClearWay simulated sample data - NOT a real observation, generated by data/generate_sample_data.py"
SIM-LGT-024-000,26.870000,75.550000,partial,2026-08-30,simulated,"ClearWay simulated sample data - NOT a real observation, generated by data/generate_sample_data.py"
SIM-LGT-024-001,26.870000,75.555000,lit,2025-05-16,simulated,"ClearWay simulated sample data - NOT a real observation, generated by data/generate_sample_data.py"
SIM-LGT-024-002,26.870000,75.560000,lit,2026-03-21,simulated,"ClearWay simulated sample data - NOT a real observation, generated by data/generate_sample_data.py"
SIM-LGT-024-003,26.870000,75.565000,unlit,2026-06-20,simulated,"ClearWay simulated sample data - NOT a real observation, generated by data/generate_sample_data.py"
SIM-LGT-024-004,26.870000,75.570000,unlit,2026-06-05,simulated,"ClearWay simulated sample data - NOT a real observation, generated by data/generate_sample_data.py"
SIM-LGT-024-005,26.870000,75.575000,lit,2025-11-19,simulated,"ClearWay simulated sample data - NOT a real observation, generated by data/generate_sample_data.py"
SIM-LGT-024-006,26.870000,75.580000,partial,2025-06-04,simulated,"ClearWay simulated sample data - NOT a real observation, generated by data/generate_sample_data.py"
SIM-LGT-024-007,26.870000,75.585000,partial,2025-12-26,simulated,"ClearWay simulated sample data - NOT a real observation, generated by data/generate_sample_data.py"
SIM-LGT-024-008,26.870000,75.590000,lit,2026-06-29,simulated,"ClearWay simulated sample data - NOT a real observation, generated by data/generate_sample_data.py"
SIM-LGT-024-009,26.870000,75.595000,partial,2025-10-21,simulated,"ClearWay simulated sample data - NOT a real observation, generated by data/generate_sample_data.py"
SIM-LGT-024-010,26.870000,75.600000,lit,2025-07-21,simulated,"ClearWay simulated sample data - NOT a real observation, generated by data/generate_sample_data.py"
SIM-LGT-024-011,26.870000,75.605000,lit,2025-06-11,simulated,"ClearWay simulated sample data - NOT a real observation, generated by data/generate_sample_data.py"
SIM-LGT-024-012,26.870000,75.610000,partial,2026-03-30,simulated,"ClearWay simulated sample data - NOT a real observation, generated by data/generate_sample_data.py"
SIM-LGT-024-013,26.870000,75.615000,partial,2025-11-30,simulated,"ClearWay simulated sample data - NOT a real observation, generated by data/generate_sample_data.py"
SIM-LGT-024-014,26.870000,75.620000,partial,2026-05-18,simulated,"ClearWay simulated sample data - NOT a real observation, generated by data/generate_sample_data.py"
SIM-LGT-024-015,26.870000,75.625000,lit,2026-01-07,simulated,"ClearWay simulated sample data - NOT a real observation, generated by data/generate_sample_data.py"
SIM-LGT-024-016,26.870000,75.630000,partial,2025-09-01,simulated,"ClearWay simulated sample data - NOT a real observation, generated by data/generate_sample_data.py"
SIM-LGT-024-017,26.870000,75.635000,lit,2026-06-27,simulated,"ClearWay simulated sample data - NOT a real observation, generated by data/generate_sample_data.py"
SIM-LGT-024-018,26.870000,75.640000,partial,2026-08-27,simulated,"ClearWay simulated sample data - NOT a real observation, generated by data/generate_sample_data.py"
SIM-LGT-024-019,26.870000,75.645000,lit,2026-05-24,simulated,"ClearWay simulated sample data - NOT a real observation, generated by data/generate_sample_data.py"
SIM-LGT-024-020,26.870000,75.650000,lit,2026-05-27,simulated,"ClearWay simulated sample data - NOT a real observation, generated by data/generate_sample_data.py"
SIM-LGT-024-021,26.870000,75.655000,lit,2026-07-28,simulated,"ClearWay simulated sample data - NOT a real observation, generated by data/generate_sample_data.py"
SIM-LGT-024-022,26.870000,75.660000,unlit,2025-12-25,simulated,"ClearWay simulated sample data - NOT a real observation, generated by data/generate_sample_data.py"
SIM-LGT-024-023,26.870000,75.665000,lit,2025-08-30,simulated,"ClearWay simulated sample data - NOT a real observation, generated by data/generate_sample_data.py"
SIM-LGT-024-024,26.870000,75.670000,lit,2026-05-01,simulated,"ClearWay simulated sample data - NOT a real observation, generated by data/generate_sample_data.py"
SIM-LGT-024-025,26.870000,75.675000,lit,2025-09-03,simulated,"ClearWay simulated sample data - NOT a real observation, generated by data/generate_sample_data.py"
SIM-LGT-024-026,26.870000,75.680000,lit,2025-11-12,simulated,"ClearWay simulated sample data - NOT a real observation, generated by data/generate_sample_data.py"
SIM-LGT-024-027,26.870000,75.685000,lit,2025-04-25,simulated,"ClearWay simulated sample data - NOT a real observation, generated by data/generate_sample_data.py"
SIM-LGT-024-028,26.870000,75.690000,lit,2025-07-21,simulated,"ClearWay simulated sample data - NOT a real observation, generated by data/generate_sample_data.py"
SIM-LGT-024-029,26.870000,75.695000,lit,2025-11-05,simulated,"ClearWay simulated sample data - NOT a real observation, generated by data/generate_sample_data.py"
SIM-LGT-024-030,26.870000,75.700000,lit,2026-02-22,simulated,"ClearWay simulated sample data - NOT a real observation, generated by data/generate_sample_data.py"
SIM-LGT-024-031,26.870000,75.705000,lit,2025-09-26,simulated,"ClearWay simulated sample data - NOT a real observation, generated by data/generate_sample_data.py"
SIM-LGT-024-032,26.870000,75.710000,lit,2025-06-03,simulated,"ClearWay simulated sample data - NOT a real observation, generated by data/generate_sample_data.py"
SIM-LGT-024-033,26.870000,75.715000,unlit,2025-06-17,simulated,"ClearWay simulated sample data - NOT a real observation, generated by data/generate_sample_data.py"
SIM-LGT-024-034,26.870000,75.720000,partial,2026-03-23,simulated,"ClearWay simulated sample data - NOT a real observation, generated by data/generate_sample_data.py"
SIM-LGT-024-035,26.870000,75.725000,lit,2025-11-09,simulated,"ClearWay simulated sample data - NOT a real observation, generated by data/generate_sample_data.py"
SIM-LGT-024-036,26.870000,75.730000,partial,2025-06-14,simulated,"ClearWay simulated sample data - NOT a real observation, generated by data/generate_sample_data.py"
SIM-LGT-024-037,26.870000,75.735000,partial,2026-05-04,simulated,"ClearWay simulated sample data - NOT a real observation, generated by data/generate_sample_data.py"
SIM-LGT-024-038,26.870000,75.740000,lit,2026-03-28,simulated,"ClearWay simulated sample data - NOT a real observation, generated by data/generate_sample_data.py"
SIM-LGT-024-039,26.870000,75.745000,lit,2026-02-10,simulated,"ClearWay simulated sample data - NOT a real observation, generated by data/generate_sample_data.py"
SIM-LGT-024-040,26.870000,75.750000,lit,2026-02-14,simulated,"ClearWay simulated sample data - NOT a real observation, generated by data/generate_sample_data.py"
SIM-LGT-024-041,26.870000,75.755000,lit,2026-01-13,simulated,"ClearWay simulated sample data - NOT a real observation, generated by data/generate_sample_data.py"
SIM-LGT-024-042,26.870000,75.760000,lit,2026-05-11,simulated,"ClearWay simulated sample data - NOT a real observation, generated by data/generate_sample_data.py"
SIM-LGT-024-043,26.870000,75.765000,partial,2025-10-08,simulated,"ClearWay simulated sample data - NOT a real observation, generated by data/generate_sample_data.py"
SIM-LGT-024-044,26.870000,75.770000,lit,2026-01-06,simulated,"ClearWay simulated sample data - NOT a real observation, generated by data/generate_sample_data.py"
SIM-LGT-024-045,26.870000,75.775000,lit,2025-06-29,simulated,"ClearWay simulated sample data - NOT a real observation, generated by data/generate_sample_data.py"
SIM-LGT-024-046,26.870000,75.780000,lit,2025-07-31,simulated,"ClearWay simulated sample data - NOT a real observation, generated by data/generate_sample_data.py"
SIM-LGT-024-047,26.870000,75.785000,lit,2026-01-02,simulated,"ClearWay simulated sample data - NOT a real observation, generated by data/generate_sample_data.py"
SIM-LGT-024-048,26.870000,75.790000,lit,2026-07-11,simulated,"ClearWay simulated sample data - NOT a real observation, generated by data/generate_sample_data.py"
SIM-LGT-024-049,26.870000,75.795000,lit,2025-11-06,simulated,"ClearWay simulated sample data - NOT a real observation, generated by data/generate_sample_data.py"
SIM-LGT-024-050,26.870000,75.800000,lit,2026-04-27,simulated,"ClearWay simulated sample data - NOT a real observation, generated by data/generate_sample_data.py"
SIM-LGT-024-051,26.870000,75.805000,unlit,2025-04-30,simulated,"ClearWay simulated sample data - NOT a real observation, generated by data/generate_sample_data.py"
SIM-LGT-024-052,26.870000,75.810000,lit,2025-11-10,simulated,"ClearWay simulated sample data - NOT a real observation, generated by data/generate_sample_data.py"
SIM-LGT-024-053,26.870000,75.815000,partial,2025-05-21,simulated,"ClearWay simulated sample data - NOT a real observation, generated by data/generate_sample_data.py"
SIM-LGT-024-054,26.870000,75.820000,lit,2025-08-27,simulated,"ClearWay simulated sample data - NOT a real observation, generated by data/generate_sample_data.py"
SIM-LGT-024-055,26.870000,75.825000,lit,2025-10-12,simulated,"ClearWay simulated sample data - NOT a real observation, generated by data/generate_sample_data.py"
SIM-LGT-024-056,26.870000,75.830000,lit,2025-09-22,simulated,"ClearWay simulated sample data - NOT a real observation, generated by data/generate_sample_data.py"
SIM-LGT-024-057,26.870000,75.835000,partial,2026-02-28,simulated,"ClearWay simulated sample data - NOT a real observation, generated by data/generate_sample_data.py"
SIM-LGT-024-058,26.870000,75.840000,lit,2025-09-11,simulated,"ClearWay simulated sample data - NOT a real observation, generated by data/generate_sample_data.py"
SIM-LGT-024-059,26.870000,75.845000,lit,2026-08-03,simulated,"ClearWay simulated sample data - NOT a real observation, generated by data/generate_sample_data.py"
SIM-LGT-024-060,26.870000,75.850000,partial,2025-11-09,simulated,"ClearWay simulated sample data - NOT a real observation, generated by data/generate_sample_data.py"
SIM-LGT-024-061,26.870000,75.855000,partial,2025-08-01,simulated,"ClearWay simulated sample data - NOT a real observation, generated by data/generate_sample_data.py"
SIM-LGT-024-062,26.870000,75.860000,lit,2025-11-03,simulated,"ClearWay simulated sample data - NOT a real observation, generated by data/generate_sample_data.py"
SIM-LGT-024-063,26.870000,75.865000,unlit,2025-10-21,simulated,"ClearWay simulated sample data - NOT a real observation, generated by data/generate_sample_data.py"
SIM-LGT-024-064,26.870000,75.870000,lit,2026-02-11,simulated,"ClearWay simulated sample data - NOT a real observation, generated by data/generate_sample_data.py"
SIM-LGT-024-065,26.870000,75.875000,partial,2026-01-02,simulated,"ClearWay simulated sample data - NOT a real observation, generated by data/generate_sample_data.py"
SIM-LGT-024-066,26.870000,75.880000,lit,2025-12-06,simulated,"ClearWay simulated sample data - NOT a real observation, generated by data/generate_sample_data.py"
SIM-LGT-024-067,26.870000,75.885000,lit,2025-04-28,simulated,"ClearWay simulated sample data - NOT a real observation, generated by data/generate_sample_data.py"
SIM-LGT-024-068,26.870000,75.890000,lit,2026-03-04,simulated,"ClearWay simulated sample data - NOT a real observation, generated by data/generate_sample_data.py"
SIM-LGT-024-069,26.870000,75.895000,partial,2026-06-08,simulated,"ClearWay simulated sample data - NOT a real observation, generated by data/generate_sample_data.py"
SIM-LGT-024-070,26.870000,75.900000,partial,2026-06-03,simulated,"ClearWay simulated sample data - NOT a real observation, generated by data/generate_sample_data.py"
SIM-LGT-025-000,26.875000,75.550000,unlit,2025-06-26,simulated,"ClearWay simulated sample data - NOT a real observation, generated by data/generate_sample_data.py"
SIM-LGT-025-001,26.875000,75.555000,partial,2026-09-08,simulated,"ClearWay simulated sample data - NOT a real observation, generated by data/generate_sample_data.py"
SIM-LGT-025-002,26.875000,75.560000,lit,2026-03-25,simulated,"ClearWay simulated sample data - NOT a real observation, generated by data/generate_sample_data.py"
SIM-LGT-025-003,26.875000,75.565000,partial,2025-04-22,simulated,"ClearWay simulated sample data - NOT a real observation, generated by data/generate_sample_data.py"
SIM-LGT-025-004,26.875000,75.570000,unlit,2026-06-16,simulated,"ClearWay simulated sample data - NOT a real observation, generated by data/generate_sample_data.py"
SIM-LGT-025-005,26.875000,75.575000,lit,2025-05-25,simulated,"ClearWay simulated sample data - NOT a real observation, generated by data/generate_sample_data.py"
SIM-LGT-025-006,26.875000,75.580000,lit,2025-06-19,simulated,"ClearWay simulated sample data - NOT a real observation, generated by data/generate_sample_data.py"
SIM-LGT-025-007,26.875000,75.585000,lit,2025-05-20,simulated,"ClearWay simulated sample data - NOT a real observation, generated by data/generate_sample_data.py"
SIM-LGT-025-008,26.875000,75.590000,partial,2025-07-25,simulated,"ClearWay simulated sample data - NOT a real observation, generated by data/generate_sample_data.py"
SIM-LGT-025-009,26.875000,75.595000,lit,2025-07-24,simulated,"ClearWay simulated sample data - NOT a real observation, generated by data/generate_sample_data.py"
SIM-LGT-025-010,26.875000,75.600000,lit,2025-04-20,simulated,"ClearWay simulated sample data - NOT a real observation, generated by data/generate_sample_data.py"
SIM-LGT-025-011,26.875000,75.605000,unlit,2026-08-30,simulated,"ClearWay simulated sample data - NOT a real observation, generated by data/generate_sample_data.py"
SIM-LGT-025-012,26.875000,75.610000,lit,2026-04-22,simulated,"ClearWay simulated sample data - NOT a real observation, generated by data/generate_sample_data.py"
SIM-LGT-025-013,26.875000,75.615000,lit,2026-03-30,simulated,"ClearWay simulated sample data - NOT a real observation, generated by data/generate_sample_data.py"
SIM-LGT-025-014,26.875000,75.620000,unlit,2025-05-10,simulated,"ClearWay simulated sample data - NOT a real observation, generated by data/generate_sample_data.py"
SIM-LGT-025-015,26.875000,75.625000,lit,2025-04-18,simulated,"ClearWay simulated sample data - NOT a real observation, generated by data/generate_sample_data.py"
SIM-LGT-025-016,26.875000,75.630000,partial,2025-12-03,simulated,"ClearWay simulated sample data - NOT a real observation, generated by data/generate_sample_data.py"
SIM-LGT-025-017,26.875000,75.635000,lit,2026-05-07,simulated,"ClearWay simulated sample data - NOT a real observation, generated by data/generate_sample_data.py"
SIM-LGT-025-018,26.875000,75.640000,partial,2025-04-28,simulated,"ClearWay simulated sample data - NOT a real observation, generated by data/generate_sample_data.py"
SIM-LGT-025-019,26.875000,75.645000,lit,2026-04-29,simulated,"ClearWay simulated sample data - NOT a real observation, generated by data/generate_sample_data.py"
SIM-LGT-025-020,26.875000,75.650000,partial,2026-03-09,simulated,"ClearWay simulated sample data - NOT a real observation, generated by data/generate_sample_data.py"
SIM-LGT-025-021,26.875000,75.655000,lit,2025-09-19,simulated,"ClearWay simulated sample data - NOT a real observation, generated by data/generate_sample_data.py"
SIM-LGT-025-022,26.875000,75.660000,lit,2026-05-28,simulated,"ClearWay simulated sample data - NOT a real observation, generated by data/generate_sample_data.py"
SIM-LGT-025-023,26.875000,75.665000,partial,2025-12-15,simulated,"ClearWay simulated sample data - NOT a real observation, generated by data/generate_sample_data.py"
SIM-LGT-025-024,26.875000,75.670000,lit,2025-12-09,simulated,"ClearWay simulated sample data - NOT a real observation, generated by data/generate_sample_data.py"
SIM-LGT-025-025,26.875000,75.675000,lit,2026-01-04,simulated,"ClearWay simulated sample data - NOT a real observation, generated by data/generate_sample_data.py"
SIM-LGT-025-026,26.875000,75.680000,lit,2026-03-13,simulated,"ClearWay simulated sample data - NOT a real observation, generated by data/generate_sample_data.py"
SIM-LGT-025-027,26.875000,75.685000,lit,2026-08-29,simulated,"ClearWay simulated sample data - NOT a real observation, generated by data/generate_sample_data.py"
SIM-LGT-025-028,26.875000,75.690000,partial,2025-06-21,simulated,"ClearWay simulated sample data - NOT a real observation, generated by data/generate_sample_data.py"
SIM-LGT-025-029,26.875000,75.695000,lit,2025-11-21,simulated,"ClearWay simulated sample data - NOT a real observation, generated by data/generate_sample_data.py"
SIM-LGT-025-030,26.875000,75.700000,unlit,2025-05-25,simulated,"ClearWay simulated sample data - NOT a real observation, generated by data/generate_sample_data.py"
SIM-LGT-025-031,26.875000,75.705000,lit,2026-04-29,simulated,"ClearWay simulated sample data - NOT a real observation, generated by data/generate_sample_data.py"
SIM-LGT-025-032,26.875000,75.710000,lit,2025-08-11,simulated,"ClearWay simulated sample data - NOT a real observation, generated by data/generate_sample_data.py"
SIM-LGT-025-033,26.875000,75.715000,unlit,2026-02-07,simulated,"ClearWay simulated sample data - NOT a real observation, generated by data/generate_sample_data.py"
SIM-LGT-025-034,26.875000,75.720000,lit,2026-02-16,simulated,"ClearWay simulated sample data - NOT a real observation, generated by data/generate_sample_data.py"
SIM-LGT-025-035,26.875000,75.725000,lit,2026-07-02,simulated,"ClearWay simulated sample data - NOT a real observation, generated by data/generate_sample_data.py"
SIM-LGT-025-036,26.875000,75.730000,lit,2026-02-23,simulated,"ClearWay simulated sample data - NOT a real observation, generated by data/generate_sample_data.py"
SIM-LGT-025-037,26.875000,75.735000,lit,2026-08-09,simulated,"ClearWay simulated sample data - NOT a real observation, generated by data/generate_sample_data.py"
SIM-LGT-025-038,26.875000,75.740000,lit,2026-02-15,simulated,"ClearWay simulated sample data - NOT a real observation, generated by data/generate_sample_data.py"
SIM-LGT-025-039,26.875000,75.745000,unlit,2025-08-17,simulated,"ClearWay simulated sample data - NOT a real observation, generated by data/generate_sample_data.py"
SIM-LGT-025-040,26.875000,75.750000,lit,2025-06-03,simulated,"ClearWay simulated sample data - NOT a real observation, generated by data/generate_sample_data.py"
SIM-LGT-025-041,26.875000,75.755000,partial,2025-08-02,simulated,"ClearWay simulated sample data - NOT a real observation, generated by data/generate_sample_data.py"
SIM-LGT-025-042,26.875000,75.760000,lit,2026-03-01,simulated,"ClearWay simulated sample data - NOT a real observation, generated by data/generate_sample_data.py"
SIM-LGT-025-043,26.875000,75.765000,partial,2026-02-16,simulated,"ClearWay simulated sample data - NOT a real observation, generated by data/generate_sample_data.py"
SIM-LGT-025-044,26.875000,75.770000,lit,2026-01-10,simulated,"ClearWay simulated sample data - NOT a real observation, generated by data/generate_sample_data.py"
SIM-LGT-025-045,26.875000,75.775000,lit,2026-04-24,simulated,"ClearWay simulated sample data - NOT a real observation, generated by data/generate_sample_data.py"
SIM-LGT-025-046,26.875000,75.780000,unlit,2026-06-29,simulated,"ClearWay simulated sample data - NOT a real observation, generated by data/generate_sample_data.py"
SIM-LGT-025-047,26.875000,75.785000,partial,2026-08-25,simulated,"ClearWay simulated sample data - NOT a real observation, generated by data/generate_sample_data.py"
SIM-LGT-025-048,26.875000,75.790000,lit,2026-05-27,simulated,"ClearWay simulated sample data - NOT a real observation, generated by data/generate_sample_data.py"
SIM-LGT-025-049,26.875000,75.795000,lit,2025-09-30,simulated,"ClearWay simulated sample data - NOT a real observation, generated by data/generate_sample_data.py"
SIM-LGT-025-050,26.875000,75.800000,lit,2026-04-14,simulated,"ClearWay simulated sample data - NOT a real observation, generated by data/generate_sample_data.py"
SIM-LGT-025-051,26.875000,75.805000,unlit,2025-07-14,simulated,"ClearWay simulated sample data - NOT a real observation, generated by data/generate_sample_data.py"
SIM-LGT-025-052,26.875000,75.810000,lit,2025-07-31,simulated,"ClearWay simulated sample data - NOT a real observation, generated by data/generate_sample_data.py"
SIM-LGT-025-053,26.875000,75.815000,lit,2025-12-12,simulated,"ClearWay simulated sample data - NOT a real observation, generated by data/generate_sample_data.py"
SIM-LGT-025-054,26.875000,75.820000,lit,2025-08-19,simulated,"ClearWay simulated sample data - NOT a real observation, generated by data/generate_sample_data.py"
SIM-LGT-025-055,26.875000,75.825000,partial,2026-08-24,simulated,"ClearWay simulated sample data - NOT a real observation, generated by data/generate_sample_data.py"
SIM-LGT-025-056,26.875000,75.830000,lit,2025-12-20,simulated,"ClearWay simulated sample data - NOT a real observation, generated by data/generate_sample_data.py"
SIM-LGT-025-057,26.875000,75.835000,lit,2025-11-24,simulated,"ClearWay simulated sample data - NOT a real observation, generated by data/generate_sample_data.py"
SIM-LGT-025-058,26.875000,75.840000,lit,2025-08-01,simulated,"ClearWay simulated sample data - NOT a real observation, generated by data/generate_sample_data.py"
SIM-LGT-025-059,26.875000,75.845000,unlit,2025-11-16,simulated,"ClearWay simulated sample data - NOT a real observation, generated by data/generate_sample_data.py"
SIM-LGT-025-060,26.875000,75.850000,lit,2026-06-13,simulated,"ClearWay simulated sample data - NOT a real observation, generated by data/generate_sample_data.py"
SIM-LGT-025-061,26.875000,75.855000,partial,2025-11-04,simulated,"ClearWay simulated sample data - NOT a real observation, generated by data/generate_sample_data.py"
SIM-LGT-025-062,26.875000,75.860000,lit,2025-11-04,simulated,"ClearWay simulated sample data - NOT a real observation, generated by data/generate_sample_data.py"
SIM-LGT-025-063,26.875000,75.865000,lit,2026-08-03,simulated,"ClearWay simulated sample data - NOT a real observation, generated by data/generate_sample_data.py"
SIM-LGT-025-064,26.875000,75.870000,lit,2026-09-03,simulated,"ClearWay simulated sample data - NOT a real observation, generated by data/generate_sample_data.py"
SIM-LGT-025-065,26.875000,75.875000,lit,2025-09-16,simulated,"ClearWay simulated sample data - NOT a real observation, generated by data/generate_sample_data.py"
SIM-LGT-025-066,26.875000,75.880000,lit,2025-10-31,simulated,"ClearWay simulated sample data - NOT a real observation, generated by data/generate_sample_data.py"
SIM-LGT-025-067,26.875000,75.885000,lit,2026-05-02,simulated,"ClearWay simulated sample data - NOT a real observation, generated by data/generate_sample_data.py"
SIM-LGT-025-068,26.875000,75.890000,partial,2026-07-30,simulated,"ClearWay simulated sample data - NOT a real observation, generated by data/generate_sample_data.py"
SIM-LGT-025-069,26.875000,75.895000,lit,2026-05-07,simulated,"ClearWay simulated sample data - NOT a real observation, generated by data/generate_sample_data.py"
SIM-LGT-025-070,26.875000,75.900000,unlit,2026-08-12,simulated,"ClearWay simulated sample data - NOT a real observation, generated by data/generate_sample_data.py"
SIM-LGT-026-000,26.880000,75.550000,unlit,2026-05-04,simulated,"ClearWay simulated sample data - NOT a real observation, generated by data/generate_sample_data.py"
SIM-LGT-026-001,26.880000,75.555000,partial,2026-06-27,simulated,"ClearWay simulated sample data - NOT a real observation, generated by data/generate_sample_data.py"
SIM-LGT-026-002,26.880000,75.560000,partial,2025-09-17,simulated,"ClearWay simulated sample data - NOT a real observation, generated by data/generate_sample_data.py"
SIM-LGT-026-003,26.880000,75.565000,unlit,2026-01-08,simulated,"ClearWay simulated sample data - NOT a real observation, generated by data/generate_sample_data.py"
SIM-LGT-026-004,26.880000,75.570000,unlit,2026-09-04,simulated,"ClearWay simulated sample data - NOT a real observation, generated by data/generate_sample_data.py"
SIM-LGT-026-005,26.880000,75.575000,partial,2025-06-29,simulated,"ClearWay simulated sample data - NOT a real observation, generated by data/generate_sample_data.py"
SIM-LGT-026-006,26.880000,75.580000,lit,2025-05-22,simulated,"ClearWay simulated sample data - NOT a real observation, generated by data/generate_sample_data.py"
SIM-LGT-026-007,26.880000,75.585000,partial,2026-02-10,simulated,"ClearWay simulated sample data - NOT a real observation, generated by data/generate_sample_data.py"
SIM-LGT-026-008,26.880000,75.590000,lit,2026-08-23,simulated,"ClearWay simulated sample data - NOT a real observation, generated by data/generate_sample_data.py"
SIM-LGT-026-009,26.880000,75.595000,lit,2025-07-23,simulated,"ClearWay simulated sample data - NOT a real observation, generated by data/generate_sample_data.py"
SIM-LGT-026-010,26.880000,75.600000,lit,2025-11-15,simulated,"ClearWay simulated sample data - NOT a real observation, generated by data/generate_sample_data.py"
SIM-LGT-026-011,26.880000,75.605000,lit,2025-12-27,simulated,"ClearWay simulated sample data - NOT a real observation, generated by data/generate_sample_data.py"
SIM-LGT-026-012,26.880000,75.610000,lit,2026-08-22,simulated,"ClearWay simulated sample data - NOT a real observation, generated by data/generate_sample_data.py"
SIM-LGT-026-013,26.880000,75.615000,unlit,2025-09-15,simulated,"ClearWay simulated sample data - NOT a real observation, generated by data/generate_sample_data.py"
SIM-LGT-026-014,26.880000,75.620000,partial,2026-01-24,simulated,"ClearWay simulated sample data - NOT a real observation, generated by data/generate_sample_data.py"
SIM-LGT-026-015,26.880000,75.625000,unlit,2025-08-03,simulated,"ClearWay simulated sample data - NOT a real observation, generated by data/generate_sample_data.py"
SIM-LGT-026-016,26.880000,75.630000,unlit,2025-08-03,simulated,"ClearWay simulated sample data - NOT a real observation, generated by data/generate_sample_data.py"
SIM-LGT-026-017,26.880000,75.635000,lit,2025-09-27,simulated,"ClearWay simulated sample data - NOT a real observation, generated by data/generate_sample_data.py"
SIM-LGT-026-018,26.880000,75.640000,lit,2025-05-12,simulated,"ClearWay simulated sample data - NOT a real observation, generated by data/generate_sample_data.py"
SIM-LGT-026-019,26.880000,75.645000,lit,2025-06-27,simulated,"ClearWay simulated sample data - NOT a real observation, generated by data/generate_sample_data.py"
SIM-LGT-026-020,26.880000,75.650000,partial,2026-07-18,simulated,"ClearWay simulated sample data - NOT a real observation, generated by data/generate_sample_data.py"
SIM-LGT-026-021,26.880000,75.655000,partial,2025-11-06,simulated,"ClearWay simulated sample data - NOT a real observation, generated by data/generate_sample_data.py"
SIM-LGT-026-022,26.880000,75.660000,unlit,2026-01-12,simulated,"ClearWay simulated sample data - NOT a real observation, generated by data/generate_sample_data.py"
SIM-LGT-026-023,26.880000,75.665000,lit,2026-07-18,simulated,"ClearWay simulated sample data - NOT a real observation, generated by data/generate_sample_data.py"
SIM-LGT-026-024,26.880000,75.670000,lit,2025-07-15,simulated,"ClearWay simulated sample data - NOT a real observation, generated by data/generate_sample_data.py"
SIM-LGT-026-025,26.880000,75.675000,lit,2026-03-28,simulated,"ClearWay simulated sample data - NOT a real observation, generated by data/generate_sample_data.py"
SIM-LGT-026-026,26.880000,75.680000,lit,2026-01-16,simulated,"ClearWay simulated sample data - NOT a real observation, generated by data/generate_sample_data.py"
SIM-LGT-026-027,26.880000,75.685000,lit,2026-06-09,simulated,"ClearWay simulated sample data - NOT a real observation, generated by data/generate_sample_data.py"
SIM-LGT-026-028,26.880000,75.690000,partial,2025-07-15,simulated,"ClearWay simulated sample data - NOT a real observation, generated by data/generate_sample_data.py"
SIM-LGT-026-029,26.880000,75.695000,unlit,2025-11-21,simulated,"ClearWay simulated sample data - NOT a real observation, generated by data/generate_sample_data.py"
SIM-LGT-026-030,26.880000,75.700000,partial,2026-04-27,simulated,"ClearWay simulated sample data - NOT a real observation, generated by data/generate_sample_data.py"
SIM-LGT-026-031,26.880000,75.705000,partial,2025-08-08,simulated,"ClearWay simulated sample data - NOT a real observation, generated by data/generate_sample_data.py"
SIM-LGT-026-032,26.880000,75.710000,partial,2026-08-23,simulated,"ClearWay simulated sample data - NOT a real observation, generated by data/generate_sample_data.py"
SIM-LGT-026-033,26.880000,75.715000,lit,2026-01-11,simulated,"ClearWay simulated sample data - NOT a real observation, generated by data/generate_sample_data.py"
SIM-LGT-026-034,26.880000,75.720000,lit,2025-11-09,simulated,"ClearWay simulated sample data - NOT a real observation, generated by data/generate_sample_data.py"
SIM-LGT-026-035,26.880000,75.725000,lit,2025-09-18,simulated,"ClearWay simulated sample data - NOT a real observation, generated by data/generate_sample_data.py"
SIM-LGT-026-036,26.880000,75.730000,partial,2026-04-25,simulated,"ClearWay simulated sample data - NOT a real observation, generated by data/generate_sample_data.py"
SIM-LGT-026-037,26.880000,75.735000,unlit,2026-01-18,simulated,"ClearWay simulated sample data - NOT a real observation, generated by data/generate_sample_data.py"
SIM-LGT-026-038,26.880000,75.740000,lit,2026-04-06,simulated,"ClearWay simulated sample data - NOT a real observation, generated by data/generate_sample_data.py"
SIM-LGT-026-039,26.880000,75.745000,partial,2026-06-20,simulated,"ClearWay simulated sample data - NOT a real observation, generated by data/generate_sample_data.py"
SIM-LGT-026-040,26.880000,75.750000,lit,2026-08-08,simulated,"ClearWay simulated sample data - NOT a real observation, generated by data/generate_sample_data.py"
SIM-LGT-026-041,26.880000,75.755000,unlit,2026-07-20,simulated,"ClearWay simulated sample data - NOT a real observation, generated by data/generate_sample_data.py"
SIM-LGT-026-042,26.880000,75.760000,lit,2026-06-18,simulated,"ClearWay simulated sample data - NOT a real observation, generated by data/generate_sample_data.py"
SIM-LGT-026-043,26.880000,75.765000,lit,2026-06-20,simulated,"ClearWay simulated sample data - NOT a real observation, generated by data/generate_sample_data.py"
SIM-LGT-026-044,26.880000,75.770000,lit,2026-03-11,simulated,"ClearWay simulated sample data - NOT a real observation, generated by data/generate_sample_data.py"
SIM-LGT-026-045,26.880000,75.775000,lit,2025-08-25,simulated,"ClearWay simulated sample data - NOT a real observation, generated by data/generate_sample_data.py"
SIM-LGT-026-046,26.880000,75.780000,lit,2025-08-23,simulated,"ClearWay simulated sample data - NOT a real observation, generated by data/generate_sample_data.py"
SIM-LGT-026-047,26.880000,75.785000,lit,2025-12-18,simulated,"ClearWay simulated sample data - NOT a real observation, generated by data/generate_sample_data.py"
SIM-LGT-026-048,26.880000,75.790000,lit,2025-06-30,simulated,"ClearWay simulated sample data - NOT a real observation, generated by data/generate_sample_data.py"
SIM-LGT-026-049,26.880000,75.795000,unlit,2025-12-10,simulated,"ClearWay simulated sample data - NOT a real observation, generated by data/generate_sample_data.py"
SIM-LGT-026-050,26.880000,75.800000,lit,2025-04-22,simulated,"ClearWay simulated sample data - NOT a real observation, generated by data/generate_sample_data.py"
SIM-LGT-026-051,26.880000,75.805000,lit,2026-03-05,simulated,"ClearWay simulated sample data - NOT a real observation, generated by data/generate_sample_data.py"
SIM-LGT-026-052,26.880000,75.810000,lit,2026-06-16,simulated,"ClearWay simulated sample data - NOT a real observation, generated by data/generate_sample_data.py"
SIM-LGT-026-053,26.880000,75.815000,lit,2026-07-20,simulated,"ClearWay simulated sample data - NOT a real observation, generated by data/generate_sample_data.py"
SIM-LGT-026-054,26.880000,75.820000,lit,2026-08-31,simulated,"ClearWay simulated sample data - NOT a real observation, generated by data/generate_sample_data.py"
SIM-LGT-026-055,26.880000,75.825000,partial,2026-07-29,simulated,"ClearWay simulated sample data - NOT a real observation, generated by data/generate_sample_data.py"
SIM-LGT-026-056,26.880000,75.830000,lit,2026-07-14,simulated,"ClearWay simulated sample data - NOT a real observation, generated by data/generate_sample_data.py"
SIM-LGT-026-057,26.880000,75.835000,lit,2026-07-30,simulated,"ClearWay simulated sample data - NOT a real observation, generated by data/generate_sample_data.py"
SIM-LGT-026-058,26.880000,75.840000,partial,2025-11-13,simulated,"ClearWay simulated sample data - NOT a real observation, generated by data/generate_sample_data.py"
SIM-LGT-026-059,26.880000,75.845000,lit,2026-03-16,simulated,"ClearWay simulated sample data - NOT a real observation, generated by data/generate_sample_data.py"
SIM-LGT-026-060,26.880000,75.850000,lit,2026-03-20,simulated,"ClearWay simulated sample data - NOT a real observation, generated by data/generate_sample_data.py"
SIM-LGT-026-061,26.880000,75.855000,partial,2026-03-18,simulated,"ClearWay simulated sample data - NOT a real observation, generated by data/generate_sample_data.py"
SIM-LGT-026-062,26.880000,75.860000,partial,2025-07-10,simulated,"ClearWay simulated sample data - NOT a real observation, generated by data/generate_sample_data.py"
SIM-LGT-026-063,26.880000,75.865000,lit,2025-05-23,simulated,"ClearWay simulated sample data - NOT a real observation, generated by data/generate_sample_data.py"
SIM-LGT-026-064,26.880000,75.870000,lit,2025-06-16,simulated,"ClearWay simulated sample data - NOT a real observation, generated by data/generate_sample_data.py"
SIM-LGT-026-065,26.880000,75.875000,unlit,2026-02-12,simulated,"ClearWay simulated sample data - NOT a real observation, generated by data/generate_sample_data.py"
SIM-LGT-026-066,26.880000,75.880000,lit,2026-02-21,simulated,"ClearWay simulated sample data - NOT a real observation, generated by data/generate_sample_data.py"
SIM-LGT-026-067,26.880000,75.885000,lit,2025-09-10,simulated,"ClearWay simulated sample data - NOT a real observation, generated by data/generate_sample_data.py"
SIM-LGT-026-068,26.880000,75.890000,unlit,2026-05-20,simulated,"ClearWay simulated sample data - NOT a real observation, generated by data/generate_sample_data.py"
SIM-LGT-026-069,26.880000,75.895000,lit,2026-09-09,simulated,"ClearWay simulated sample data - NOT a real observation, generated by data/generate_sample_data.py"
SIM-LGT-026-070,26.880000,75.900000,lit,2025-12-10,simulated,"ClearWay simulated sample data - NOT a real observation, generated by data/generate_sample_data.py"
SIM-LGT-027-000,26.885000,75.550000,partial,2026-08-30,simulated,"ClearWay simulated sample data - NOT a real observation, generated by data/generate_sample_data.py"
SIM-LGT-027-001,26.885000,75.555000,lit,2025-05-16,simulated,"ClearWay simulated sample data - NOT a real observation, generated by data/generate_sample_data.py"
SIM-LGT-027-002,26.885000,75.560000,lit,2025-10-03,simulated,"ClearWay simulated sample data - NOT a real observation, generated by data/generate_sample_data.py"
SIM-LGT-027-003,26.885000,75.565000,lit,2026-01-19,simulated,"ClearWay simulated sample data - NOT a real observation, generated by data/generate_sample_data.py"
SIM-LGT-027-004,26.885000,75.570000,lit,2026-01-12,simulated,"ClearWay simulated sample data - NOT a real observation, generated by data/generate_sample_data.py"
SIM-LGT-027-005,26.885000,75.575000,lit,2025-09-01,simulated,"ClearWay simulated sample data - NOT a real observation, generated by data/generate_sample_data.py"
SIM-LGT-027-006,26.885000,75.580000,lit,2026-01-09,simulated,"ClearWay simulated sample data - NOT a real observation, generated by data/generate_sample_data.py"
SIM-LGT-027-007,26.885000,75.585000,lit,2026-06-28,simulated,"ClearWay simulated sample data - NOT a real observation, generated by data/generate_sample_data.py"
SIM-LGT-027-008,26.885000,75.590000,lit,2026-01-18,simulated,"ClearWay simulated sample data - NOT a real observation, generated by data/generate_sample_data.py"
SIM-LGT-027-009,26.885000,75.595000,partial,2026-04-15,simulated,"ClearWay simulated sample data - NOT a real observation, generated by data/generate_sample_data.py"
SIM-LGT-027-010,26.885000,75.600000,lit,2026-05-23,simulated,"ClearWay simulated sample data - NOT a real observation, generated by data/generate_sample_data.py"
SIM-LGT-027-011,26.885000,75.605000,lit,2025-10-12,simulated,"ClearWay simulated sample data - NOT a real observation, generated by data/generate_sample_data.py"
SIM-LGT-027-012,26.885000,75.610000,partial,2025-10-14,simulated,"ClearWay simulated sample data - NOT a real observation, generated by data/generate_sample_data.py"
SIM-LGT-027-013,26.885000,75.615000,lit,2025-10-26,simulated,"ClearWay simulated sample data - NOT a real observation, generated by data/generate_sample_data.py"
SIM-LGT-027-014,26.885000,75.620000,lit,2025-07-24,simulated,"ClearWay simulated sample data - NOT a real observation, generated by data/generate_sample_data.py"
SIM-LGT-027-015,26.885000,75.625000,lit,2026-04-13,simulated,"ClearWay simulated sample data - NOT a real observation, generated by data/generate_sample_data.py"
SIM-LGT-027-016,26.885000,75.630000,unlit,2025-08-30,simulated,"ClearWay simulated sample data - NOT a real observation, generated by data/generate_sample_data.py"
SIM-LGT-027-017,26.885000,75.635000,lit,2026-07-01,simulated,"ClearWay simulated sample data - NOT a real observation, generated by data/generate_sample_data.py"
SIM-LGT-027-018,26.885000,75.640000,partial,2026-07-31,simulated,"ClearWay simulated sample data - NOT a real observation, generated by data/generate_sample_data.py"
SIM-LGT-027-019,26.885000,75.645000,lit,2026-03-15,simulated,"ClearWay simulated sample data - NOT a real observation, generated by data/generate_sample_data.py"
SIM-LGT-027-020,26.885000,75.650000,lit,2025-10-30,simulated,"ClearWay simulated sample data - NOT a real observation, generated by data/generate_sample_data.py"
SIM-LGT-027-021,26.885000,75.655000,partial,2026-04-30,simulated,"ClearWay simulated sample data - NOT a real observation, generated by data/generate_sample_data.py"
SIM-LGT-027-022,26.885000,75.660000,lit,2026-09-09,simulated,"ClearWay simulated sample data - NOT a real observation, generated by data/generate_sample_data.py"
SIM-LGT-027-023,26.885000,75.665000,partial,2025-09-26,simulated,"ClearWay simulated sample data - NOT a real observation, generated by data/generate_sample_data.py"
SIM-LGT-027-024,26.885000,75.670000,lit,2025-08-18,simulated,"ClearWay simulated sample data - NOT a real observation, generated by data/generate_sample_data.py"
SIM-LGT-027-025,26.885000,75.675000,partial,2025-11-20,simulated,"ClearWay simulated sample data - NOT a real observation, generated by data/generate_sample_data.py"
SIM-LGT-027-026,26.885000,75.680000,lit,2026-01-14,simulated,"ClearWay simulated sample data - NOT a real observation, generated by data/generate_sample_data.py"
SIM-LGT-027-027,26.885000,75.685000,lit,2026-08-01,simulated,"ClearWay simulated sample data - NOT a real observation, generated by data/generate_sample_data.py"
SIM-LGT-027-028,26.885000,75.690000,lit,2025-05-18,simulated,"ClearWay simulated sample data - NOT a real observation, generated by data/generate_sample_data.py"
SIM-LGT-027-029,26.885000,75.695000,unlit,2026-05-01,simulated,"ClearWay simulated sample data - NOT a real observation, generated by data/generate_sample_data.py"
SIM-LGT-027-030,26.885000,75.700000,partial,2025-04-23,simulated,"ClearWay simulated sample data - NOT a real observation, generated by data/generate_sample_data.py"
SIM-LGT-027-031,26.885000,75.705000,lit,2026-07-09,simulated,"ClearWay simulated sample data - NOT a real observation, generated by data/generate_sample_data.py"
SIM-LGT-027-032,26.885000,75.710000,unlit,2025-11-01,simulated,"ClearWay simulated sample data - NOT a real observation, generated by data/generate_sample_data.py"
SIM-LGT-027-033,26.885000,75.715000,unlit,2026-03-02,simulated,"ClearWay simulated sample data - NOT a real observation, generated by data/generate_sample_data.py"
SIM-LGT-027-034,26.885000,75.720000,partial,2026-02-08,simulated,"ClearWay simulated sample data - NOT a real observation, generated by data/generate_sample_data.py"
SIM-LGT-027-035,26.885000,75.725000,lit,2026-08-03,simulated,"ClearWay simulated sample data - NOT a real observation, generated by data/generate_sample_data.py"
SIM-LGT-027-036,26.885000,75.730000,lit,2026-03-02,simulated,"ClearWay simulated sample data - NOT a real observation, generated by data/generate_sample_data.py"
SIM-LGT-027-037,26.885000,75.735000,lit,2025-11-20,simulated,"ClearWay simulated sample data - NOT a real observation, generated by data/generate_sample_data.py"
SIM-LGT-027-038,26.885000,75.740000,lit,2025-12-11,simulated,"ClearWay simulated sample data - NOT a real observation, generated by data/generate_sample_data.py"
SIM-LGT-027-039,26.885000,75.745000,partial,2026-07-26,simulated,"ClearWay simulated sample data - NOT a real observation, generated by data/generate_sample_data.py"
SIM-LGT-027-040,26.885000,75.750000,lit,2025-09-29,simulated,"ClearWay simulated sample data - NOT a real observation, generated by data/generate_sample_data.py"
SIM-LGT-027-041,26.885000,75.755000,unlit,2026-07-11,simulated,"ClearWay simulated sample data - NOT a real observation, generated by data/generate_sample_data.py"
SIM-LGT-027-042,26.885000,75.760000,unlit,2025-05-15,simulated,"ClearWay simulated sample data - NOT a real observation, generated by data/generate_sample_data.py"
SIM-LGT-027-043,26.885000,75.765000,partial,2026-05-16,simulated,"ClearWay simulated sample data - NOT a real observation, generated by data/generate_sample_data.py"
SIM-LGT-027-044,26.885000,75.770000,lit,2025-07-18,simulated,"ClearWay simulated sample data - NOT a real observation, generated by data/generate_sample_data.py"
SIM-LGT-027-045,26.885000,75.775000,partial,2026-01-12,simulated,"ClearWay simulated sample data - NOT a real observation, generated by data/generate_sample_data.py"
SIM-LGT-027-046,26.885000,75.780000,lit,2026-04-22,simulated,"ClearWay simulated sample data - NOT a real observation, generated by data/generate_sample_data.py"
SIM-LGT-027-047,26.885000,75.785000,unlit,2025-05-17,simulated,"ClearWay simulated sample data - NOT a real observation, generated by data/generate_sample_data.py"
SIM-LGT-027-048,26.885000,75.790000,lit,2025-11-01,simulated,"ClearWay simulated sample data - NOT a real observation, generated by data/generate_sample_data.py"
SIM-LGT-027-049,26.885000,75.795000,lit,2025-09-13,simulated,"ClearWay simulated sample data - NOT a real observation, generated by data/generate_sample_data.py"
SIM-LGT-027-050,26.885000,75.800000,lit,2026-02-14,simulated,"ClearWay simulated sample data - NOT a real observation, generated by data/generate_sample_data.py"
SIM-LGT-027-051,26.885000,75.805000,lit,2026-03-06,simulated,"ClearWay simulated sample data - NOT a real observation, generated by data/generate_sample_data.py"
SIM-LGT-027-052,26.885000,75.810000,lit,2025-06-04,simulated,"ClearWay simulated sample data - NOT a real observation, generated by data/generate_sample_data.py"
SIM-LGT-027-053,26.885000,75.815000,partial,2025-10-10,simulated,"ClearWay simulated sample data - NOT a real observation, generated by data/generate_sample_data.py"
SIM-LGT-027-054,26.885000,75.820000,lit,2026-01-04,simulated,"ClearWay simulated sample data - NOT a real observation, generated by data/generate_sample_data.py"
SIM-LGT-027-055,26.885000,75.825000,partial,2026-07-02,simulated,"ClearWay simulated sample data - NOT a real observation, generated by data/generate_sample_data.py"
SIM-LGT-027-056,26.885000,75.830000,lit,2025-06-14,simulated,"ClearWay simulated sample data - NOT a real observation, generated by data/generate_sample_data.py"
SIM-LGT-027-057,26.885000,75.835000,lit,2026-03-05,simulated,"ClearWay simulated sample data - NOT a real observation, generated by data/generate_sample_data.py"
SIM-LGT-027-058,26.885000,75.840000,lit,2026-02-23,simulated,"ClearWay simulated sample data - NOT a real observation, generated by data/generate_sample_data.py"
SIM-LGT-027-059,26.885000,75.845000,unlit,2025-06-23,simulated,"ClearWay simulated sample data - NOT a real observation, generated by data/generate_sample_data.py"
SIM-LGT-027-060,26.885000,75.850000,lit,2025-10-22,simulated,"ClearWay simulated sample data - NOT a real observation, generated by data/generate_sample_data.py"
SIM-LGT-027-061,26.885000,75.855000,partial,2026-03-12,simulated,"ClearWay simulated sample data - NOT a real observation, generated by data/generate_sample_data.py"
SIM-LGT-027-062,26.885000,75.860000,unlit,2026-01-05,simulated,"ClearWay simulated sample data - NOT a real observation, generated by data/generate_sample_data.py"
SIM-LGT-027-063,26.885000,75.865000,unlit,2025-12-06,simulated,"ClearWay simulated sample data - NOT a real observation, generated by data/generate_sample_data.py"
SIM-LGT-027-064,26.885000,75.870000,lit,2025-05-27,simulated,"ClearWay simulated sample data - NOT a real observation, generated by data/generate_sample_data.py"
SIM-LGT-027-065,26.885000,75.875000,lit,2026-06-16,simulated,"ClearWay simulated sample data - NOT a real observation, generated by data/generate_sample_data.py"
SIM-LGT-027-066,26.885000,75.880000,lit,2026-07-09,simulated,"ClearWay simulated sample data - NOT a real observation, generated by data/generate_sample_data.py"
SIM-LGT-027-067,26.885000,75.885000,partial,2025-06-19,simulated,"ClearWay simulated sample data - NOT a real observation, generated by data/generate_sample_data.py"
SIM-LGT-027-068,26.885000,75.890000,partial,2025-11-06,simulated,"ClearWay simulated sample data - NOT a real observation, generated by data/generate_sample_data.py"
SIM-LGT-027-069,26.885000,75.895000,lit,2026-04-25,simulated,"ClearWay simulated sample data - NOT a real observation, generated by data/generate_sample_data.py"
SIM-LGT-027-070,26.885000,75.900000,lit,2025-08-01,simulated,"ClearWay simulated sample data - NOT a real observation, generated by data/generate_sample_data.py"
SIM-LGT-028-000,26.890000,75.550000,lit,2025-06-24,simulated,"ClearWay simulated sample data - NOT a real observation, generated by data/generate_sample_data.py"
SIM-LGT-028-001,26.890000,75.555000,lit,2026-03-30,simulated,"ClearWay simulated sample data - NOT a real observation, generated by data/generate_sample_data.py"
SIM-LGT-028-002,26.890000,75.560000,lit,2025-05-22,simulated,"ClearWay simulated sample data - NOT a real observation, generated by data/generate_sample_data.py"
SIM-LGT-028-003,26.890000,75.565000,partial,2025-11-28,simulated,"ClearWay simulated sample data - NOT a real observation, generated by data/generate_sample_data.py"
SIM-LGT-028-004,26.890000,75.570000,unlit,2025-11-24,simulated,"ClearWay simulated sample data - NOT a real observation, generated by data/generate_sample_data.py"
SIM-LGT-028-005,26.890000,75.575000,unlit,2025-10-25,simulated,"ClearWay simulated sample data - NOT a real observation, generated by data/generate_sample_data.py"
SIM-LGT-028-006,26.890000,75.580000,lit,2025-06-10,simulated,"ClearWay simulated sample data - NOT a real observation, generated by data/generate_sample_data.py"
SIM-LGT-028-007,26.890000,75.585000,lit,2026-01-04,simulated,"ClearWay simulated sample data - NOT a real observation, generated by data/generate_sample_data.py"
SIM-LGT-028-008,26.890000,75.590000,lit,2026-04-28,simulated,"ClearWay simulated sample data - NOT a real observation, generated by data/generate_sample_data.py"
SIM-LGT-028-009,26.890000,75.595000,lit,2025-07-28,simulated,"ClearWay simulated sample data - NOT a real observation, generated by data/generate_sample_data.py"
SIM-LGT-028-010,26.890000,75.600000,lit,2025-11-09,simulated,"ClearWay simulated sample data - NOT a real observation, generated by data/generate_sample_data.py"
SIM-LGT-028-011,26.890000,75.605000,unlit,2025-11-16,simulated,"ClearWay simulated sample data - NOT a real observation, generated by data/generate_sample_data.py"
SIM-LGT-028-012,26.890000,75.610000,lit,2025-06-05,simulated,"ClearWay simulated sample data - NOT a real observation, generated by data/generate_sample_data.py"
SIM-LGT-028-013,26.890000,75.615000,lit,2026-08-28,simulated,"ClearWay simulated sample data - NOT a real observation, generated by data/generate_sample_data.py"
SIM-LGT-028-014,26.890000,75.620000,unlit,2025-06-12,simulated,"ClearWay simulated sample data - NOT a real observation, generated by data/generate_sample_data.py"
SIM-LGT-028-015,26.890000,75.625000,lit,2026-08-21,simulated,"ClearWay simulated sample data - NOT a real observation, generated by data/generate_sample_data.py"
SIM-LGT-028-016,26.890000,75.630000,lit,2026-07-20,simulated,"ClearWay simulated sample data - NOT a real observation, generated by data/generate_sample_data.py"
SIM-LGT-028-017,26.890000,75.635000,partial,2026-08-13,simulated,"ClearWay simulated sample data - NOT a real observation, generated by data/generate_sample_data.py"
SIM-LGT-028-018,26.890000,75.640000,lit,2025-12-03,simulated,"ClearWay simulated sample data - NOT a real observation, generated by data/generate_sample_data.py"
SIM-LGT-028-019,26.890000,75.645000,unlit,2026-02-26,simulated,"ClearWay simulated sample data - NOT a real observation, generated by data/generate_sample_data.py"
SIM-LGT-028-020,26.890000,75.650000,lit,2025-11-16,simulated,"ClearWay simulated sample data - NOT a real observation, generated by data/generate_sample_data.py"
SIM-LGT-028-021,26.890000,75.655000,partial,2025-07-19,simulated,"ClearWay simulated sample data - NOT a real observation, generated by data/generate_sample_data.py"
SIM-LGT-028-022,26.890000,75.660000,lit,2025-11-27,simulated,"ClearWay simulated sample data - NOT a real observation, generated by data/generate_sample_data.py"
SIM-LGT-028-023,26.890000,75.665000,lit,2026-08-08,simulated,"ClearWay simulated sample data - NOT a real observation, generated by data/generate_sample_data.py"
SIM-LGT-028-024,26.890000,75.670000,unlit,2025-08-04,simulated,"ClearWay simulated sample data - NOT a real observation, generated by data/generate_sample_data.py"
SIM-LGT-028-025,26.890000,75.675000,lit,2025-10-29,simulated,"ClearWay simulated sample data - NOT a real observation, generated by data/generate_sample_data.py"
SIM-LGT-028-026,26.890000,75.680000,lit,2025-10-29,simulated,"ClearWay simulated sample data - NOT a real observation, generated by data/generate_sample_data.py"
SIM-LGT-028-027,26.890000,75.685000,lit,2025-07-31,simulated,"ClearWay simulated sample data - NOT a real observation, generated by data/generate_sample_data.py"
SIM-LGT-028-028,26.890000,75.690000,partial,2026-05-26,simulated,"ClearWay simulated sample data - NOT a real observation, generated by data/generate_sample_data.py"
SIM-LGT-028-029,26.890000,75.695000,lit,2025-12-02,simulated,"ClearWay simulated sample data - NOT a real observation, generated by data/generate_sample_data.py"
SIM-LGT-028-030,26.890000,75.700000,lit,2025-09-14,simulated,"ClearWay simulated sample data - NOT a real observation, generated by data/generate_sample_data.py"
SIM-LGT-028-031,26.890000,75.705000,lit,2025-05-20,simulated,"ClearWay simulated sample data - NOT a real observation, generated by data/generate_sample_data.py"
SIM-LGT-028-032,26.890000,75.710000,unlit,2025-07-14,simulated,"ClearWay simulated sample data - NOT a real observation, generated by data/generate_sample_data.py"
SIM-LGT-028-033,26.890000,75.715000,lit,2025-08-31,simulated,"ClearWay simulated sample data - NOT a real observation, generated by data/generate_sample_data.py"
SIM-LGT-028-034,26.890000,75.720000,unlit,2025-06-14,simulated,"ClearWay simulated sample data - NOT a real observation, generated by data/generate_sample_data.py"
SIM-LGT-028-035,26.890000,75.725000,lit,2026-04-27,simulated,"ClearWay simulated sample data - NOT a real observation, generated by data/generate_sample_data.py"
SIM-LGT-028-036,26.890000,75.730000,lit,2025-09-04,simulated,"ClearWay simulated sample data - NOT a real observation, generated by data/generate_sample_data.py"
SIM-LGT-028-037,26.890000,75.735000,lit,2025-09-23,simulated,"ClearWay simulated sample data - NOT a real observation, generated by data/generate_sample_data.py"
SIM-LGT-028-038,26.890000,75.740000,partial,2025-10-16,simulated,"ClearWay simulated sample data - NOT a real observation, generated by data/generate_sample_data.py"
SIM-LGT-028-039,26.890000,75.745000,lit,2025-11-10,simulated,"ClearWay simulated sample data - NOT a real observation, generated by data/generate_sample_data.py"
SIM-LGT-028-040,26.890000,75.750000,unlit,2025-09-19,simulated,"ClearWay simulated sample data - NOT a real observation, generated by data/generate_sample_data.py"
SIM-LGT-028-041,26.890000,75.755000,lit,2025-11-22,simulated,"ClearWay simulated sample data - NOT a real observation, generated by data/generate_sample_data.py"
SIM-LGT-028-042,26.890000,75.760000,partial,2026-02-20,simulated,"ClearWay simulated sample data - NOT a real observation, generated by data/generate_sample_data.py"
SIM-LGT-028-043,26.890000,75.765000,lit,2026-02-19,simulated,"ClearWay simulated sample data - NOT a real observation, generated by data/generate_sample_data.py"
SIM-LGT-028-044,26.890000,75.770000,partial,2025-12-02,simulated,"ClearWay simulated sample data - NOT a real observation, generated by data/generate_sample_data.py"
SIM-LGT-028-045,26.890000,75.775000,lit,2026-08-26,simulated,"ClearWay simulated sample data - NOT a real observation, generated by data/generate_sample_data.py"
SIM-LGT-028-046,26.890000,75.780000,partial,2026-03-20,simulated,"ClearWay simulated sample data - NOT a real observation, generated by data/generate_sample_data.py"
SIM-LGT-028-047,26.890000,75.785000,partial,2025-08-03,simulated,"ClearWay simulated sample data - NOT a real observation, generated by data/generate_sample_data.py"
SIM-LGT-028-048,26.890000,75.790000,lit,2025-11-28,simulated,"ClearWay simulated sample data - NOT a real observation, generated by data/generate_sample_data.py"
SIM-LGT-028-049,26.890000,75.795000,unlit,2026-04-19,simulated,"ClearWay simulated sample data - NOT a real observation, generated by data/generate_sample_data.py"
SIM-LGT-028-050,26.890000,75.800000,lit,2026-05-22,simulated,"ClearWay simulated sample data - NOT a real observation, generated by data/generate_sample_data.py"
SIM-LGT-028-051,26.890000,75.805000,lit,2025-07-31,simulated,"ClearWay simulated sample data - NOT a real observation, generated by data/generate_sample_data.py"
SIM-LGT-028-052,26.890000,75.810000,partial,2025-10-04,simulated,"ClearWay simulated sample data - NOT a real observation, generated by data/generate_sample_data.py"
SIM-LGT-028-053,26.890000,75.815000,lit,2025-10-06,simulated,"ClearWay simulated sample data - NOT a real observation, generated by data/generate_sample_data.py"
SIM-LGT-028-054,26.890000,75.820000,lit,2025-09-28,simulated,"ClearWay simulated sample data - NOT a real observation, generated by data/generate_sample_data.py"
SIM-LGT-028-055,26.890000,75.825000,lit,2026-01-19,simulated,"ClearWay simulated sample data - NOT a real observation, generated by data/generate_sample_data.py"
SIM-LGT-028-056,26.890000,75.830000,lit,2026-05-20,simulated,"ClearWay simulated sample data - NOT a real observation, generated by data/generate_sample_data.py"
SIM-LGT-028-057,26.890000,75.835000,lit,2025-10-18,simulated,"ClearWay simulated sample data - NOT a real observation, generated by data/generate_sample_data.py"
SIM-LGT-028-058,26.890000,75.840000,lit,2026-04-22,simulated,"ClearWay simulated sample data - NOT a real observation, generated by data/generate_sample_data.py"
SIM-LGT-028-059,26.890000,75.845000,partial,2025-05-13,simulated,"ClearWay simulated sample data - NOT a real observation, generated by data/generate_sample_data.py"
SIM-LGT-028-060,26.890000,75.850000,partial,2026-08-31,simulated,"ClearWay simulated sample data - NOT a real observation, generated by data/generate_sample_data.py"
SIM-LGT-028-061,26.890000,75.855000,lit,2026-02-14,simulated,"ClearWay simulated sample data - NOT a real observation, generated by data/generate_sample_data.py"
SIM-LGT-028-062,26.890000,75.860000,partial,2025-10-24,simulated,"ClearWay simulated sample data - NOT a real observation, generated by data/generate_sample_data.py"
SIM-LGT-028-063,26.890000,75.865000,lit,2025-06-02,simulated,"ClearWay simulated sample data - NOT a real observation, generated by data/generate_sample_data.py"
SIM-LGT-028-064,26.890000,75.870000,lit,2026-07-09,simulated,"ClearWay simulated sample data - NOT a real observation, generated by data/generate_sample_data.py"
SIM-LGT-028-065,26.890000,75.875000,partial,2026-09-05,simulated,"ClearWay simulated sample data - NOT a real observation, generated by data/generate_sample_data.py"
SIM-LGT-028-066,26.890000,75.880000,lit,2026-04-07,simulated,"ClearWay simulated sample data - NOT a real observation, generated by data/generate_sample_data.py"
SIM-LGT-028-067,26.890000,75.885000,partial,2026-03-09,simulated,"ClearWay simulated sample data - NOT a real observation, generated by data/generate_sample_data.py"
SIM-LGT-028-068,26.890000,75.890000,partial,2026-06-25,simulated,"ClearWay simulated sample data - NOT a real observation, generated by data/generate_sample_data.py"
SIM-LGT-028-069,26.890000,75.895000,unlit,2026-03-28,simulated,"ClearWay simulated sample data - NOT a real observation, generated by data/generate_sample_data.py"
SIM-LGT-028-070,26.890000,75.900000,lit,2026-09-05,simulated,"ClearWay simulated sample data - NOT a real observation, generated by data/generate_sample_data.py"
SIM-LGT-029-000,26.895000,75.550000,lit,2025-10-06,simulated,"ClearWay simulated sample data - NOT a real observation, generated by data/generate_sample_data.py"
SIM-LGT-029-001,26.895000,75.555000,lit,2026-03-05,simulated,"ClearWay simulated sample data - NOT a real observation, generated by data/generate_sample_data.py"
SIM-LGT-029-002,26.895000,75.560000,lit,2026-03-09,simulated,"ClearWay simulated sample data - NOT a real observation, generated by data/generate_sample_data.py"
SIM-LGT-029-003,26.895000,75.565000,unlit,2025-10-28,simulated,"ClearWay simulated sample data - NOT a real observation, generated by data/generate_sample_data.py"
SIM-LGT-029-004,26.895000,75.570000,partial,2025-12-22,simulated,"ClearWay simulated sample data - NOT a real observation, generated by data/generate_sample_data.py"
SIM-LGT-029-005,26.895000,75.575000,lit,2025-10-21,simulated,"ClearWay simulated sample data - NOT a real observation, generated by data/generate_sample_data.py"
SIM-LGT-029-006,26.895000,75.580000,lit,2026-01-14,simulated,"ClearWay simulated sample data - NOT a real observation, generated by data/generate_sample_data.py"
SIM-LGT-029-007,26.895000,75.585000,lit,2025-09-02,simulated,"ClearWay simulated sample data - NOT a real observation, generated by data/generate_sample_data.py"
SIM-LGT-029-008,26.895000,75.590000,partial,2026-02-06,simulated,"ClearWay simulated sample data - NOT a real observation, generated by data/generate_sample_data.py"
SIM-LGT-029-009,26.895000,75.595000,partial,2026-04-20,simulated,"ClearWay simulated sample data - NOT a real observation, generated by data/generate_sample_data.py"
SIM-LGT-029-010,26.895000,75.600000,lit,2025-06-05,simulated,"ClearWay simulated sample data - NOT a real observation, generated by data/generate_sample_data.py"
SIM-LGT-029-011,26.895000,75.605000,lit,2025-12-09,simulated,"ClearWay simulated sample data - NOT a real observation, generated by data/generate_sample_data.py"
SIM-LGT-029-012,26.895000,75.610000,unlit,2026-05-20,simulated,"ClearWay simulated sample data - NOT a real observation, generated by data/generate_sample_data.py"
SIM-LGT-029-013,26.895000,75.615000,unlit,2026-05-13,simulated,"ClearWay simulated sample data - NOT a real observation, generated by data/generate_sample_data.py"
SIM-LGT-029-014,26.895000,75.620000,unlit,2026-09-01,simulated,"ClearWay simulated sample data - NOT a real observation, generated by data/generate_sample_data.py"
SIM-LGT-029-015,26.895000,75.625000,lit,2026-04-04,simulated,"ClearWay simulated sample data - NOT a real observation, generated by data/generate_sample_data.py"
SIM-LGT-029-016,26.895000,75.630000,lit,2025-11-27,simulated,"ClearWay simulated sample data - NOT a real observation, generated by data/generate_sample_data.py"
SIM-LGT-029-017,26.895000,75.635000,partial,2026-06-15,simulated,"ClearWay simulated sample data - NOT a real observation, generated by data/generate_sample_data.py"
SIM-LGT-029-018,26.895000,75.640000,lit,2026-03-17,simulated,"ClearWay simulated sample data - NOT a real observation, generated by data/generate_sample_data.py"
SIM-LGT-029-019,26.895000,75.645000,partial,2026-05-14,simulated,"ClearWay simulated sample data - NOT a real observation, generated by data/generate_sample_data.py"
SIM-LGT-029-020,26.895000,75.650000,lit,2026-01-13,simulated,"ClearWay simulated sample data - NOT a real observation, generated by data/generate_sample_data.py"
SIM-LGT-029-021,26.895000,75.655000,lit,2025-07-31,simulated,"ClearWay simulated sample data - NOT a real observation, generated by data/generate_sample_data.py"
SIM-LGT-029-022,26.895000,75.660000,lit,2025-06-05,simulated,"ClearWay simulated sample data - NOT a real observation, generated by data/generate_sample_data.py"
SIM-LGT-029-023,26.895000,75.665000,unlit,2026-02-23,simulated,"ClearWay simulated sample data - NOT a real observation, generated by data/generate_sample_data.py"
SIM-LGT-029-024,26.895000,75.670000,lit,2026-03-27,simulated,"ClearWay simulated sample data - NOT a real observation, generated by data/generate_sample_data.py"
SIM-LGT-029-025,26.895000,75.675000,lit,2025-06-16,simulated,"ClearWay simulated sample data - NOT a real observation, generated by data/generate_sample_data.py"
SIM-LGT-029-026,26.895000,75.680000,unlit,2026-06-07,simulated,"ClearWay simulated sample data - NOT a real observation, generated by data/generate_sample_data.py"
SIM-LGT-029-027,26.895000,75.685000,partial,2026-03-14,simulated,"ClearWay simulated sample data - NOT a real observation, generated by data/generate_sample_data.py"
SIM-LGT-029-028,26.895000,75.690000,lit,2025-09-26,simulated,"ClearWay simulated sample data - NOT a real observation, generated by data/generate_sample_data.py"
SIM-LGT-029-029,26.895000,75.695000,lit,2026-03-17,simulated,"ClearWay simulated sample data - NOT a real observation, generated by data/generate_sample_data.py"
SIM-LGT-029-030,26.895000,75.700000,partial,2026-03-20,simulated,"ClearWay simulated sample data - NOT a real observation, generated by data/generate_sample_data.py"
SIM-LGT-029-031,26.895000,75.705000,partial,2026-01-30,simulated,"ClearWay simulated sample data - NOT a real observation, generated by data/generate_sample_data.py"
SIM-LGT-029-032,26.895000,75.710000,lit,2025-08-11,simulated,"ClearWay simulated sample data - NOT a real observation, generated by data/generate_sample_data.py"
SIM-LGT-029-033,26.895000,75.715000,partial,2025-09-19,simulated,"ClearWay simulated sample data - NOT a real observation, generated by data/generate_sample_data.py"
SIM-LGT-029-034,26.895000,75.720000,lit,2025-09-24,simulated,"ClearWay simulated sample data - NOT a real observation, generated by data/generate_sample_data.py"
SIM-LGT-029-035,26.895000,75.725000,unlit,2026-01-01,simulated,"ClearWay simulated sample data - NOT a real observation, generated by data/generate_sample_data.py"
SIM-LGT-029-036,26.895000,75.730000,lit,2026-04-25,simulated,"ClearWay simulated sample data - NOT a real observation, generated by data/generate_sample_data.py"
SIM-LGT-029-037,26.895000,75.735000,unlit,2025-08-22,simulated,"ClearWay simulated sample data - NOT a real observation, generated by data/generate_sample_data.py"
SIM-LGT-029-038,26.895000,75.740000,lit,2025-07-25,simulated,"ClearWay simulated sample data - NOT a real observation, generated by data/generate_sample_data.py"
SIM-LGT-029-039,26.895000,75.745000,lit,2025-08-31,simulated,"ClearWay simulated sample data - NOT a real observation, generated by data/generate_sample_data.py"
SIM-LGT-029-040,26.895000,75.750000,partial,2025-08-13,simulated,"ClearWay simulated sample data - NOT a real observation, generated by data/generate_sample_data.py"
SIM-LGT-029-041,26.895000,75.755000,lit,2026-08-10,simulated,"ClearWay simulated sample data - NOT a real observation, generated by data/generate_sample_data.py"
SIM-LGT-029-042,26.895000,75.760000,unlit,2026-05-14,simulated,"ClearWay simulated sample data - NOT a real observation, generated by data/generate_sample_data.py"
SIM-LGT-029-043,26.895000,75.765000,lit,2025-11-02,simulated,"ClearWay simulated sample data - NOT a real observation, generated by data/generate_sample_data.py"
SIM-LGT-029-044,26.895000,75.770000,partial,2026-02-27,simulated,"ClearWay simulated sample data - NOT a real observation, generated by data/generate_sample_data.py"
SIM-LGT-029-045,26.895000,75.775000,lit,2026-04-11,simulated,"ClearWay simulated sample data - NOT a real observation, generated by data/generate_sample_data.py"
SIM-LGT-029-046,26.895000,75.780000,partial,2026-06-28,simulated,"ClearWay simulated sample data - NOT a real observation, generated by data/generate_sample_data.py"
SIM-LGT-029-047,26.895000,75.785000,lit,2025-06-16,simulated,"ClearWay simulated sample data - NOT a real observation, generated by data/generate_sample_data.py"
SIM-LGT-029-048,26.895000,75.790000,lit,2025-09-11,simulated,"ClearWay simulated sample data - NOT a real observation, generated by data/generate_sample_data.py"
SIM-LGT-029-049,26.895000,75.795000,lit,2025-08-13,simulated,"ClearWay simulated sample data - NOT a real observation, generated by data/generate_sample_data.py"
SIM-LGT-029-050,26.895000,75.800000,unlit,2026-09-01,simulated,"ClearWay simulated sample data - NOT a real observation, generated by data/generate_sample_data.py"
SIM-LGT-029-051,26.895000,75.805000,partial,2025-06-04,simulated,"ClearWay simulated sample data - NOT a real observation, generated by data/generate_sample_data.py"
SIM-LGT-029-052,26.895000,75.810000,lit,2025-08-22,simulated,"ClearWay simulated sample data - NOT a real observation, generated by data/generate_sample_data.py"
SIM-LGT-029-053,26.895000,75.815000,lit,2026-02-20,simulated,"ClearWay simulated sample data - NOT a real observation, generated by data/generate_sample_data.py"
SIM-LGT-029-054,26.895000,75.820000,partial,2025-05-15,simulated,"ClearWay simulated sample data - NOT a real observation, generated by data/generate_sample_data.py"
SIM-LGT-029-055,26.895000,75.825000,lit,2026-07-24,simulated,"ClearWay simulated sample data - NOT a real observation, generated by data/generate_sample_data.py"
SIM-LGT-029-056,26.895000,75.830000,lit,2026-08-01,simulated,"ClearWay simulated sample data - NOT a real observation, generated by data/generate_sample_data.py"
SIM-LGT-029-057,26.895000,75.835000,lit,2025-09-14,simulated,"ClearWay simulated sample data - NOT a real observation, generated by data/generate_sample_data.py"
SIM-LGT-029-058,26.895000,75.840000,partial,2026-04-13,simulated,"ClearWay simulated sample data - NOT a real observation, generated by data/generate_sample_data.py"
SIM-LGT-029-059,26.895000,75.845000,lit,2026-01-27,simulated,"ClearWay simulated sample data - NOT a real observation, generated by data/generate_sample_data.py"
SIM-LGT-029-060,26.895000,75.850000,lit,2026-02-07,simulated,"ClearWay simulated sample data - NOT a real observation, generated by data/generate_sample_data.py"
SIM-LGT-029-061,26.895000,75.855000,lit,2026-07-23,simulated,"ClearWay simulated sample data - NOT a real observation, generated by data/generate_sample_data.py"
SIM-LGT-029-062,26.895000,75.860000,partial,2025-08-24,simulated,"ClearWay simulated sample data - NOT a real observation, generated by data/generate_sample_data.py"
SIM-LGT-029-063,26.895000,75.865000,partial,2026-01-17,simulated,"ClearWay simulated sample data - NOT a real observation, generated by data/generate_sample_data.py"
SIM-LGT-029-064,26.895000,75.870000,partial,2025-09-02,simulated,"ClearWay simulated sample data - NOT a real observation, generated by data/generate_sample_data.py"
SIM-LGT-029-065,26.895000,75.875000,partial,2025-04-25,simulated,"ClearWay simulated sample data - NOT a real observation, generated by data/generate_sample_data.py"
SIM-LGT-029-066,26.895000,75.880000,unlit,2025-09-04,simulated,"ClearWay simulated sample data - NOT a real observation, generated by data/generate_sample_data.py"
SIM-LGT-029-067,26.895000,75.885000,lit,2025-06-10,simulated,"ClearWay simulated sample data - NOT a real observation, generated by data/generate_sample_data.py"
SIM-LGT-029-068,26.895000,75.890000,lit,2025-11-17,simulated,"ClearWay simulated sample data - NOT a real observation, generated by data/generate_sample_data.py"
SIM-LGT-029-069,26.895000,75.895000,unlit,2025-10-05,simulated,"ClearWay simulated sample data - NOT a real observation, generated by data/generate_sample_data.py"
SIM-LGT-029-070,26.895000,75.900000,lit,2026-02-18,simulated,"ClearWay simulated sample data - NOT a real observation, generated by data/generate_sample_data.py"
SIM-LGT-030-000,26.900000,75.550000,partial,2026-04-03,simulated,"ClearWay simulated sample data - NOT a real observation, generated by data/generate_sample_data.py"
SIM-LGT-030-001,26.900000,75.555000,lit,2026-03-22,simulated,"ClearWay simulated sample data - NOT a real observation, generated by data/generate_sample_data.py"
SIM-LGT-030-002,26.900000,75.560000,partial,2026-01-12,simulated,"ClearWay simulated sample data - NOT a real observation, generated by data/generate_sample_data.py"
SIM-LGT-030-003,26.900000,75.565000,partial,2026-06-16,simulated,"ClearWay simulated sample data - NOT a real observation, generated by data/generate_sample_data.py"
SIM-LGT-030-004,26.900000,75.570000,partial,2026-03-28,simulated,"ClearWay simulated sample data - NOT a real observation, generated by data/generate_sample_data.py"
SIM-LGT-030-005,26.900000,75.575000,unlit,2025-09-21,simulated,"ClearWay simulated sample data - NOT a real observation, generated by data/generate_sample_data.py"
SIM-LGT-030-006,26.900000,75.580000,partial,2026-02-09,simulated,"ClearWay simulated sample data - NOT a real observation, generated by data/generate_sample_data.py"
SIM-LGT-030-007,26.900000,75.585000,lit,2026-08-28,simulated,"ClearWay simulated sample data - NOT a real observation, generated by data/generate_sample_data.py"
SIM-LGT-030-008,26.900000,75.590000,lit,2025-12-26,simulated,"ClearWay simulated sample data - NOT a real observation, generated by data/generate_sample_data.py"
SIM-LGT-030-009,26.900000,75.595000,lit,2026-04-09,simulated,"ClearWay simulated sample data - NOT a real observation, generated by data/generate_sample_data.py"
SIM-LGT-030-010,26.900000,75.600000,lit,2025-06-09,simulated,"ClearWay simulated sample data - NOT a real observation, generated by data/generate_sample_data.py"
SIM-LGT-030-011,26.900000,75.605000,lit,2025-04-19,simulated,"ClearWay simulated sample data - NOT a real observation, generated by data/generate_sample_data.py"
SIM-LGT-030-012,26.900000,75.610000,lit,2026-09-03,simulated,"ClearWay simulated sample data - NOT a real observation, generated by data/generate_sample_data.py"
SIM-LGT-030-013,26.900000,75.615000,lit,2025-12-08,simulated,"ClearWay simulated sample data - NOT a real observation, generated by data/generate_sample_data.py"
SIM-LGT-030-014,26.900000,75.620000,lit,2026-01-06,simulated,"ClearWay simulated sample data - NOT a real observation, generated by data/generate_sample_data.py"
SIM-LGT-030-015,26.900000,75.625000,lit,2025-11-28,simulated,"ClearWay simulated sample data - NOT a real observation, generated by data/generate_sample_data.py"
SIM-LGT-030-016,26.900000,75.630000,lit,2025-07-08,simulated,"ClearWay simulated sample data - NOT a real observation, generated by data/generate_sample_data.py"
SIM-LGT-030-017,26.900000,75.635000,lit,2025-11-22,simulated,"ClearWay simulated sample data - NOT a real observation, generated by data/generate_sample_data.py"
SIM-LGT-030-018,26.900000,75.640000,lit,2026-03-28,simulated,"ClearWay simulated sample data - NOT a real observation, generated by data/generate_sample_data.py"
SIM-LGT-030-019,26.900000,75.645000,partial,2025-09-06,simulated,"ClearWay simulated sample data - NOT a real observation, generated by data/generate_sample_data.py"
SIM-LGT-030-020,26.900000,75.650000,partial,2026-03-23,simulated,"ClearWay simulated sample data - NOT a real observation, generated by data/generate_sample_data.py"
SIM-LGT-030-021,26.900000,75.655000,unlit,2026-08-30,simulated,"ClearWay simulated sample data - NOT a real observation, generated by data/generate_sample_data.py"
SIM-LGT-030-022,26.900000,75.660000,lit,2026-01-26,simulated,"ClearWay simulated sample data - NOT a real observation, generated by data/generate_sample_data.py"
SIM-LGT-030-023,26.900000,75.665000,lit,2026-04-05,simulated,"ClearWay simulated sample data - NOT a real observation, generated by data/generate_sample_data.py"
SIM-LGT-030-024,26.900000,75.670000,lit,2026-09-07,simulated,"ClearWay simulated sample data - NOT a real observation, generated by data/generate_sample_data.py"
SIM-LGT-030-025,26.900000,75.675000,partial,2026-02-01,simulated,"ClearWay simulated sample data - NOT a real observation, generated by data/generate_sample_data.py"
SIM-LGT-030-026,26.900000,75.680000,lit,2025-12-15,simulated,"ClearWay simulated sample data - NOT a real observation, generated by data/generate_sample_data.py"
SIM-LGT-030-027,26.900000,75.685000,lit,2025-08-13,simulated,"ClearWay simulated sample data - NOT a real observation, generated by data/generate_sample_data.py"
SIM-LGT-030-028,26.900000,75.690000,lit,2026-05-16,simulated,"ClearWay simulated sample data - NOT a real observation, generated by data/generate_sample_data.py"
SIM-LGT-030-029,26.900000,75.695000,lit,2025-10-17,simulated,"ClearWay simulated sample data - NOT a real observation, generated by data/generate_sample_data.py"
SIM-LGT-030-030,26.900000,75.700000,lit,2026-04-16,simulated,"ClearWay simulated sample data - NOT a real observation, generated by data/generate_sample_data.py"
SIM-LGT-030-031,26.900000,75.705000,lit,2025-10-21,simulated,"ClearWay simulated sample data - NOT a real observation, generated by data/generate_sample_data.py"
SIM-LGT-030-032,26.900000,75.710000,lit,2025-12-31,simulated,"ClearWay simulated sample data - NOT a real observation, generated by data/generate_sample_data.py"
SIM-LGT-030-033,26.900000,75.715000,lit,2026-05-01,simulated,"ClearWay simulated sample data - NOT a real observation, generated by data/generate_sample_data.py"
SIM-LGT-030-034,26.900000,75.720000,lit,2026-07-15,simulated,"ClearWay simulated sample data - NOT a real observation, generated by data/generate_sample_data.py"
SIM-LGT-030-035,26.900000,75.725000,unlit,2026-06-28,simulated,"ClearWay simulated sample data - NOT a real observation, generated by data/generate_sample_data.py"
SIM-LGT-030-036,26.900000,75.730000,lit,2026-06-03,simulated,"ClearWay simulated sample data - NOT a real observation, generated by data/generate_sample_data.py"
SIM-LGT-030-037,26.900000,75.735000,lit,2025-09-18,simulated,"ClearWay simulated sample data - NOT a real observation, generated by data/generate_sample_data.py"
SIM-LGT-030-038,26.900000,75.740000,partial,2025-09-07,simulated,"ClearWay simulated sample data - NOT a real observation, generated by data/generate_sample_data.py"
SIM-LGT-030-039,26.900000,75.745000,lit,2026-01-05,simulated,"ClearWay simulated sample data - NOT a real observation, generated by data/generate_sample_data.py"
SIM-LGT-030-040,26.900000,75.750000,lit,2026-06-05,simulated,"ClearWay simulated sample data - NOT a real observation, generated by data/generate_sample_data.py"
SIM-LGT-030-041,26.900000,75.755000,lit,2026-01-07,simulated,"ClearWay simulated sample data - NOT a real observation, generated by data/generate_sample_data.py"
SIM-LGT-030-042,26.900000,75.760000,partial,2025-06-13,simulated,"ClearWay simulated sample data - NOT a real observation, generated by data/generate_sample_data.py"
SIM-LGT-030-043,26.900000,75.765000,lit,2025-10-22,simulated,"ClearWay simulated sample data - NOT a real observation, generated by data/generate_sample_data.py"
SIM-LGT-030-044,26.900000,75.770000,lit,2026-08-27,simulated,"ClearWay simulated sample data - NOT a real observation, generated by data/generate_sample_data.py"
SIM-LGT-030-045,26.900000,75.775000,lit,2026-06-29,simulated,"ClearWay simulated sample data - NOT a real observation, generated by data/generate_sample_data.py"
SIM-LGT-030-046,26.900000,75.780000,lit,2025-08-16,simulated,"ClearWay simulated sample data - NOT a real observation, generated by data/generate_sample_data.py"
SIM-LGT-030-047,26.900000,75.785000,lit,2026-07-30,simulated,"ClearWay simulated sample data - NOT a real observation, generated by data/generate_sample_data.py"
SIM-LGT-030-048,26.900000,75.790000,lit,2025-12-15,simulated,"ClearWay simulated sample data - NOT a real observation, generated by data/generate_sample_data.py"
SIM-LGT-030-049,26.900000,75.795000,lit,2025-11-29,simulated,"ClearWay simulated sample data - NOT a real observation, generated by data/generate_sample_data.py"
SIM-LGT-030-050,26.900000,75.800000,lit,2026-01-28,simulated,"ClearWay simulated sample data - NOT a real observation, generated by data/generate_sample_data.py"
SIM-LGT-030-051,26.900000,75.805000,lit,2025-10-09,simulated,"ClearWay simulated sample data - NOT a real observation, generated by data/generate_sample_data.py"
SIM-LGT-030-052,26.900000,75.810000,lit,2026-07-11,simulated,"ClearWay simulated sample data - NOT a real observation, generated by data/generate_sample_data.py"
SIM-LGT-030-053,26.900000,75.815000,unlit,2026-02-23,simulated,"ClearWay simulated sample data - NOT a real observation, generated by data/generate_sample_data.py"
SIM-LGT-030-054,26.900000,75.820000,lit,2025-10-20,simulated,"ClearWay simulated sample data - NOT a real observation, generated by data/generate_sample_data.py"
SIM-LGT-030-055,26.900000,75.825000,lit,2026-06-05,simulated,"ClearWay simulated sample data - NOT a real observation, generated by data/generate_sample_data.py"
SIM-LGT-030-056,26.900000,75.830000,partial,2026-03-29,simulated,"ClearWay simulated sample data - NOT a real observation, generated by data/generate_sample_data.py"
SIM-LGT-030-057,26.900000,75.835000,lit,2025-11-08,simulated,"ClearWay simulated sample data - NOT a real observation, generated by data/generate_sample_data.py"
SIM-LGT-030-058,26.900000,75.840000,partial,2025-10-23,simulated,"ClearWay simulated sample data - NOT a real observation, generated by data/generate_sample_data.py"
SIM-LGT-030-059,26.900000,75.845000,unlit,2025-09-19,simulated,"ClearWay simulated sample data - NOT a real observation, generated by data/generate_sample_data.py"
SIM-LGT-030-060,26.900000,75.850000,lit,2026-06-28,simulated,"ClearWay simulated sample data - NOT a real observation, generated by data/generate_sample_data.py"
SIM-LGT-030-061,26.900000,75.855000,lit,2025-06-03,simulated,"ClearWay simulated sample data - NOT a real observation, generated by data/generate_sample_data.py"
SIM-LGT-030-062,26.900000,75.860000,lit,2025-12-03,simulated,"ClearWay simulated sample data - NOT a real observation, generated by data/generate_sample_data.py"
SIM-LGT-030-063,26.900000,75.865000,lit,2026-07-19,simulated,"ClearWay simulated sample data - NOT a real observation, generated by data/generate_sample_data.py"
SIM-LGT-030-064,26.900000,75.870000,lit,2025-05-14,simulated,"ClearWay simulated sample data - NOT a real observation, generated by data/generate_sample_data.py"
SIM-LGT-030-065,26.900000,75.875000,unlit,2026-06-30,simulated,"ClearWay simulated sample data - NOT a real observation, generated by data/generate_sample_data.py"
SIM-LGT-030-066,26.900000,75.880000,lit,2025-07-25,simulated,"ClearWay simulated sample data - NOT a real observation, generated by data/generate_sample_data.py"
SIM-LGT-030-067,26.900000,75.885000,lit,2026-02-24,simulated,"ClearWay simulated sample data - NOT a real observation, generated by data/generate_sample_data.py"
SIM-LGT-030-068,26.900000,75.890000,unlit,2025-12-07,simulated,"ClearWay simulated sample data - NOT a real observation, generated by data/generate_sample_data.py"
SIM-LGT-030-069,26.900000,75.895000,unlit,2026-01-20,simulated,"ClearWay simulated sample data - NOT a real observation, generated by data/generate_sample_data.py"
SIM-LGT-030-070,26.900000,75.900000,lit,2026-02-20,simulated,"ClearWay simulated sample data - NOT a real observation, generated by data/generate_sample_data.py"
SIM-LGT-031-000,26.905000,75.550000,lit,2025-05-12,simulated,"ClearWay simulated sample data - NOT a real observation, generated by data/generate_sample_data.py"
SIM-LGT-031-001,26.905000,75.555000,partial,2025-04-27,simulated,"ClearWay simulated sample data - NOT a real observation, generated by data/generate_sample_data.py"
SIM-LGT-031-002,26.905000,75.560000,lit,2026-07-05,simulated,"ClearWay simulated sample data - NOT a real observation, generated by data/generate_sample_data.py"
SIM-LGT-031-003,26.905000,75.565000,partial,2025-12-23,simulated,"ClearWay simulated sample data - NOT a real observation, generated by data/generate_sample_data.py"
SIM-LGT-031-004,26.905000,75.570000,partial,2025-07-27,simulated,"ClearWay simulated sample data - NOT a real observation, generated by data/generate_sample_data.py"
SIM-LGT-031-005,26.905000,75.575000,lit,2025-07-10,simulated,"ClearWay simulated sample data - NOT a real observation, generated by data/generate_sample_data.py"
SIM-LGT-031-006,26.905000,75.580000,lit,2026-01-03,simulated,"ClearWay simulated sample data - NOT a real observation, generated by data/generate_sample_data.py"
SIM-LGT-031-007,26.905000,75.585000,lit,2025-12-01,simulated,"ClearWay simulated sample data - NOT a real observation, generated by data/generate_sample_data.py"
SIM-LGT-031-008,26.905000,75.590000,unlit,2026-08-27,simulated,"ClearWay simulated sample data - NOT a real observation, generated by data/generate_sample_data.py"
SIM-LGT-031-009,26.905000,75.595000,lit,2026-01-31,simulated,"ClearWay simulated sample data - NOT a real observation, generated by data/generate_sample_data.py"
SIM-LGT-031-010,26.905000,75.600000,partial,2026-06-22,simulated,"ClearWay simulated sample data - NOT a real observation, generated by data/generate_sample_data.py"
SIM-LGT-031-011,26.905000,75.605000,lit,2025-05-15,simulated,"ClearWay simulated sample data - NOT a real observation, generated by data/generate_sample_data.py"
SIM-LGT-031-012,26.905000,75.610000,lit,2026-02-20,simulated,"ClearWay simulated sample data - NOT a real observation, generated by data/generate_sample_data.py"
SIM-LGT-031-013,26.905000,75.615000,lit,2026-08-24,simulated,"ClearWay simulated sample data - NOT a real observation, generated by data/generate_sample_data.py"
SIM-LGT-031-014,26.905000,75.620000,unlit,2025-08-19,simulated,"ClearWay simulated sample data - NOT a real observation, generated by data/generate_sample_data.py"
SIM-LGT-031-015,26.905000,75.625000,lit,2025-08-25,simulated,"ClearWay simulated sample data - NOT a real observation, generated by data/generate_sample_data.py"
SIM-LGT-031-016,26.905000,75.630000,lit,2025-10-05,simulated,"ClearWay simulated sample data - NOT a real observation, generated by data/generate_sample_data.py"
SIM-LGT-031-017,26.905000,75.635000,partial,2026-06-06,simulated,"ClearWay simulated sample data - NOT a real observation, generated by data/generate_sample_data.py"
SIM-LGT-031-018,26.905000,75.640000,unlit,2025-09-05,simulated,"ClearWay simulated sample data - NOT a real observation, generated by data/generate_sample_data.py"
SIM-LGT-031-019,26.905000,75.645000,partial,2025-10-13,simulated,"ClearWay simulated sample data - NOT a real observation, generated by data/generate_sample_data.py"
SIM-LGT-031-020,26.905000,75.650000,lit,2025-07-08,simulated,"ClearWay simulated sample data - NOT a real observation, generated by data/generate_sample_data.py"
SIM-LGT-031-021,26.905000,75.655000,unlit,2025-05-13,simulated,"ClearWay simulated sample data - NOT a real observation, generated by data/generate_sample_data.py"
SIM-LGT-031-022,26.905000,75.660000,lit,2026-01-16,simulated,"ClearWay simulated sample data - NOT a real observation, generated by data/generate_sample_data.py"
SIM-LGT-031-023,26.905000,75.665000,partial,2026-05-17,simulated,"ClearWay simulated sample data - NOT a real observation, generated by data/generate_sample_data.py"
SIM-LGT-031-024,26.905000,75.670000,lit,2025-09-21,simulated,"ClearWay simulated sample data - NOT a real observation, generated by data/generate_sample_data.py"
SIM-LGT-031-025,26.905000,75.675000,lit,2026-01-15,simulated,"ClearWay simulated sample data - NOT a real observation, generated by data/generate_sample_data.py"
SIM-LGT-031-026,26.905000,75.680000,lit,2026-06-01,simulated,"ClearWay simulated sample data - NOT a real observation, generated by data/generate_sample_data.py"
SIM-LGT-031-027,26.905000,75.685000,partial,2025-04-19,simulated,"ClearWay simulated sample data - NOT a real observation, generated by data/generate_sample_data.py"
SIM-LGT-031-028,26.905000,75.690000,lit,2025-07-14,simulated,"ClearWay simulated sample data - NOT a real observation, generated by data/generate_sample_data.py"
SIM-LGT-031-029,26.905000,75.695000,lit,2026-08-28,simulated,"ClearWay simulated sample data - NOT a real observation, generated by data/generate_sample_data.py"
SIM-LGT-031-030,26.905000,75.700000,lit,2026-05-18,simulated,"ClearWay simulated sample data - NOT a real observation, generated by data/generate_sample_data.py"
SIM-LGT-031-031,26.905000,75.705000,lit,2026-02-06,simulated,"ClearWay simulated sample data - NOT a real observation, generated by data/generate_sample_data.py"
SIM-LGT-031-032,26.905000,75.710000,lit,2025-05-19,simulated,"ClearWay simulated sample data - NOT a real observation, generated by data/generate_sample_data.py"
SIM-LGT-031-033,26.905000,75.715000,partial,2026-01-05,simulated,"ClearWay simulated sample data - NOT a real observation, generated by data/generate_sample_data.py"
SIM-LGT-031-034,26.905000,75.720000,lit,2025-05-03,simulated,"ClearWay simulated sample data - NOT a real observation, generated by data/generate_sample_data.py"
SIM-LGT-031-035,26.905000,75.725000,unlit,2025-05-01,simulated,"ClearWay simulated sample data - NOT a real observation, generated by data/generate_sample_data.py"
SIM-LGT-031-036,26.905000,75.730000,unlit,2025-07-05,simulated,"ClearWay simulated sample data - NOT a real observation, generated by data/generate_sample_data.py"
SIM-LGT-031-037,26.905000,75.735000,unlit,2026-01-29,simulated,"ClearWay simulated sample data - NOT a real observation, generated by data/generate_sample_data.py"
SIM-LGT-031-038,26.905000,75.740000,lit,2026-02-26,simulated,"ClearWay simulated sample data - NOT a real observation, generated by data/generate_sample_data.py"
SIM-LGT-031-039,26.905000,75.745000,unlit,2025-10-31,simulated,"ClearWay simulated sample data - NOT a real observation, generated by data/generate_sample_data.py"
SIM-LGT-031-040,26.905000,75.750000,partial,2025-08-18,simulated,"ClearWay simulated sample data - NOT a real observation, generated by data/generate_sample_data.py"
SIM-LGT-031-041,26.905000,75.755000,lit,2026-02-16,simulated,"ClearWay simulated sample data - NOT a real observation, generated by data/generate_sample_data.py"
SIM-LGT-031-042,26.905000,75.760000,lit,2025-06-22,simulated,"ClearWay simulated sample data - NOT a real observation, generated by data/generate_sample_data.py"
SIM-LGT-031-043,26.905000,75.765000,lit,2026-04-05,simulated,"ClearWay simulated sample data - NOT a real observation, generated by data/generate_sample_data.py"
SIM-LGT-031-044,26.905000,75.770000,lit,2026-01-25,simulated,"ClearWay simulated sample data - NOT a real observation, generated by data/generate_sample_data.py"
SIM-LGT-031-045,26.905000,75.775000,lit,2026-06-22,simulated,"ClearWay simulated sample data - NOT a real observation, generated by data/generate_sample_data.py"
SIM-LGT-031-046,26.905000,75.780000,lit,2025-12-02,simulated,"ClearWay simulated sample data - NOT a real observation, generated by data/generate_sample_data.py"
SIM-LGT-031-047,26.905000,75.785000,lit,2025-10-25,simulated,"ClearWay simulated sample data - NOT a real observation, generated by data/generate_sample_data.py"
SIM-LGT-031-048,26.905000,75.790000,lit,2026-03-02,simulated,"ClearWay simulated sample data - NOT a real observation, generated by data/generate_sample_data.py"
SIM-LGT-031-049,26.905000,75.795000,lit,2026-04-29,simulated,"ClearWay simulated sample data - NOT a real observation, generated by data/generate_sample_data.py"
SIM-LGT-031-050,26.905000,75.800000,lit,2026-05-17,simulated,"ClearWay simulated sample data - NOT a real observation, generated by data/generate_sample_data.py"
SIM-LGT-031-051,26.905000,75.805000,lit,2025-11-27,simulated,"ClearWay simulated sample data - NOT a real observation, generated by data/generate_sample_data.py"
SIM-LGT-031-052,26.905000,75.810000,lit,2026-09-06,simulated,"ClearWay simulated sample data - NOT a real observation, generated by data/generate_sample_data.py"
SIM-LGT-031-053,26.905000,75.815000,lit,2026-03-12,simulated,"ClearWay simulated sample data - NOT a real observation, generated by data/generate_sample_data.py"
SIM-LGT-031-054,26.905000,75.820000,lit,2025-12-15,simulated,"ClearWay simulated sample data - NOT a real observation, generated by data/generate_sample_data.py"
SIM-LGT-031-055,26.905000,75.825000,lit,2025-10-07,simulated,"ClearWay simulated sample data - NOT a real observation, generated by data/generate_sample_data.py"
SIM-LGT-031-056,26.905000,75.830000,partial,2025-08-24,simulated,"ClearWay simulated sample data - NOT a real observation, generated by data/generate_sample_data.py"
SIM-LGT-031-057,26.905000,75.835000,lit,2025-06-09,simulated,"ClearWay simulated sample data - NOT a real observation, generated by data/generate_sample_data.py"
SIM-LGT-031-058,26.905000,75.840000,lit,2026-01-13,simulated,"ClearWay simulated sample data - NOT a real observation, generated by data/generate_sample_data.py"
SIM-LGT-031-059,26.905000,75.845000,partial,2025-05-01,simulated,"ClearWay simulated sample data - NOT a real observation, generated by data/generate_sample_data.py"
SIM-LGT-031-060,26.905000,75.850000,partial,2025-08-03,simulated,"ClearWay simulated sample data - NOT a real observation, generated by data/generate_sample_data.py"
SIM-LGT-031-061,26.905000,75.855000,lit,2026-07-16,simulated,"ClearWay simulated sample data - NOT a real observation, generated by data/generate_sample_data.py"
SIM-LGT-031-062,26.905000,75.860000,partial,2026-01-31,simulated,"ClearWay simulated sample data - NOT a real observation, generated by data/generate_sample_data.py"
SIM-LGT-031-063,26.905000,75.865000,unlit,2025-07-19,simulated,"ClearWay simulated sample data - NOT a real observation, generated by data/generate_sample_data.py"
SIM-LGT-031-064,26.905000,75.870000,lit,2025-06-15,simulated,"ClearWay simulated sample data - NOT a real observation, generated by data/generate_sample_data.py"
SIM-LGT-031-065,26.905000,75.875000,partial,2026-08-30,simulated,"ClearWay simulated sample data - NOT a real observation, generated by data/generate_sample_data.py"
SIM-LGT-031-066,26.905000,75.880000,lit,2026-03-08,simulated,"ClearWay simulated sample data - NOT a real observation, generated by data/generate_sample_data.py"
SIM-LGT-031-067,26.905000,75.885000,partial,2025-04-27,simulated,"ClearWay simulated sample data - NOT a real observation, generated by data/generate_sample_data.py"
SIM-LGT-031-068,26.905000,75.890000,unlit,2025-12-25,simulated,"ClearWay simulated sample data - NOT a real observation, generated by data/generate_sample_data.py"
SIM-LGT-031-069,26.905000,75.895000,lit,2025-12-19,simulated,"ClearWay simulated sample data - NOT a real observation, generated by data/generate_sample_data.py"
SIM-LGT-031-070,26.905000,75.900000,lit,2026-05-18,simulated,"ClearWay simulated sample data - NOT a real observation, generated by data/generate_sample_data.py"
SIM-LGT-032-000,26.910000,75.550000,lit,2026-07-31,simulated,"ClearWay simulated sample data - NOT a real observation, generated by data/generate_sample_data.py"
SIM-LGT-032-001,26.910000,75.555000,lit,2026-07-04,simulated,"ClearWay simulated sample data - NOT a real observation, generated by data/generate_sample_data.py"
SIM-LGT-032-002,26.910000,75.560000,lit,2026-05-11,simulated,"ClearWay simulated sample data - NOT a real observation, generated by data/generate_sample_data.py"
SIM-LGT-032-003,26.910000,75.565000,unlit,2025-08-25,simulated,"ClearWay simulated sample data - NOT a real observation, generated by data/generate_sample_data.py"
SIM-LGT-032-004,26.910000,75.570000,lit,2026-06-06,simulated,"ClearWay simulated sample data - NOT a real observation, generated by data/generate_sample_data.py"
SIM-LGT-032-005,26.910000,75.575000,lit,2026-01-07,simulated,"ClearWay simulated sample data - NOT a real observation, generated by data/generate_sample_data.py"
SIM-LGT-032-006,26.910000,75.580000,lit,2025-12-15,simulated,"ClearWay simulated sample data - NOT a real observation, generated by data/generate_sample_data.py"
SIM-LGT-032-007,26.910000,75.585000,unlit,2025-06-26,simulated,"ClearWay simulated sample data - NOT a real observation, generated by data/generate_sample_data.py"
SIM-LGT-032-008,26.910000,75.590000,partial,2026-02-25,simulated,"ClearWay simulated sample data - NOT a real observation, generated by data/generate_sample_data.py"
SIM-LGT-032-009,26.910000,75.595000,lit,2026-05-16,simulated,"ClearWay simulated sample data - NOT a real observation, generated by data/generate_sample_data.py"
SIM-LGT-032-010,26.910000,75.600000,partial,2025-12-16,simulated,"ClearWay simulated sample data - NOT a real observation, generated by data/generate_sample_data.py"
SIM-LGT-032-011,26.910000,75.605000,partial,2025-06-02,simulated,"ClearWay simulated sample data - NOT a real observation, generated by data/generate_sample_data.py"
SIM-LGT-032-012,26.910000,75.610000,lit,2026-03-04,simulated,"ClearWay simulated sample data - NOT a real observation, generated by data/generate_sample_data.py"
SIM-LGT-032-013,26.910000,75.615000,partial,2025-09-11,simulated,"ClearWay simulated sample data - NOT a real observation, generated by data/generate_sample_data.py"
SIM-LGT-032-014,26.910000,75.620000,lit,2026-01-19,simulated,"ClearWay simulated sample data - NOT a real observation, generated by data/generate_sample_data.py"
SIM-LGT-032-015,26.910000,75.625000,partial,2026-06-22,simulated,"ClearWay simulated sample data - NOT a real observation, generated by data/generate_sample_data.py"
SIM-LGT-032-016,26.910000,75.630000,lit,2026-02-01,simulated,"ClearWay simulated sample data - NOT a real observation, generated by data/generate_sample_data.py"
SIM-LGT-032-017,26.910000,75.635000,lit,2025-11-26,simulated,"ClearWay simulated sample data - NOT a real observation, generated by data/generate_sample_data.py"
SIM-LGT-032-018,26.910000,75.640000,partial,2025-06-15,simulated,"ClearWay simulated sample data - NOT a real observation, generated by data/generate_sample_data.py"
SIM-LGT-032-019,26.910000,75.645000,partial,2025-09-28,simulated,"ClearWay simulated sample data - NOT a real observation, generated by data/generate_sample_data.py"
SIM-LGT-032-020,26.910000,75.650000,lit,2026-04-17,simulated,"ClearWay simulated sample data - NOT a real observation, generated by data/generate_sample_data.py"
SIM-LGT-032-021,26.910000,75.655000,partial,2025-10-04,simulated,"ClearWay simulated sample data - NOT a real observation, generated by data/generate_sample_data.py"
SIM-LGT-032-022,26.910000,75.660000,lit,2026-06-28,simulated,"ClearWay simulated sample data - NOT a real observation, generated by data/generate_sample_data.py"
SIM-LGT-032-023,26.910000,75.665000,lit,2025-10-18,simulated,"ClearWay simulated sample data - NOT a real observation, generated by data/generate_sample_data.py"
SIM-LGT-032-024,26.910000,75.670000,lit,2026-05-22,simulated,"ClearWay simulated sample data - NOT a real observation, generated by data/generate_sample_data.py"
SIM-LGT-032-025,26.910000,75.675000,partial,2026-05-27,simulated,"ClearWay simulated sample data - NOT a real observation, generated by data/generate_sample_data.py"
SIM-LGT-032-026,26.910000,75.680000,lit,2025-09-15,simulated,"ClearWay simulated sample data - NOT a real observation, generated by data/generate_sample_data.py"
SIM-LGT-032-027,26.910000,75.685000,lit,2026-07-10,simulated,"ClearWay simulated sample data - NOT a real observation, generated by data/generate_sample_data.py"
SIM-LGT-032-028,26.910000,75.690000,partial,2025-07-15,simulated,"ClearWay simulated sample data - NOT a real observation, generated by data/generate_sample_data.py"
SIM-LGT-032-029,26.910000,75.695000,lit,2025-09-22,simulated,"ClearWay simulated sample data - NOT a real observation, generated by data/generate_sample_data.py"
SIM-LGT-032-030,26.910000,75.700000,unlit,2025-11-12,simulated,"ClearWay simulated sample data - NOT a real observation, generated by data/generate_sample_data.py"
SIM-LGT-032-031,26.910000,75.705000,partial,2026-08-17,simulated,"ClearWay simulated sample data - NOT a real observation, generated by data/generate_sample_data.py"
SIM-LGT-032-032,26.910000,75.710000,lit,2025-08-18,simulated,"ClearWay simulated sample data - NOT a real observation, generated by data/generate_sample_data.py"
SIM-LGT-032-033,26.910000,75.715000,lit,2026-08-03,simulated,"ClearWay simulated sample data - NOT a real observation, generated by data/generate_sample_data.py"
SIM-LGT-032-034,26.910000,75.720000,lit,2026-05-27,simulated,"ClearWay simulated sample data - NOT a real observation, generated by data/generate_sample_data.py"
SIM-LGT-032-035,26.910000,75.725000,lit,2025-11-26,simulated,"ClearWay simulated sample data - NOT a real observation, generated by data/generate_sample_data.py"
SIM-LGT-032-036,26.910000,75.730000,lit,2025-07-10,simulated,"ClearWay simulated sample data - NOT a real observation, generated by data/generate_sample_data.py"
SIM-LGT-032-037,26.910000,75.735000,partial,2026-08-23,simulated,"ClearWay simulated sample data - NOT a real observation, generated by data/generate_sample_data.py"
SIM-LGT-032-038,26.910000,75.740000,lit,2025-10-24,simulated,"ClearWay simulated sample data - NOT a real observation, generated by data/generate_sample_data.py"
SIM-LGT-032-039,26.910000,75.745000,lit,2026-04-09,simulated,"ClearWay simulated sample data - NOT a real observation, generated by data/generate_sample_data.py"
SIM-LGT-032-040,26.910000,75.750000,lit,2026-01-07,simulated,"ClearWay simulated sample data - NOT a real observation, generated by data/generate_sample_data.py"
SIM-LGT-032-041,26.910000,75.755000,lit,2025-11-07,simulated,"ClearWay simulated sample data - NOT a real observation, generated by data/generate_sample_data.py"
SIM-LGT-032-042,26.910000,75.760000,partial,2025-05-29,simulated,"ClearWay simulated sample data - NOT a real observation, generated by data/generate_sample_data.py"
SIM-LGT-032-043,26.910000,75.765000,lit,2025-05-17,simulated,"ClearWay simulated sample data - NOT a real observation, generated by data/generate_sample_data.py"
SIM-LGT-032-044,26.910000,75.770000,lit,2025-12-03,simulated,"ClearWay simulated sample data - NOT a real observation, generated by data/generate_sample_data.py"
SIM-LGT-032-045,26.910000,75.775000,lit,2025-06-13,simulated,"ClearWay simulated sample data - NOT a real observation, generated by data/generate_sample_data.py"
SIM-LGT-032-046,26.910000,75.780000,partial,2026-01-25,simulated,"ClearWay simulated sample data - NOT a real observation, generated by data/generate_sample_data.py"
SIM-LGT-032-047,26.910000,75.785000,lit,2025-08-14,simulated,"ClearWay simulated sample data - NOT a real observation, generated by data/generate_sample_data.py"
SIM-LGT-032-048,26.910000,75.790000,lit,2026-03-19,simulated,"ClearWay simulated sample data - NOT a real observation, generated by data/generate_sample_data.py"
SIM-LGT-032-049,26.910000,75.795000,lit,2026-03-30,simulated,"ClearWay simulated sample data - NOT a real observation, generated by data/generate_sample_data.py"
SIM-LGT-032-050,26.910000,75.800000,lit,2025-05-11,simulated,"ClearWay simulated sample data - NOT a real observation, generated by data/generate_sample_data.py"
SIM-LGT-032-051,26.910000,75.805000,lit,2025-10-07,simulated,"ClearWay simulated sample data - NOT a real observation, generated by data/generate_sample_data.py"
SIM-LGT-032-052,26.910000,75.810000,lit,2026-08-01,simulated,"ClearWay simulated sample data - NOT a real observation, generated by data/generate_sample_data.py"
SIM-LGT-032-053,26.910000,75.815000,partial,2025-06-25,simulated,"ClearWay simulated sample data - NOT a real observation, generated by data/generate_sample_data.py"
SIM-LGT-032-054,26.910000,75.820000,lit,2026-04-17,simulated,"ClearWay simulated sample data - NOT a real observation, generated by data/generate_sample_data.py"
SIM-LGT-032-055,26.910000,75.825000,lit,2026-04-25,simulated,"ClearWay simulated sample data - NOT a real observation, generated by data/generate_sample_data.py"
SIM-LGT-032-056,26.910000,75.830000,partial,2026-08-12,simulated,"ClearWay simulated sample data - NOT a real observation, generated by data/generate_sample_data.py"
SIM-LGT-032-057,26.910000,75.835000,lit,2026-02-22,simulated,"ClearWay simulated sample data - NOT a real observation, generated by data/generate_sample_data.py"
SIM-LGT-032-058,26.910000,75.840000,partial,2026-06-06,simulated,"ClearWay simulated sample data - NOT a real observation, generated by data/generate_sample_data.py"
SIM-LGT-032-059,26.910000,75.845000,lit,2026-05-18,simulated,"ClearWay simulated sample data - NOT a real observation, generated by data/generate_sample_data.py"
SIM-LGT-032-060,26.910000,75.850000,partial,2025-09-24,simulated,"ClearWay simulated sample data - NOT a real observation, generated by data/generate_sample_data.py"
SIM-LGT-032-061,26.910000,75.855000,partial,2026-07-14,simulated,"ClearWay simulated sample data - NOT a real observation, generated by data/generate_sample_data.py"
SIM-LGT-032-062,26.910000,75.860000,partial,2025-06-23,simulated,"ClearWay simulated sample data - NOT a real observation, generated by data/generate_sample_data.py"
SIM-LGT-032-063,26.910000,75.865000,lit,2025-06-17,simulated,"ClearWay simulated sample data - NOT a real observation, generated by data/generate_sample_data.py"
SIM-LGT-032-064,26.910000,75.870000,lit,2025-04-24,simulated,"ClearWay simulated sample data - NOT a real observation, generated by data/generate_sample_data.py"
SIM-LGT-032-065,26.910000,75.875000,partial,2026-05-11,simulated,"ClearWay simulated sample data - NOT a real observation, generated by data/generate_sample_data.py"
SIM-LGT-032-066,26.910000,75.880000,partial,2025-07-16,simulated,"ClearWay simulated sample data - NOT a real observation, generated by data/generate_sample_data.py"
SIM-LGT-032-067,26.910000,75.885000,lit,2025-05-06,simulated,"ClearWay simulated sample data - NOT a real observation, generated by data/generate_sample_data.py"
SIM-LGT-032-068,26.910000,75.890000,partial,2026-01-09,simulated,"ClearWay simulated sample data - NOT a real observation, generated by data/generate_sample_data.py"
SIM-LGT-032-069,26.910000,75.895000,lit,2025-06-04,simulated,"ClearWay simulated sample data - NOT a real observation, generated by data/generate_sample_data.py"
SIM-LGT-032-070,26.910000,75.900000,lit,2025-11-15,simulated,"ClearWay simulated sample data - NOT a real observation, generated by data/generate_sample_data.py"
SIM-LGT-033-000,26.915000,75.550000,lit,2026-03-28,simulated,"ClearWay simulated sample data - NOT a real observation, generated by data/generate_sample_data.py"
SIM-LGT-033-001,26.915000,75.555000,lit,2025-04-20,simulated,"ClearWay simulated sample data - NOT a real observation, generated by data/generate_sample_data.py"
SIM-LGT-033-002,26.915000,75.560000,partial,2026-03-21,simulated,"ClearWay simulated sample data - NOT a real observation, generated by data/generate_sample_data.py"
SIM-LGT-033-003,26.915000,75.565000,unlit,2025-08-20,simulated,"ClearWay simulated sample data - NOT a real observation, generated by data/generate_sample_data.py"
SIM-LGT-033-004,26.915000,75.570000,lit,2026-05-19,simulated,"ClearWay simulated sample data - NOT a real observation, generated by data/generate_sample_data.py"
SIM-LGT-033-005,26.915000,75.575000,partial,2026-02-01,simulated,"ClearWay simulated sample data - NOT a real observation, generated by data/generate_sample_data.py"
SIM-LGT-033-006,26.915000,75.580000,lit,2026-02-17,simulated,"ClearWay simulated sample data - NOT a real observation, generated by data/generate_sample_data.py"
SIM-LGT-033-007,26.915000,75.585000,lit,2026-04-05,simulated,"ClearWay simulated sample data - NOT a real observation, generated by data/generate_sample_data.py"
SIM-LGT-033-008,26.915000,75.590000,partial,2025-09-11,simulated,"ClearWay simulated sample data - NOT a real observation, generated by data/generate_sample_data.py"
SIM-LGT-033-009,26.915000,75.595000,lit,2025-08-07,simulated,"ClearWay simulated sample data - NOT a real observation, generated by data/generate_sample_data.py"
SIM-LGT-033-010,26.915000,75.600000,lit,2025-10-20,simulated,"ClearWay simulated sample data - NOT a real observation, generated by data/generate_sample_data.py"
SIM-LGT-033-011,26.915000,75.605000,unlit,2026-05-05,simulated,"ClearWay simulated sample data - NOT a real observation, generated by data/generate_sample_data.py"
SIM-LGT-033-012,26.915000,75.610000,lit,2026-09-09,simulated,"ClearWay simulated sample data - NOT a real observation, generated by data/generate_sample_data.py"
SIM-LGT-033-013,26.915000,75.615000,lit,2025-12-15,simulated,"ClearWay simulated sample data - NOT a real observation, generated by data/generate_sample_data.py"
SIM-LGT-033-014,26.915000,75.620000,lit,2026-01-10,simulated,"ClearWay simulated sample data - NOT a real observation, generated by data/generate_sample_data.py"
SIM-LGT-033-015,26.915000,75.625000,lit,2025-12-28,simulated,"ClearWay simulated sample data - NOT a real observation, generated by data/generate_sample_data.py"
SIM-LGT-033-016,26.915000,75.630000,lit,2026-07-11,simulated,"ClearWay simulated sample data - NOT a real observation, generated by data/generate_sample_data.py"
SIM-LGT-033-017,26.915000,75.635000,partial,2025-12-07,simulated,"ClearWay simulated sample data - NOT a real observation, generated by data/generate_sample_data.py"
SIM-LGT-033-018,26.915000,75.640000,partial,2026-03-27,simulated,"ClearWay simulated sample data - NOT a real observation, generated by data/generate_sample_data.py"
SIM-LGT-033-019,26.915000,75.645000,partial,2026-08-10,simulated,"ClearWay simulated sample data - NOT a real observation, generated by data/generate_sample_data.py"
SIM-LGT-033-020,26.915000,75.650000,unlit,2026-05-15,simulated,"ClearWay simulated sample data - NOT a real observation, generated by data/generate_sample_data.py"
SIM-LGT-033-021,26.915000,75.655000,lit,2025-12-07,simulated,"ClearWay simulated sample data - NOT a real observation, generated by data/generate_sample_data.py"
SIM-LGT-033-022,26.915000,75.660000,lit,2026-03-31,simulated,"ClearWay simulated sample data - NOT a real observation, generated by data/generate_sample_data.py"
SIM-LGT-033-023,26.915000,75.665000,partial,2025-12-06,simulated,"ClearWay simulated sample data - NOT a real observation, generated by data/generate_sample_data.py"
SIM-LGT-033-024,26.915000,75.670000,partial,2025-11-04,simulated,"ClearWay simulated sample data - NOT a real observation, generated by data/generate_sample_data.py"
SIM-LGT-033-025,26.915000,75.675000,partial,2025-05-31,simulated,"ClearWay simulated sample data - NOT a real observation, generated by data/generate_sample_data.py"
SIM-LGT-033-026,26.915000,75.680000,partial,2026-08-27,simulated,"ClearWay simulated sample data - NOT a real observation, generated by data/generate_sample_data.py"
SIM-LGT-033-027,26.915000,75.685000,unlit,2025-11-13,simulated,"ClearWay simulated sample data - NOT a real observation, generated by data/generate_sample_data.py"
SIM-LGT-033-028,26.915000,75.690000,partial,2025-05-01,simulated,"ClearWay simulated sample data - NOT a real observation, generated by data/generate_sample_data.py"
SIM-LGT-033-029,26.915000,75.695000,lit,2026-05-02,simulated,"ClearWay simulated sample data - NOT a real observation, generated by data/generate_sample_data.py"
SIM-LGT-033-030,26.915000,75.700000,unlit,2026-08-14,simulated,"ClearWay simulated sample data - NOT a real observation, generated by data/generate_sample_data.py"
SIM-LGT-033-031,26.915000,75.705000,lit,2026-06-23,simulated,"ClearWay simulated sample data - NOT a real observation, generated by data/generate_sample_data.py"
SIM-LGT-033-032,26.915000,75.710000,lit,2025-11-30,simulated,"ClearWay simulated sample data - NOT a real observation, generated by data/generate_sample_data.py"
SIM-LGT-033-033,26.915000,75.715000,lit,2026-06-11,simulated,"ClearWay simulated sample data - NOT a real observation, generated by data/generate_sample_data.py"
SIM-LGT-033-034,26.915000,75.720000,lit,2026-02-22,simulated,"ClearWay simulated sample data - NOT a real observation, generated by data/generate_sample_data.py"
SIM-LGT-033-035,26.915000,75.725000,lit,2026-01-11,simulated,"ClearWay simulated sample data - NOT a real observation, generated by data/generate_sample_data.py"
SIM-LGT-033-036,26.915000,75.730000,partial,2025-10-17,simulated,"ClearWay simulated sample data - NOT a real observation, generated by data/generate_sample_data.py"
SIM-LGT-033-037,26.915000,75.735000,lit,2025-12-02,simulated,"ClearWay simulated sample data - NOT a real observation, generated by data/generate_sample_data.py"
SIM-LGT-033-038,26.915000,75.740000,lit,2026-03-07,simulated,"ClearWay simulated sample data - NOT a real observation, generated by data/generate_sample_data.py"
SIM-LGT-033-039,26.915000,75.745000,lit,2025-08-12,simulated,"ClearWay simulated sample data - NOT a real observation, generated by data/generate_sample_data.py"
SIM-LGT-033-040,26.915000,75.750000,unlit,2025-06-02,simulated,"ClearWay simulated sample data - NOT a real observation, generated by data/generate_sample_data.py"
SIM-LGT-033-041,26.915000,75.755000,lit,2025-10-13,simulated,"ClearWay simulated sample data - NOT a real observation, generated by data/generate_sample_data.py"
SIM-LGT-033-042,26.915000,75.760000,lit,2026-07-07,simulated,"ClearWay simulated sample data - NOT a real observation, generated by data/generate_sample_data.py"
SIM-LGT-033-043,26.915000,75.765000,partial,2025-06-15,simulated,"ClearWay simulated sample data - NOT a real observation, generated by data/generate_sample_data.py"
SIM-LGT-033-044,26.915000,75.770000,partial,2025-09-05,simulated,"ClearWay simulated sample data - NOT a real observation, generated by data/generate_sample_data.py"
SIM-LGT-033-045,26.915000,75.775000,unlit,2026-06-17,simulated,"ClearWay simulated sample data - NOT a real observation, generated by data/generate_sample_data.py"
SIM-LGT-033-046,26.915000,75.780000,partial,2026-08-30,simulated,"ClearWay simulated sample data - NOT a real observation, generated by data/generate_sample_data.py"
SIM-LGT-033-047,26.915000,75.785000,lit,2025-09-09,simulated,"ClearWay simulated sample data - NOT a real observation, generated by data/generate_sample_data.py"
SIM-LGT-033-048,26.915000,75.790000,lit,2025-10-29,simulated,"ClearWay simulated sample data - NOT a real observation, generated by data/generate_sample_data.py"
SIM-LGT-033-049,26.915000,75.795000,partial,2026-04-05,simulated,"ClearWay simulated sample data - NOT a real observation, generated by data/generate_sample_data.py"
SIM-LGT-033-050,26.915000,75.800000,partial,2025-06-29,simulated,"ClearWay simulated sample data - NOT a real observation, generated by data/generate_sample_data.py"
SIM-LGT-033-051,26.915000,75.805000,partial,2026-04-23,simulated,"ClearWay simulated sample data - NOT a real observation, generated by data/generate_sample_data.py"
SIM-LGT-033-052,26.915000,75.810000,lit,2026-04-10,simulated,"ClearWay simulated sample data - NOT a real observation, generated by data/generate_sample_data.py"
SIM-LGT-033-053,26.915000,75.815000,partial,2026-06-20,simulated,"ClearWay simulated sample data - NOT a real observation, generated by data/generate_sample_data.py"
SIM-LGT-033-054,26.915000,75.820000,lit,2026-05-05,simulated,"ClearWay simulated sample data - NOT a real observation, generated by data/generate_sample_data.py"
SIM-LGT-033-055,26.915000,75.825000,partial,2025-05-23,simulated,"ClearWay simulated sample data - NOT a real observation, generated by data/generate_sample_data.py"
SIM-LGT-033-056,26.915000,75.830000,lit,2026-01-13,simulated,"ClearWay simulated sample data - NOT a real observation, generated by data/generate_sample_data.py"
SIM-LGT-033-057,26.915000,75.835000,lit,2025-10-05,simulated,"ClearWay simulated sample data - NOT a real observation, generated by data/generate_sample_data.py"
SIM-LGT-033-058,26.915000,75.840000,unlit,2025-12-02,simulated,"ClearWay simulated sample data - NOT a real observation, generated by data/generate_sample_data.py"
SIM-LGT-033-059,26.915000,75.845000,lit,2026-07-12,simulated,"ClearWay simulated sample data - NOT a real observation, generated by data/generate_sample_data.py"
SIM-LGT-033-060,26.915000,75.850000,lit,2026-01-07,simulated,"ClearWay simulated sample data - NOT a real observation, generated by data/generate_sample_data.py"
SIM-LGT-033-061,26.915000,75.855000,lit,2025-06-05,simulated,"ClearWay simulated sample data - NOT a real observation, generated by data/generate_sample_data.py"
SIM-LGT-033-062,26.915000,75.860000,lit,2026-01-20,simulated,"ClearWay simulated sample data - NOT a real observation, generated by data/generate_sample_data.py"
SIM-LGT-033-063,26.915000,75.865000,unlit,2025-08-27,simulated,"ClearWay simulated sample data - NOT a real observation, generated by data/generate_sample_data.py"
SIM-LGT-033-064,26.915000,75.870000,lit,2026-06-04,simulated,"ClearWay simulated sample data - NOT a real observation, generated by data/generate_sample_data.py"
SIM-LGT-033-065,26.915000,75.875000,lit,2025-11-06,simulated,"ClearWay simulated sample data - NOT a real observation, generated by data/generate_sample_data.py"
SIM-LGT-033-066,26.915000,75.880000,lit,2025-09-05,simulated,"ClearWay simulated sample data - NOT a real observation, generated by data/generate_sample_data.py"
SIM-LGT-033-067,26.915000,75.885000,lit,2025-09-25,simulated,"ClearWay simulated sample data - NOT a real observation, generated by data/generate_sample_data.py"
SIM-LGT-033-068,26.915000,75.890000,lit,2025-09-09,simulated,"ClearWay simulated sample data - NOT a real observation, generated by data/generate_sample_data.py"
SIM-LGT-033-069,26.915000,75.895000,partial,2025-10-26,simulated,"ClearWay simulated sample data - NOT a real observation, generated by data/generate_sample_data.py"
SIM-LGT-033-070,26.915000,75.900000,partial,2025-05-10,simulated,"ClearWay simulated sample data - NOT a real observation, generated by data/generate_sample_data.py"
SIM-LGT-034-000,26.920000,75.550000,lit,2026-04-21,simulated,"ClearWay simulated sample data - NOT a real observation, generated by data/generate_sample_data.py"
SIM-LGT-034-001,26.920000,75.555000,unlit,2026-07-20,simulated,"ClearWay simulated sample data - NOT a real observation, generated by data/generate_sample_data.py"
SIM-LGT-034-002,26.920000,75.560000,lit,2026-02-28,simulated,"ClearWay simulated sample data - NOT a real observation, generated by data/generate_sample_data.py"
SIM-LGT-034-003,26.920000,75.565000,partial,2026-04-10,simulated,"ClearWay simulated sample data - NOT a real observation, generated by data/generate_sample_data.py"
SIM-LGT-034-004,26.920000,75.570000,unlit,2026-01-20,simulated,"ClearWay simulated sample data - NOT a real observation, generated by data/generate_sample_data.py"
SIM-LGT-034-005,26.920000,75.575000,lit,2025-08-14,simulated,"ClearWay simulated sample data - NOT a real observation, generated by data/generate_sample_data.py"
SIM-LGT-034-006,26.920000,75.580000,partial,2026-02-20,simulated,"ClearWay simulated sample data - NOT a real observation, generated by data/generate_sample_data.py"
SIM-LGT-034-007,26.920000,75.585000,lit,2025-07-18,simulated,"ClearWay simulated sample data - NOT a real observation, generated by data/generate_sample_data.py"
SIM-LGT-034-008,26.920000,75.590000,unlit,2025-10-22,simulated,"ClearWay simulated sample data - NOT a real observation, generated by data/generate_sample_data.py"
SIM-LGT-034-009,26.920000,75.595000,partial,2025-06-23,simulated,"ClearWay simulated sample data - NOT a real observation, generated by data/generate_sample_data.py"
SIM-LGT-034-010,26.920000,75.600000,unlit,2026-08-08,simulated,"ClearWay simulated sample data - NOT a real observation, generated by data/generate_sample_data.py"
SIM-LGT-034-011,26.920000,75.605000,unlit,2026-01-25,simulated,"ClearWay simulated sample data - NOT a real observation, generated by data/generate_sample_data.py"
SIM-LGT-034-012,26.920000,75.610000,lit,2025-11-10,simulated,"ClearWay simulated sample data - NOT a real observation, generated by data/generate_sample_data.py"
SIM-LGT-034-013,26.920000,75.615000,lit,2025-10-22,simulated,"ClearWay simulated sample data - NOT a real observation, generated by data/generate_sample_data.py"
SIM-LGT-034-014,26.920000,75.620000,lit,2026-02-07,simulated,"ClearWay simulated sample data - NOT a real observation, generated by data/generate_sample_data.py"
SIM-LGT-034-015,26.920000,75.625000,partial,2025-08-12,simulated,"ClearWay simulated sample data - NOT a real observation, generated by data/generate_sample_data.py"
SIM-LGT-034-016,26.920000,75.630000,partial,2025-08-05,simulated,"ClearWay simulated sample data - NOT a real observation, generated by data/generate_sample_data.py"
SIM-LGT-034-017,26.920000,75.635000,partial,2025-06-22,simulated,"ClearWay simulated sample data - NOT a real observation, generated by data/generate_sample_data.py"
SIM-LGT-034-018,26.920000,75.640000,lit,2026-07-29,simulated,"ClearWay simulated sample data - NOT a real observation, generated by data/generate_sample_data.py"
SIM-LGT-034-019,26.920000,75.645000,lit,2025-04-27,simulated,"ClearWay simulated sample data - NOT a real observation, generated by data/generate_sample_data.py"
SIM-LGT-034-020,26.920000,75.650000,lit,2026-09-03,simulated,"ClearWay simulated sample data - NOT a real observation, generated by data/generate_sample_data.py"
SIM-LGT-034-021,26.920000,75.655000,partial,2025-07-20,simulated,"ClearWay simulated sample data - NOT a real observation, generated by data/generate_sample_data.py"
SIM-LGT-034-022,26.920000,75.660000,partial,2026-07-20,simulated,"ClearWay simulated sample data - NOT a real observation, generated by data/generate_sample_data.py"
SIM-LGT-034-023,26.920000,75.665000,lit,2026-02-28,simulated,"ClearWay simulated sample data - NOT a real observation, generated by data/generate_sample_data.py"
SIM-LGT-034-024,26.920000,75.670000,partial,2025-10-31,simulated,"ClearWay simulated sample data - NOT a real observation, generated by data/generate_sample_data.py"
SIM-LGT-034-025,26.920000,75.675000,lit,2026-01-24,simulated,"ClearWay simulated sample data - NOT a real observation, generated by data/generate_sample_data.py"
SIM-LGT-034-026,26.920000,75.680000,lit,2026-01-14,simulated,"ClearWay simulated sample data - NOT a real observation, generated by data/generate_sample_data.py"
SIM-LGT-034-027,26.920000,75.685000,partial,2026-03-22,simulated,"ClearWay simulated sample data - NOT a real observation, generated by data/generate_sample_data.py"
SIM-LGT-034-028,26.920000,75.690000,partial,2025-10-16,simulated,"ClearWay simulated sample data - NOT a real observation, generated by data/generate_sample_data.py"
SIM-LGT-034-029,26.920000,75.695000,lit,2025-08-25,simulated,"ClearWay simulated sample data - NOT a real observation, generated by data/generate_sample_data.py"
SIM-LGT-034-030,26.920000,75.700000,partial,2026-06-24,simulated,"ClearWay simulated sample data - NOT a real observation, generated by data/generate_sample_data.py"
SIM-LGT-034-031,26.920000,75.705000,lit,2026-07-08,simulated,"ClearWay simulated sample data - NOT a real observation, generated by data/generate_sample_data.py"
SIM-LGT-034-032,26.920000,75.710000,partial,2025-12-18,simulated,"ClearWay simulated sample data - NOT a real observation, generated by data/generate_sample_data.py"
SIM-LGT-034-033,26.920000,75.715000,partial,2026-05-12,simulated,"ClearWay simulated sample data - NOT a real observation, generated by data/generate_sample_data.py"
SIM-LGT-034-034,26.920000,75.720000,lit,2026-05-10,simulated,"ClearWay simulated sample data - NOT a real observation, generated by data/generate_sample_data.py"
SIM-LGT-034-035,26.920000,75.725000,lit,2025-05-22,simulated,"ClearWay simulated sample data - NOT a real observation, generated by data/generate_sample_data.py"
SIM-LGT-034-036,26.920000,75.730000,lit,2025-08-13,simulated,"ClearWay simulated sample data - NOT a real observation, generated by data/generate_sample_data.py"
SIM-LGT-034-037,26.920000,75.735000,partial,2026-09-08,simulated,"ClearWay simulated sample data - NOT a real observation, generated by data/generate_sample_data.py"
SIM-LGT-034-038,26.920000,75.740000,unlit,2025-12-01,simulated,"ClearWay simulated sample data - NOT a real observation, generated by data/generate_sample_data.py"
SIM-LGT-034-039,26.920000,75.745000,partial,2025-11-15,simulated,"ClearWay simulated sample data - NOT a real observation, generated by data/generate_sample_data.py"
SIM-LGT-034-040,26.920000,75.750000,lit,2026-04-25,simulated,"ClearWay simulated sample data - NOT a real observation, generated by data/generate_sample_data.py"
SIM-LGT-034-041,26.920000,75.755000,lit,2025-08-02,simulated,"ClearWay simulated sample data - NOT a real observation, generated by data/generate_sample_data.py"
SIM-LGT-034-042,26.920000,75.760000,partial,2025-10-31,simulated,"ClearWay simulated sample data - NOT a real observation, generated by data/generate_sample_data.py"
SIM-LGT-034-043,26.920000,75.765000,partial,2026-04-03,simulated,"ClearWay simulated sample data - NOT a real observation, generated by data/generate_sample_data.py"
SIM-LGT-034-044,26.920000,75.770000,lit,2025-12-07,simulated,"ClearWay simulated sample data - NOT a real observation, generated by data/generate_sample_data.py"
SIM-LGT-034-045,26.920000,75.775000,partial,2025-12-18,simulated,"ClearWay simulated sample data - NOT a real observation, generated by data/generate_sample_data.py"
SIM-LGT-034-046,26.920000,75.780000,lit,2026-02-02,simulated,"ClearWay simulated sample data - NOT a real observation, generated by data/generate_sample_data.py"
SIM-LGT-034-047,26.920000,75.785000,lit,2025-06-14,simulated,"ClearWay simulated sample data - NOT a real observation, generated by data/generate_sample_data.py"
SIM-LGT-034-048,26.920000,75.790000,lit,2026-03-06,simulated,"ClearWay simulated sample data - NOT a real observation, generated by data/generate_sample_data.py"
SIM-LGT-034-049,26.920000,75.795000,unlit,2025-10-25,simulated,"ClearWay simulated sample data - NOT a real observation, generated by data/generate_sample_data.py"
SIM-LGT-034-050,26.920000,75.800000,unlit,2025-08-29,simulated,"ClearWay simulated sample data - NOT a real observation, generated by data/generate_sample_data.py"
SIM-LGT-034-051,26.920000,75.805000,lit,2025-09-03,simulated,"ClearWay simulated sample data - NOT a real observation, generated by data/generate_sample_data.py"
SIM-LGT-034-052,26.920000,75.810000,partial,2026-02-22,simulated,"ClearWay simulated sample data - NOT a real observation, generated by data/generate_sample_data.py"
SIM-LGT-034-053,26.920000,75.815000,partial,2026-09-02,simulated,"ClearWay simulated sample data - NOT a real observation, generated by data/generate_sample_data.py"
SIM-LGT-034-054,26.920000,75.820000,lit,2026-07-27,simulated,"ClearWay simulated sample data - NOT a real observation, generated by data/generate_sample_data.py"
SIM-LGT-034-055,26.920000,75.825000,lit,2026-08-05,simulated,"ClearWay simulated sample data - NOT a real observation, generated by data/generate_sample_data.py"
SIM-LGT-034-056,26.920000,75.830000,partial,2026-04-10,simulated,"ClearWay simulated sample data - NOT a real observation, generated by data/generate_sample_data.py"
SIM-LGT-034-057,26.920000,75.835000,lit,2025-05-15,simulated,"ClearWay simulated sample data - NOT a real observation, generated by data/generate_sample_data.py"
SIM-LGT-034-058,26.920000,75.840000,lit,2025-10-12,simulated,"ClearWay simulated sample data - NOT a real observation, generated by data/generate_sample_data.py"
SIM-LGT-034-059,26.920000,75.845000,lit,2025-06-30,simulated,"ClearWay simulated sample data - NOT a real observation, generated by data/generate_sample_data.py"
SIM-LGT-034-060,26.920000,75.850000,lit,2025-07-16,simulated,"ClearWay simulated sample data - NOT a real observation, generated by data/generate_sample_data.py"
SIM-LGT-034-061,26.920000,75.855000,lit,2025-09-11,simulated,"ClearWay simulated sample data - NOT a real observation, generated by data/generate_sample_data.py"
SIM-LGT-034-062,26.920000,75.860000,lit,2026-05-10,simulated,"ClearWay simulated sample data - NOT a real observation, generated by data/generate_sample_data.py"
SIM-LGT-034-063,26.920000,75.865000,lit,2025-05-25,simulated,"ClearWay simulated sample data - NOT a real observation, generated by data/generate_sample_data.py"
SIM-LGT-034-064,26.920000,75.870000,lit,2025-12-15,simulated,"ClearWay simulated sample data - NOT a real observation, generated by data/generate_sample_data.py"
SIM-LGT-034-065,26.920000,75.875000,lit,2026-05-16,simulated,"ClearWay simulated sample data - NOT a real observation, generated by data/generate_sample_data.py"
SIM-LGT-034-066,26.920000,75.880000,lit,2025-06-17,simulated,"ClearWay simulated sample data - NOT a real observation, generated by data/generate_sample_data.py"
SIM-LGT-034-067,26.920000,75.885000,lit,2026-07-22,simulated,"ClearWay simulated sample data - NOT a real observation, generated by data/generate_sample_data.py"
SIM-LGT-034-068,26.920000,75.890000,lit,2026-07-13,simulated,"ClearWay simulated sample data - NOT a real observation, generated by data/generate_sample_data.py"
SIM-LGT-034-069,26.920000,75.895000,lit,2026-08-19,simulated,"ClearWay simulated sample data - NOT a real observation, generated by data/generate_sample_data.py"
SIM-LGT-034-070,26.920000,75.900000,partial,2025-10-15,simulated,"ClearWay simulated sample data - NOT a real observation, generated by data/generate_sample_data.py"
SIM-LGT-035-000,26.925000,75.550000,lit,2026-04-13,simulated,"ClearWay simulated sample data - NOT a real observation, generated by data/generate_sample_data.py"
SIM-LGT-035-001,26.925000,75.555000,lit,2026-08-26,simulated,"ClearWay simulated sample data - NOT a real observation, generated by data/generate_sample_data.py"
SIM-LGT-035-002,26.925000,75.560000,lit,2026-06-16,simulated,"ClearWay simulated sample data - NOT a real observation, generated by data/generate_sample_data.py"
SIM-LGT-035-003,26.925000,75.565000,partial,2026-06-11,simulated,"ClearWay simulated sample data - NOT a real observation, generated by data/generate_sample_data.py"
SIM-LGT-035-004,26.925000,75.570000,unlit,2026-07-07,simulated,"ClearWay simulated sample data - NOT a real observation, generated by data/generate_sample_data.py"
SIM-LGT-035-005,26.925000,75.575000,lit,2025-12-25,simulated,"ClearWay simulated sample data - NOT a real observation, generated by data/generate_sample_data.py"
SIM-LGT-035-006,26.925000,75.580000,partial,2026-01-15,simulated,"ClearWay simulated sample data - NOT a real observation, generated by data/generate_sample_data.py"
SIM-LGT-035-007,26.925000,75.585000,lit,2026-05-07,simulated,"ClearWay simulated sample data - NOT a real observation, generated by data/generate_sample_data.py"
SIM-LGT-035-008,26.925000,75.590000,lit,2025-09-29,simulated,"ClearWay simulated sample data - NOT a real observation, generated by data/generate_sample_data.py"
SIM-LGT-035-009,26.925000,75.595000,lit,2025-12-07,simulated,"ClearWay simulated sample data - NOT a real observation, generated by data/generate_sample_data.py"
SIM-LGT-035-010,26.925000,75.600000,lit,2025-07-15,simulated,"ClearWay simulated sample data - NOT a real observation, generated by data/generate_sample_data.py"
SIM-LGT-035-011,26.925000,75.605000,lit,2025-10-22,simulated,"ClearWay simulated sample data - NOT a real observation, generated by data/generate_sample_data.py"
SIM-LGT-035-012,26.925000,75.610000,lit,2026-03-16,simulated,"ClearWay simulated sample data - NOT a real observation, generated by data/generate_sample_data.py"
SIM-LGT-035-013,26.925000,75.615000,lit,2025-11-30,simulated,"ClearWay simulated sample data - NOT a real observation, generated by data/generate_sample_data.py"
SIM-LGT-035-014,26.925000,75.620000,partial,2025-12-06,simulated,"ClearWay simulated sample data - NOT a real observation, generated by data/generate_sample_data.py"
SIM-LGT-035-015,26.925000,75.625000,partial,2026-02-08,simulated,"ClearWay simulated sample data - NOT a real observation, generated by data/generate_sample_data.py"
SIM-LGT-035-016,26.925000,75.630000,lit,2025-07-28,simulated,"ClearWay simulated sample data - NOT a real observation, generated by data/generate_sample_data.py"
SIM-LGT-035-017,26.925000,75.635000,unlit,2025-07-11,simulated,"ClearWay simulated sample data - NOT a real observation, generated by data/generate_sample_data.py"
SIM-LGT-035-018,26.925000,75.640000,lit,2025-06-01,simulated,"ClearWay simulated sample data - NOT a real observation, generated by data/generate_sample_data.py"
SIM-LGT-035-019,26.925000,75.645000,partial,2025-11-26,simulated,"ClearWay simulated sample data - NOT a real observation, generated by data/generate_sample_data.py"
SIM-LGT-035-020,26.925000,75.650000,unlit,2026-07-06,simulated,"ClearWay simulated sample data - NOT a real observation, generated by data/generate_sample_data.py"
SIM-LGT-035-021,26.925000,75.655000,lit,2025-05-04,simulated,"ClearWay simulated sample data - NOT a real observation, generated by data/generate_sample_data.py"
SIM-LGT-035-022,26.925000,75.660000,lit,2026-06-16,simulated,"ClearWay simulated sample data - NOT a real observation, generated by data/generate_sample_data.py"
SIM-LGT-035-023,26.925000,75.665000,lit,2026-05-12,simulated,"ClearWay simulated sample data - NOT a real observation, generated by data/generate_sample_data.py"
SIM-LGT-035-024,26.925000,75.670000,lit,2025-11-23,simulated,"ClearWay simulated sample data - NOT a real observation, generated by data/generate_sample_data.py"
SIM-LGT-035-025,26.925000,75.675000,lit,2025-06-24,simulated,"ClearWay simulated sample data - NOT a real observation, generated by data/generate_sample_data.py"
SIM-LGT-035-026,26.925000,75.680000,lit,2026-03-07,simulated,"ClearWay simulated sample data - NOT a real observation, generated by data/generate_sample_data.py"
SIM-LGT-035-027,26.925000,75.685000,lit,2025-04-20,simulated,"ClearWay simulated sample data - NOT a real observation, generated by data/generate_sample_data.py"
SIM-LGT-035-028,26.925000,75.690000,partial,2025-11-05,simulated,"ClearWay simulated sample data - NOT a real observation, generated by data/generate_sample_data.py"
SIM-LGT-035-029,26.925000,75.695000,lit,2025-05-08,simulated,"ClearWay simulated sample data - NOT a real observation, generated by data/generate_sample_data.py"
SIM-LGT-035-030,26.925000,75.700000,unlit,2026-04-19,simulated,"ClearWay simulated sample data - NOT a real observation, generated by data/generate_sample_data.py"
SIM-LGT-035-031,26.925000,75.705000,partial,2025-07-10,simulated,"ClearWay simulated sample data - NOT a real observation, generated by data/generate_sample_data.py"
SIM-LGT-035-032,26.925000,75.710000,partial,2026-07-27,simulated,"ClearWay simulated sample data - NOT a real observation, generated by data/generate_sample_data.py"
SIM-LGT-035-033,26.925000,75.715000,partial,2025-11-30,simulated,"ClearWay simulated sample data - NOT a real observation, generated by data/generate_sample_data.py"
SIM-LGT-035-034,26.925000,75.720000,partial,2026-03-22,simulated,"ClearWay simulated sample data - NOT a real observation, generated by data/generate_sample_data.py"
SIM-LGT-035-035,26.925000,75.725000,unlit,2026-06-14,simulated,"ClearWay simulated sample data - NOT a real observation, generated by data/generate_sample_data.py"
SIM-LGT-035-036,26.925000,75.730000,lit,2025-09-21,simulated,"ClearWay simulated sample data - NOT a real observation, generated by data/generate_sample_data.py"
SIM-LGT-035-037,26.925000,75.735000,lit,2025-06-06,simulated,"ClearWay simulated sample data - NOT a real observation, generated by data/generate_sample_data.py"
SIM-LGT-035-038,26.925000,75.740000,lit,2025-08-20,simulated,"ClearWay simulated sample data - NOT a real observation, generated by data/generate_sample_data.py"
SIM-LGT-035-039,26.925000,75.745000,lit,2026-02-04,simulated,"ClearWay simulated sample data - NOT a real observation, generated by data/generate_sample_data.py"
SIM-LGT-035-040,26.925000,75.750000,partial,2025-06-29,simulated,"ClearWay simulated sample data - NOT a real observation, generated by data/generate_sample_data.py"
SIM-LGT-035-041,26.925000,75.755000,lit,2026-05-31,simulated,"ClearWay simulated sample data - NOT a real observation, generated by data/generate_sample_data.py"
SIM-LGT-035-042,26.925000,75.760000,unlit,2025-07-22,simulated,"ClearWay simulated sample data - NOT a real observation, generated by data/generate_sample_data.py"
SIM-LGT-035-043,26.925000,75.765000,lit,2025-10-23,simulated,"ClearWay simulated sample data - NOT a real observation, generated by data/generate_sample_data.py"
SIM-LGT-035-044,26.925000,75.770000,lit,2026-03-24,simulated,"ClearWay simulated sample data - NOT a real observation, generated by data/generate_sample_data.py"
SIM-LGT-035-045,26.925000,75.775000,lit,2026-05-30,simulated,"ClearWay simulated sample data - NOT a real observation, generated by data/generate_sample_data.py"
SIM-LGT-035-046,26.925000,75.780000,lit,2026-06-15,simulated,"ClearWay simulated sample data - NOT a real observation, generated by data/generate_sample_data.py"
SIM-LGT-035-047,26.925000,75.785000,partial,2025-08-15,simulated,"ClearWay simulated sample data - NOT a real observation, generated by data/generate_sample_data.py"
SIM-LGT-035-048,26.925000,75.790000,lit,2026-07-13,simulated,"ClearWay simulated sample data - NOT a real observation, generated by data/generate_sample_data.py"
SIM-LGT-035-049,26.925000,75.795000,lit,2026-06-02,simulated,"ClearWay simulated sample data - NOT a real observation, generated by data/generate_sample_data.py"
SIM-LGT-035-050,26.925000,75.800000,unlit,2026-08-02,simulated,"ClearWay simulated sample data - NOT a real observation, generated by data/generate_sample_data.py"
SIM-LGT-035-051,26.925000,75.805000,partial,2026-01-08,simulated,"ClearWay simulated sample data - NOT a real observation, generated by data/generate_sample_data.py"
SIM-LGT-035-052,26.925000,75.810000,unlit,2025-10-25,simulated,"ClearWay simulated sample data - NOT a real observation, generated by data/generate_sample_data.py"
SIM-LGT-035-053,26.925000,75.815000,lit,2025-05-26,simulated,"ClearWay simulated sample data - NOT a real observation, generated by data/generate_sample_data.py"
SIM-LGT-035-054,26.925000,75.820000,unlit,2026-02-16,simulated,"ClearWay simulated sample data - NOT a real observation, generated by data/generate_sample_data.py"
SIM-LGT-035-055,26.925000,75.825000,unlit,2025-08-24,simulated,"ClearWay simulated sample data - NOT a real observation, generated by data/generate_sample_data.py"
SIM-LGT-035-056,26.925000,75.830000,unlit,2026-02-13,simulated,"ClearWay simulated sample data - NOT a real observation, generated by data/generate_sample_data.py"
SIM-LGT-035-057,26.925000,75.835000,lit,2025-07-04,simulated,"ClearWay simulated sample data - NOT a real observation, generated by data/generate_sample_data.py"
SIM-LGT-035-058,26.925000,75.840000,partial,2026-03-15,simulated,"ClearWay simulated sample data - NOT a real observation, generated by data/generate_sample_data.py"
SIM-LGT-035-059,26.925000,75.845000,unlit,2026-07-04,simulated,"ClearWay simulated sample data - NOT a real observation, generated by data/generate_sample_data.py"
SIM-LGT-035-060,26.925000,75.850000,lit,2025-07-19,simulated,"ClearWay simulated sample data - NOT a real observation, generated by data/generate_sample_data.py"
SIM-LGT-035-061,26.925000,75.855000,unlit,2026-08-28,simulated,"ClearWay simulated sample data - NOT a real observation, generated by data/generate_sample_data.py"
SIM-LGT-035-062,26.925000,75.860000,unlit,2025-11-22,simulated,"ClearWay simulated sample data - NOT a real observation, generated by data/generate_sample_data.py"
SIM-LGT-035-063,26.925000,75.865000,partial,2025-12-03,simulated,"ClearWay simulated sample data - NOT a real observation, generated by data/generate_sample_data.py"
SIM-LGT-035-064,26.925000,75.870000,lit,2026-07-24,simulated,"ClearWay simulated sample data - NOT a real observation, generated by data/generate_sample_data.py"
SIM-LGT-035-065,26.925000,75.875000,lit,2025-09-05,simulated,"ClearWay simulated sample data - NOT a real observation, generated by data/generate_sample_data.py"
SIM-LGT-035-066,26.925000,75.880000,lit,2025-10-22,simulated,"ClearWay simulated sample data - NOT a real observation, generated by data/generate_sample_data.py"
SIM-LGT-035-067,26.925000,75.885000,unlit,2026-07-24,simulated,"ClearWay simulated sample data - NOT a real observation, generated by data/generate_sample_data.py"
SIM-LGT-035-068,26.925000,75.890000,lit,2026-05-28,simulated,"ClearWay simulated sample data - NOT a real observation, generated by data/generate_sample_data.py"
SIM-LGT-035-069,26.925000,75.895000,partial,2025-08-11,simulated,"ClearWay simulated sample data - NOT a real observation, generated by data/generate_sample_data.py"
SIM-LGT-035-070,26.925000,75.900000,lit,2026-07-04,simulated,"ClearWay simulated sample data - NOT a real observation, generated by data/generate_sample_data.py"
SIM-LGT-036-000,26.930000,75.550000,lit,2025-12-14,simulated,"ClearWay simulated sample data - NOT a real observation, generated by data/generate_sample_data.py"
SIM-LGT-036-001,26.930000,75.555000,lit,2026-08-02,simulated,"ClearWay simulated sample data - NOT a real observation, generated by data/generate_sample_data.py"
SIM-LGT-036-002,26.930000,75.560000,partial,2026-01-19,simulated,"ClearWay simulated sample data - NOT a real observation, generated by data/generate_sample_data.py"
SIM-LGT-036-003,26.930000,75.565000,partial,2026-08-18,simulated,"ClearWay simulated sample data - NOT a real observation, generated by data/generate_sample_data.py"
SIM-LGT-036-004,26.930000,75.570000,partial,2026-07-30,simulated,"ClearWay simulated sample data - NOT a real observation, generated by data/generate_sample_data.py"
SIM-LGT-036-005,26.930000,75.575000,lit,2026-06-09,simulated,"ClearWay simulated sample data - NOT a real observation, generated by data/generate_sample_data.py"
SIM-LGT-036-006,26.930000,75.580000,lit,2025-10-28,simulated,"ClearWay simulated sample data - NOT a real observation, generated by data/generate_sample_data.py"
SIM-LGT-036-007,26.930000,75.585000,partial,2025-04-22,simulated,"ClearWay simulated sample data - NOT a real observation, generated by data/generate_sample_data.py"
SIM-LGT-036-008,26.930000,75.590000,lit,2025-07-22,simulated,"ClearWay simulated sample data - NOT a real observation, generated by data/generate_sample_data.py"
SIM-LGT-036-009,26.930000,75.595000,lit,2025-11-29,simulated,"ClearWay simulated sample data - NOT a real observation, generated by data/generate_sample_data.py"
SIM-LGT-036-010,26.930000,75.600000,partial,2026-05-23,simulated,"ClearWay simulated sample data - NOT a real observation, generated by data/generate_sample_data.py"
SIM-LGT-036-011,26.930000,75.605000,lit,2026-04-26,simulated,"ClearWay simulated sample data - NOT a real observation, generated by data/generate_sample_data.py"
SIM-LGT-036-012,26.930000,75.610000,lit,2026-01-12,simulated,"ClearWay simulated sample data - NOT a real observation, generated by data/generate_sample_data.py"
SIM-LGT-036-013,26.930000,75.615000,lit,2026-05-09,simulated,"ClearWay simulated sample data - NOT a real observation, generated by data/generate_sample_data.py"
SIM-LGT-036-014,26.930000,75.620000,unlit,2026-03-29,simulated,"ClearWay simulated sample data - NOT a real observation, generated by data/generate_sample_data.py"
SIM-LGT-036-015,26.930000,75.625000,lit,2026-06-11,simulated,"ClearWay simulated sample data - NOT a real observation, generated by data/generate_sample_data.py"
SIM-LGT-036-016,26.930000,75.630000,lit,2025-08-25,simulated,"ClearWay simulated sample data - NOT a real observation, generated by data/generate_sample_data.py"
SIM-LGT-036-017,26.930000,75.635000,lit,2026-06-23,simulated,"ClearWay simulated sample data - NOT a real observation, generated by data/generate_sample_data.py"
SIM-LGT-036-018,26.930000,75.640000,lit,2025-08-12,simulated,"ClearWay simulated sample data - NOT a real observation, generated by data/generate_sample_data.py"
SIM-LGT-036-019,26.930000,75.645000,lit,2026-06-30,simulated,"ClearWay simulated sample data - NOT a real observation, generated by data/generate_sample_data.py"
SIM-LGT-036-020,26.930000,75.650000,unlit,2026-05-15,simulated,"ClearWay simulated sample data - NOT a real observation, generated by data/generate_sample_data.py"
SIM-LGT-036-021,26.930000,75.655000,lit,2026-01-07,simulated,"ClearWay simulated sample data - NOT a real observation, generated by data/generate_sample_data.py"
SIM-LGT-036-022,26.930000,75.660000,unlit,2026-08-22,simulated,"ClearWay simulated sample data - NOT a real observation, generated by data/generate_sample_data.py"
SIM-LGT-036-023,26.930000,75.665000,lit,2025-12-15,simulated,"ClearWay simulated sample data - NOT a real observation, generated by data/generate_sample_data.py"
SIM-LGT-036-024,26.930000,75.670000,lit,2026-08-07,simulated,"ClearWay simulated sample data - NOT a real observation, generated by data/generate_sample_data.py"
SIM-LGT-036-025,26.930000,75.675000,lit,2026-04-04,simulated,"ClearWay simulated sample data - NOT a real observation, generated by data/generate_sample_data.py"
SIM-LGT-036-026,26.930000,75.680000,lit,2025-11-08,simulated,"ClearWay simulated sample data - NOT a real observation, generated by data/generate_sample_data.py"
SIM-LGT-036-027,26.930000,75.685000,unlit,2025-08-07,simulated,"ClearWay simulated sample data - NOT a real observation, generated by data/generate_sample_data.py"
SIM-LGT-036-028,26.930000,75.690000,lit,2025-10-02,simulated,"ClearWay simulated sample data - NOT a real observation, generated by data/generate_sample_data.py"
SIM-LGT-036-029,26.930000,75.695000,partial,2025-05-19,simulated,"ClearWay simulated sample data - NOT a real observation, generated by data/generate_sample_data.py"
SIM-LGT-036-030,26.930000,75.700000,partial,2025-07-01,simulated,"ClearWay simulated sample data - NOT a real observation, generated by data/generate_sample_data.py"
SIM-LGT-036-031,26.930000,75.705000,lit,2025-05-02,simulated,"ClearWay simulated sample data - NOT a real observation, generated by data/generate_sample_data.py"
SIM-LGT-036-032,26.930000,75.710000,lit,2025-08-27,simulated,"ClearWay simulated sample data - NOT a real observation, generated by data/generate_sample_data.py"
SIM-LGT-036-033,26.930000,75.715000,lit,2025-08-15,simulated,"ClearWay simulated sample data - NOT a real observation, generated by data/generate_sample_data.py"
SIM-LGT-036-034,26.930000,75.720000,unlit,2026-06-25,simulated,"ClearWay simulated sample data - NOT a real observation, generated by data/generate_sample_data.py"
SIM-LGT-036-035,26.930000,75.725000,lit,2026-02-02,simulated,"ClearWay simulated sample data - NOT a real observation, generated by data/generate_sample_data.py"
SIM-LGT-036-036,26.930000,75.730000,lit,2026-03-25,simulated,"ClearWay simulated sample data - NOT a real observation, generated by data/generate_sample_data.py"
SIM-LGT-036-037,26.930000,75.735000,partial,2026-07-21,simulated,"ClearWay simulated sample data - NOT a real observation, generated by data/generate_sample_data.py"
SIM-LGT-036-038,26.930000,75.740000,lit,2025-11-08,simulated,"ClearWay simulated sample data - NOT a real observation, generated by data/generate_sample_data.py"
SIM-LGT-036-039,26.930000,75.745000,unlit,2026-05-11,simulated,"ClearWay simulated sample data - NOT a real observation, generated by data/generate_sample_data.py"
SIM-LGT-036-040,26.930000,75.750000,lit,2025-11-14,simulated,"ClearWay simulated sample data - NOT a real observation, generated by data/generate_sample_data.py"
SIM-LGT-036-041,26.930000,75.755000,partial,2025-07-20,simulated,"ClearWay simulated sample data - NOT a real observation, generated by data/generate_sample_data.py"
SIM-LGT-036-042,26.930000,75.760000,unlit,2025-06-27,simulated,"ClearWay simulated sample data - NOT a real observation, generated by data/generate_sample_data.py"
SIM-LGT-036-043,26.930000,75.765000,lit,2025-06-23,simulated,"ClearWay simulated sample data - NOT a real observation, generated by data/generate_sample_data.py"
SIM-LGT-036-044,26.930000,75.770000,unlit,2025-12-09,simulated,"ClearWay simulated sample data - NOT a real observation, generated by data/generate_sample_data.py"
SIM-LGT-036-045,26.930000,75.775000,lit,2025-08-13,simulated,"ClearWay simulated sample data - NOT a real observation, generated by data/generate_sample_data.py"
SIM-LGT-036-046,26.930000,75.780000,lit,2026-08-03,simulated,"ClearWay simulated sample data - NOT a real observation, generated by data/generate_sample_data.py"
SIM-LGT-036-047,26.930000,75.785000,lit,2026-09-06,simulated,"ClearWay simulated sample data - NOT a real observation, generated by data/generate_sample_data.py"
SIM-LGT-036-048,26.930000,75.790000,unlit,2025-05-15,simulated,"ClearWay simulated sample data - NOT a real observation, generated by data/generate_sample_data.py"
SIM-LGT-036-049,26.930000,75.795000,partial,2026-04-09,simulated,"ClearWay simulated sample data - NOT a real observation, generated by data/generate_sample_data.py"
SIM-LGT-036-050,26.930000,75.800000,lit,2025-07-15,simulated,"ClearWay simulated sample data - NOT a real observation, generated by data/generate_sample_data.py"
SIM-LGT-036-051,26.930000,75.805000,lit,2025-08-31,simulated,"ClearWay simulated sample data - NOT a real observation, generated by data/generate_sample_data.py"
SIM-LGT-036-052,26.930000,75.810000,partial,2026-05-03,simulated,"ClearWay simulated sample data - NOT a real observation, generated by data/generate_sample_data.py"
SIM-LGT-036-053,26.930000,75.815000,unlit,2026-04-03,simulated,"ClearWay simulated sample data - NOT a real observation, generated by data/generate_sample_data.py"
SIM-LGT-036-054,26.930000,75.820000,lit,2025-07-28,simulated,"ClearWay simulated sample data - NOT a real observation, generated by data/generate_sample_data.py"
SIM-LGT-036-055,26.930000,75.825000,lit,2025-08-12,simulated,"ClearWay simulated sample data - NOT a real observation, generated by data/generate_sample_data.py"
SIM-LGT-036-056,26.930000,75.830000,partial,2025-05-30,simulated,"ClearWay simulated sample data - NOT a real observation, generated by data/generate_sample_data.py"
SIM-LGT-036-057,26.930000,75.835000,partial,2025-11-01,simulated,"ClearWay simulated sample data - NOT a real observation, generated by data/generate_sample_data.py"
SIM-LGT-036-058,26.930000,75.840000,lit,2026-03-01,simulated,"ClearWay simulated sample data - NOT a real observation, generated by data/generate_sample_data.py"
SIM-LGT-036-059,26.930000,75.845000,lit,2026-03-22,simulated,"ClearWay simulated sample data - NOT a real observation, generated by data/generate_sample_data.py"
SIM-LGT-036-060,26.930000,75.850000,unlit,2025-08-21,simulated,"ClearWay simulated sample data - NOT a real observation, generated by data/generate_sample_data.py"
SIM-LGT-036-061,26.930000,75.855000,lit,2025-06-02,simulated,"ClearWay simulated sample data - NOT a real observation, generated by data/generate_sample_data.py"
SIM-LGT-036-062,26.930000,75.860000,lit,2026-02-07,simulated,"ClearWay simulated sample data - NOT a real observation, generated by data/generate_sample_data.py"
SIM-LGT-036-063,26.930000,75.865000,partial,2026-01-01,simulated,"ClearWay simulated sample data - NOT a real observation, generated by data/generate_sample_data.py"
SIM-LGT-036-064,26.930000,75.870000,partial,2026-08-08,simulated,"ClearWay simulated sample data - NOT a real observation, generated by data/generate_sample_data.py"
SIM-LGT-036-065,26.930000,75.875000,lit,2025-11-21,simulated,"ClearWay simulated sample data - NOT a real observation, generated by data/generate_sample_data.py"
SIM-LGT-036-066,26.930000,75.880000,lit,2026-01-25,simulated,"ClearWay simulated sample data - NOT a real observation, generated by data/generate_sample_data.py"
SIM-LGT-036-067,26.930000,75.885000,lit,2026-04-30,simulated,"ClearWay simulated sample data - NOT a real observation, generated by data/generate_sample_data.py"
SIM-LGT-036-068,26.930000,75.890000,lit,2026-02-17,simulated,"ClearWay simulated sample data - NOT a real observation, generated by data/generate_sample_data.py"
SIM-LGT-036-069,26.930000,75.895000,partial,2025-11-28,simulated,"ClearWay simulated sample data - NOT a real observation, generated by data/generate_sample_data.py"
SIM-LGT-036-070,26.930000,75.900000,lit,2025-11-27,simulated,"ClearWay simulated sample data - NOT a real observation, generated by data/generate_sample_data.py"
SIM-LGT-037-000,26.935000,75.550000,partial,2026-05-08,simulated,"ClearWay simulated sample data - NOT a real observation, generated by data/generate_sample_data.py"
SIM-LGT-037-001,26.935000,75.555000,unlit,2025-10-14,simulated,"ClearWay simulated sample data - NOT a real observation, generated by data/generate_sample_data.py"
SIM-LGT-037-002,26.935000,75.560000,lit,2026-05-05,simulated,"ClearWay simulated sample data - NOT a real observation, generated by data/generate_sample_data.py"
SIM-LGT-037-003,26.935000,75.565000,lit,2025-12-27,simulated,"ClearWay simulated sample data - NOT a real observation, generated by data/generate_sample_data.py"
SIM-LGT-037-004,26.935000,75.570000,lit,2025-06-10,simulated,"ClearWay simulated sample data - NOT a real observation, generated by data/generate_sample_data.py"
SIM-LGT-037-005,26.935000,75.575000,lit,2026-07-10,simulated,"ClearWay simulated sample data - NOT a real observation, generated by data/generate_sample_data.py"
SIM-LGT-037-006,26.935000,75.580000,lit,2025-11-06,simulated,"ClearWay simulated sample data - NOT a real observation, generated by data/generate_sample_data.py"
SIM-LGT-037-007,26.935000,75.585000,partial,2025-09-06,simulated,"ClearWay simulated sample data - NOT a real observation, generated by data/generate_sample_data.py"
SIM-LGT-037-008,26.935000,75.590000,lit,2026-05-05,simulated,"ClearWay simulated sample data - NOT a real observation, generated by data/generate_sample_data.py"
SIM-LGT-037-009,26.935000,75.595000,lit,2025-11-06,simulated,"ClearWay simulated sample data - NOT a real observation, generated by data/generate_sample_data.py"
SIM-LGT-037-010,26.935000,75.600000,lit,2025-09-05,simulated,"ClearWay simulated sample data - NOT a real observation, generated by data/generate_sample_data.py"
SIM-LGT-037-011,26.935000,75.605000,lit,2026-02-23,simulated,"ClearWay simulated sample data - NOT a real observation, generated by data/generate_sample_data.py"
SIM-LGT-037-012,26.935000,75.610000,lit,2025-07-13,simulated,"ClearWay simulated sample data - NOT a real observation, generated by data/generate_sample_data.py"
SIM-LGT-037-013,26.935000,75.615000,partial,2026-07-16,simulated,"ClearWay simulated sample data - NOT a real observation, generated by data/generate_sample_data.py"
SIM-LGT-037-014,26.935000,75.620000,lit,2026-04-29,simulated,"ClearWay simulated sample data - NOT a real observation, generated by data/generate_sample_data.py"
SIM-LGT-037-015,26.935000,75.625000,lit,2026-06-27,simulated,"ClearWay simulated sample data - NOT a real observation, generated by data/generate_sample_data.py"
SIM-LGT-037-016,26.935000,75.630000,lit,2026-07-15,simulated,"ClearWay simulated sample data - NOT a real observation, generated by data/generate_sample_data.py"
SIM-LGT-037-017,26.935000,75.635000,partial,2026-05-13,simulated,"ClearWay simulated sample data - NOT a real observation, generated by data/generate_sample_data.py"
SIM-LGT-037-018,26.935000,75.640000,lit,2026-03-07,simulated,"ClearWay simulated sample data - NOT a real observation, generated by data/generate_sample_data.py"
SIM-LGT-037-019,26.935000,75.645000,partial,2025-07-09,simulated,"ClearWay simulated sample data - NOT a real observation, generated by data/generate_sample_data.py"
SIM-LGT-037-020,26.935000,75.650000,unlit,2025-12-31,simulated,"ClearWay simulated sample data - NOT a real observation, generated by data/generate_sample_data.py"
SIM-LGT-037-021,26.935000,75.655000,partial,2026-01-01,simulated,"ClearWay simulated sample data - NOT a real observation, generated by data/generate_sample_data.py"
SIM-LGT-037-022,26.935000,75.660000,lit,2026-01-05,simulated,"ClearWay simulated sample data - NOT a real observation, generated by data/generate_sample_data.py"
SIM-LGT-037-023,26.935000,75.665000,partial,2026-07-10,simulated,"ClearWay simulated sample data - NOT a real observation, generated by data/generate_sample_data.py"
SIM-LGT-037-024,26.935000,75.670000,lit,2025-10-31,simulated,"ClearWay simulated sample data - NOT a real observation, generated by data/generate_sample_data.py"
SIM-LGT-037-025,26.935000,75.675000,lit,2026-02-23,simulated,"ClearWay simulated sample data - NOT a real observation, generated by data/generate_sample_data.py"
SIM-LGT-037-026,26.935000,75.680000,lit,2025-06-07,simulated,"ClearWay simulated sample data - NOT a real observation, generated by data/generate_sample_data.py"
SIM-LGT-037-027,26.935000,75.685000,lit,2025-12-08,simulated,"ClearWay simulated sample data - NOT a real observation, generated by data/generate_sample_data.py"
SIM-LGT-037-028,26.935000,75.690000,partial,2026-08-24,simulated,"ClearWay simulated sample data - NOT a real observation, generated by data/generate_sample_data.py"
SIM-LGT-037-029,26.935000,75.695000,partial,2025-05-01,simulated,"ClearWay simulated sample data - NOT a real observation, generated by data/generate_sample_data.py"
SIM-LGT-037-030,26.935000,75.700000,lit,2026-04-24,simulated,"ClearWay simulated sample data - NOT a real observation, generated by data/generate_sample_data.py"
SIM-LGT-037-031,26.935000,75.705000,lit,2026-08-28,simulated,"ClearWay simulated sample data - NOT a real observation, generated by data/generate_sample_data.py"
SIM-LGT-037-032,26.935000,75.710000,partial,2025-12-08,simulated,"ClearWay simulated sample data - NOT a real observation, generated by data/generate_sample_data.py"
SIM-LGT-037-033,26.935000,75.715000,lit,2026-01-19,simulated,"ClearWay simulated sample data - NOT a real observation, generated by data/generate_sample_data.py"
SIM-LGT-037-034,26.935000,75.720000,lit,2026-07-14,simulated,"ClearWay simulated sample data - NOT a real observation, generated by data/generate_sample_data.py"
SIM-LGT-037-035,26.935000,75.725000,partial,2025-11-02,simulated,"ClearWay simulated sample data - NOT a real observation, generated by data/generate_sample_data.py"
SIM-LGT-037-036,26.935000,75.730000,lit,2026-09-04,simulated,"ClearWay simulated sample data - NOT a real observation, generated by data/generate_sample_data.py"
SIM-LGT-037-037,26.935000,75.735000,partial,2026-03-25,simulated,"ClearWay simulated sample data - NOT a real observation, generated by data/generate_sample_data.py"
SIM-LGT-037-038,26.935000,75.740000,lit,2026-03-11,simulated,"ClearWay simulated sample data - NOT a real observation, generated by data/generate_sample_data.py"
SIM-LGT-037-039,26.935000,75.745000,lit,2026-07-07,simulated,"ClearWay simulated sample data - NOT a real observation, generated by data/generate_sample_data.py"
SIM-LGT-037-040,26.935000,75.750000,lit,2026-02-03,simulated,"ClearWay simulated sample data - NOT a real observation, generated by data/generate_sample_data.py"
SIM-LGT-037-041,26.935000,75.755000,lit,2026-02-14,simulated,"ClearWay simulated sample data - NOT a real observation, generated by data/generate_sample_data.py"
SIM-LGT-037-042,26.935000,75.760000,lit,2025-07-24,simulated,"ClearWay simulated sample data - NOT a real observation, generated by data/generate_sample_data.py"
SIM-LGT-037-043,26.935000,75.765000,lit,2026-07-28,simulated,"ClearWay simulated sample data - NOT a real observation, generated by data/generate_sample_data.py"
SIM-LGT-037-044,26.935000,75.770000,partial,2026-04-29,simulated,"ClearWay simulated sample data - NOT a real observation, generated by data/generate_sample_data.py"
SIM-LGT-037-045,26.935000,75.775000,lit,2025-06-01,simulated,"ClearWay simulated sample data - NOT a real observation, generated by data/generate_sample_data.py"
SIM-LGT-037-046,26.935000,75.780000,unlit,2025-09-27,simulated,"ClearWay simulated sample data - NOT a real observation, generated by data/generate_sample_data.py"
SIM-LGT-037-047,26.935000,75.785000,lit,2026-03-25,simulated,"ClearWay simulated sample data - NOT a real observation, generated by data/generate_sample_data.py"
SIM-LGT-037-048,26.935000,75.790000,unlit,2026-08-24,simulated,"ClearWay simulated sample data - NOT a real observation, generated by data/generate_sample_data.py"
SIM-LGT-037-049,26.935000,75.795000,unlit,2025-11-04,simulated,"ClearWay simulated sample data - NOT a real observation, generated by data/generate_sample_data.py"
SIM-LGT-037-050,26.935000,75.800000,lit,2026-03-01,simulated,"ClearWay simulated sample data - NOT a real observation, generated by data/generate_sample_data.py"
SIM-LGT-037-051,26.935000,75.805000,lit,2026-04-10,simulated,"ClearWay simulated sample data - NOT a real observation, generated by data/generate_sample_data.py"
SIM-LGT-037-052,26.935000,75.810000,lit,2026-08-28,simulated,"ClearWay simulated sample data - NOT a real observation, generated by data/generate_sample_data.py"
SIM-LGT-037-053,26.935000,75.815000,partial,2026-07-07,simulated,"ClearWay simulated sample data - NOT a real observation, generated by data/generate_sample_data.py"
SIM-LGT-037-054,26.935000,75.820000,unlit,2025-07-28,simulated,"ClearWay simulated sample data - NOT a real observation, generated by data/generate_sample_data.py"
SIM-LGT-037-055,26.935000,75.825000,unlit,2025-12-01,simulated,"ClearWay simulated sample data - NOT a real observation, generated by data/generate_sample_data.py"
SIM-LGT-037-056,26.935000,75.830000,unlit,2026-04-07,simulated,"ClearWay simulated sample data - NOT a real observation, generated by data/generate_sample_data.py"
SIM-LGT-037-057,26.935000,75.835000,lit,2025-05-05,simulated,"ClearWay simulated sample data - NOT a real observation, generated by data/generate_sample_data.py"
SIM-LGT-037-058,26.935000,75.840000,lit,2026-01-12,simulated,"ClearWay simulated sample data - NOT a real observation, generated by data/generate_sample_data.py"
SIM-LGT-037-059,26.935000,75.845000,partial,2026-08-10,simulated,"ClearWay simulated sample data - NOT a real observation, generated by data/generate_sample_data.py"
SIM-LGT-037-060,26.935000,75.850000,lit,2026-05-15,simulated,"ClearWay simulated sample data - NOT a real observation, generated by data/generate_sample_data.py"
SIM-LGT-037-061,26.935000,75.855000,lit,2026-01-20,simulated,"ClearWay simulated sample data - NOT a real observation, generated by data/generate_sample_data.py"
SIM-LGT-037-062,26.935000,75.860000,partial,2026-03-14,simulated,"ClearWay simulated sample data - NOT a real observation, generated by data/generate_sample_data.py"
SIM-LGT-037-063,26.935000,75.865000,unlit,2025-04-27,simulated,"ClearWay simulated sample data - NOT a real observation, generated by data/generate_sample_data.py"
SIM-LGT-037-064,26.935000,75.870000,lit,2026-06-22,simulated,"ClearWay simulated sample data - NOT a real observation, generated by data/generate_sample_data.py"
SIM-LGT-037-065,26.935000,75.875000,partial,2025-11-11,simulated,"ClearWay simulated sample data - NOT a real observation, generated by data/generate_sample_data.py"
SIM-LGT-037-066,26.935000,75.880000,lit,2026-06-19,simulated,"ClearWay simulated sample data - NOT a real observation, generated by data/generate_sample_data.py"
SIM-LGT-037-067,26.935000,75.885000,lit,2025-12-28,simulated,"ClearWay simulated sample data - NOT a real observation, generated by data/generate_sample_data.py"
SIM-LGT-037-068,26.935000,75.890000,lit,2025-05-16,simulated,"ClearWay simulated sample data - NOT a real observation, generated by data/generate_sample_data.py"
SIM-LGT-037-069,26.935000,75.895000,partial,2025-04-18,simulated,"ClearWay simulated sample data - NOT a real observation, generated by data/generate_sample_data.py"
SIM-LGT-037-070,26.935000,75.900000,lit,2026-03-20,simulated,"ClearWay simulated sample data - NOT a real observation, generated by data/generate_sample_data.py"
SIM-LGT-038-000,26.940000,75.550000,lit,2025-11-03,simulated,"ClearWay simulated sample data - NOT a real observation, generated by data/generate_sample_data.py"
SIM-LGT-038-001,26.940000,75.555000,partial,2026-09-07,simulated,"ClearWay simulated sample data - NOT a real observation, generated by data/generate_sample_data.py"
SIM-LGT-038-002,26.940000,75.560000,partial,2025-11-20,simulated,"ClearWay simulated sample data - NOT a real observation, generated by data/generate_sample_data.py"
SIM-LGT-038-003,26.940000,75.565000,lit,2025-05-25,simulated,"ClearWay simulated sample data - NOT a real observation, generated by data/generate_sample_data.py"
SIM-LGT-038-004,26.940000,75.570000,partial,2025-11-02,simulated,"ClearWay simulated sample data - NOT a real observation, generated by data/generate_sample_data.py"
SIM-LGT-038-005,26.940000,75.575000,lit,2026-06-13,simulated,"ClearWay simulated sample data - NOT a real observation, generated by data/generate_sample_data.py"
SIM-LGT-038-006,26.940000,75.580000,lit,2025-10-26,simulated,"ClearWay simulated sample data - NOT a real observation, generated by data/generate_sample_data.py"
SIM-LGT-038-007,26.940000,75.585000,lit,2025-12-11,simulated,"ClearWay simulated sample data - NOT a real observation, generated by data/generate_sample_data.py"
SIM-LGT-038-008,26.940000,75.590000,partial,2026-04-19,simulated,"ClearWay simulated sample data - NOT a real observation, generated by data/generate_sample_data.py"
SIM-LGT-038-009,26.940000,75.595000,lit,2026-01-13,simulated,"ClearWay simulated sample data - NOT a real observation, generated by data/generate_sample_data.py"
SIM-LGT-038-010,26.940000,75.600000,lit,2025-07-17,simulated,"ClearWay simulated sample data - NOT a real observation, generated by data/generate_sample_data.py"
SIM-LGT-038-011,26.940000,75.605000,lit,2025-05-13,simulated,"ClearWay simulated sample data - NOT a real observation, generated by data/generate_sample_data.py"
SIM-LGT-038-012,26.940000,75.610000,unlit,2026-01-09,simulated,"ClearWay simulated sample data - NOT a real observation, generated by data/generate_sample_data.py"
SIM-LGT-038-013,26.940000,75.615000,lit,2025-12-04,simulated,"ClearWay simulated sample data - NOT a real observation, generated by data/generate_sample_data.py"
SIM-LGT-038-014,26.940000,75.620000,lit,2025-06-01,simulated,"ClearWay simulated sample data - NOT a real observation, generated by data/generate_sample_data.py"
SIM-LGT-038-015,26.940000,75.625000,lit,2025-06-29,simulated,"ClearWay simulated sample data - NOT a real observation, generated by data/generate_sample_data.py"
SIM-LGT-038-016,26.940000,75.630000,lit,2026-02-18,simulated,"ClearWay simulated sample data - NOT a real observation, generated by data/generate_sample_data.py"
SIM-LGT-038-017,26.940000,75.635000,lit,2025-09-30,simulated,"ClearWay simulated sample data - NOT a real observation, generated by data/generate_sample_data.py"
SIM-LGT-038-018,26.940000,75.640000,lit,2025-11-24,simulated,"ClearWay simulated sample data - NOT a real observation, generated by data/generate_sample_data.py"
SIM-LGT-038-019,26.940000,75.645000,lit,2026-05-26,simulated,"ClearWay simulated sample data - NOT a real observation, generated by data/generate_sample_data.py"
SIM-LGT-038-020,26.940000,75.650000,partial,2026-04-30,simulated,"ClearWay simulated sample data - NOT a real observation, generated by data/generate_sample_data.py"
SIM-LGT-038-021,26.940000,75.655000,partial,2026-05-25,simulated,"ClearWay simulated sample data - NOT a real observation, generated by data/generate_sample_data.py"
SIM-LGT-038-022,26.940000,75.660000,unlit,2025-04-27,simulated,"ClearWay simulated sample data - NOT a real observation, generated by data/generate_sample_data.py"
SIM-LGT-038-023,26.940000,75.665000,partial,2026-05-03,simulated,"ClearWay simulated sample data - NOT a real observation, generated by data/generate_sample_data.py"
SIM-LGT-038-024,26.940000,75.670000,unlit,2025-07-02,simulated,"ClearWay simulated sample data - NOT a real observation, generated by data/generate_sample_data.py"
SIM-LGT-038-025,26.940000,75.675000,partial,2026-05-25,simulated,"ClearWay simulated sample data - NOT a real observation, generated by data/generate_sample_data.py"
SIM-LGT-038-026,26.940000,75.680000,partial,2025-11-07,simulated,"ClearWay simulated sample data - NOT a real observation, generated by data/generate_sample_data.py"
SIM-LGT-038-027,26.940000,75.685000,partial,2025-06-11,simulated,"ClearWay simulated sample data - NOT a real observation, generated by data/generate_sample_data.py"
SIM-LGT-038-028,26.940000,75.690000,unlit,2025-05-04,simulated,"ClearWay simulated sample data - NOT a real observation, generated by data/generate_sample_data.py"
SIM-LGT-038-029,26.940000,75.695000,partial,2025-05-22,simulated,"ClearWay simulated sample data - NOT a real observation, generated by data/generate_sample_data.py"
SIM-LGT-038-030,26.940000,75.700000,lit,2025-12-10,simulated,"ClearWay simulated sample data - NOT a real observation, generated by data/generate_sample_data.py"
SIM-LGT-038-031,26.940000,75.705000,partial,2026-08-10,simulated,"ClearWay simulated sample data - NOT a real observation, generated by data/generate_sample_data.py"
SIM-LGT-038-032,26.940000,75.710000,lit,2026-02-03,simulated,"ClearWay simulated sample data - NOT a real observation, generated by data/generate_sample_data.py"
SIM-LGT-038-033,26.940000,75.715000,partial,2026-04-04,simulated,"ClearWay simulated sample data - NOT a real observation, generated by data/generate_sample_data.py"
SIM-LGT-038-034,26.940000,75.720000,partial,2025-05-13,simulated,"ClearWay simulated sample data - NOT a real observation, generated by data/generate_sample_data.py"
SIM-LGT-038-035,26.940000,75.725000,unlit,2025-05-01,simulated,"ClearWay simulated sample data - NOT a real observation, generated by data/generate_sample_data.py"
SIM-LGT-038-036,26.940000,75.730000,lit,2025-08-07,simulated,"ClearWay simulated sample data - NOT a real observation, generated by data/generate_sample_data.py"
SIM-LGT-038-037,26.940000,75.735000,partial,2026-04-26,simulated,"ClearWay simulated sample data - NOT a real observation, generated by data/generate_sample_data.py"
SIM-LGT-038-038,26.940000,75.740000,lit,2025-12-09,simulated,"ClearWay simulated sample data - NOT a real observation, generated by data/generate_sample_data.py"
SIM-LGT-038-039,26.940000,75.745000,lit,2026-07-25,simulated,"ClearWay simulated sample data - NOT a real observation, generated by data/generate_sample_data.py"
SIM-LGT-038-040,26.940000,75.750000,lit,2025-11-23,simulated,"ClearWay simulated sample data - NOT a real observation, generated by data/generate_sample_data.py"
SIM-LGT-038-041,26.940000,75.755000,lit,2026-05-18,simulated,"ClearWay simulated sample data - NOT a real observation, generated by data/generate_sample_data.py"
SIM-LGT-038-042,26.940000,75.760000,partial,2025-08-01,simulated,"ClearWay simulated sample data - NOT a real observation, generated by data/generate_sample_data.py"
SIM-LGT-038-043,26.940000,75.765000,lit,2026-01-30,simulated,"ClearWay simulated sample data - NOT a real observation, generated by data/generate_sample_data.py"
SIM-LGT-038-044,26.940000,75.770000,lit,2026-01-28,simulated,"ClearWay simulated sample data - NOT a real observation, generated by data/generate_sample_data.py"
SIM-LGT-038-045,26.940000,75.775000,lit,2026-08-31,simulated,"ClearWay simulated sample data - NOT a real observation, generated by data/generate_sample_data.py"
SIM-LGT-038-046,26.940000,75.780000,lit,2026-01-17,simulated,"ClearWay simulated sample data - NOT a real observation, generated by data/generate_sample_data.py"
SIM-LGT-038-047,26.940000,75.785000,lit,2025-06-16,simulated,"ClearWay simulated sample data - NOT a real observation, generated by data/generate_sample_data.py"
SIM-LGT-038-048,26.940000,75.790000,partial,2025-05-17,simulated,"ClearWay simulated sample data - NOT a real observation, generated by data/generate_sample_data.py"
SIM-LGT-038-049,26.940000,75.795000,partial,2025-04-26,simulated,"ClearWay simulated sample data - NOT a real observation, generated by data/generate_sample_data.py"
SIM-LGT-038-050,26.940000,75.800000,lit,2025-05-15,simulated,"ClearWay simulated sample data - NOT a real observation, generated by data/generate_sample_data.py"
SIM-LGT-038-051,26.940000,75.805000,partial,2025-12-08,simulated,"ClearWay simulated sample data - NOT a real observation, generated by data/generate_sample_data.py"
SIM-LGT-038-052,26.940000,75.810000,lit,2026-01-24,simulated,"ClearWay simulated sample data - NOT a real observation, generated by data/generate_sample_data.py"
SIM-LGT-038-053,26.940000,75.815000,lit,2026-02-28,simulated,"ClearWay simulated sample data - NOT a real observation, generated by data/generate_sample_data.py"
SIM-LGT-038-054,26.940000,75.820000,unlit,2026-05-26,simulated,"ClearWay simulated sample data - NOT a real observation, generated by data/generate_sample_data.py"
SIM-LGT-038-055,26.940000,75.825000,partial,2026-05-27,simulated,"ClearWay simulated sample data - NOT a real observation, generated by data/generate_sample_data.py"
SIM-LGT-038-056,26.940000,75.830000,unlit,2025-08-15,simulated,"ClearWay simulated sample data - NOT a real observation, generated by data/generate_sample_data.py"
SIM-LGT-038-057,26.940000,75.835000,lit,2025-12-16,simulated,"ClearWay simulated sample data - NOT a real observation, generated by data/generate_sample_data.py"
SIM-LGT-038-058,26.940000,75.840000,lit,2025-12-24,simulated,"ClearWay simulated sample data - NOT a real observation, generated by data/generate_sample_data.py"
SIM-LGT-038-059,26.940000,75.845000,unlit,2025-06-08,simulated,"ClearWay simulated sample data - NOT a real observation, generated by data/generate_sample_data.py"
SIM-LGT-038-060,26.940000,75.850000,lit,2026-03-31,simulated,"ClearWay simulated sample data - NOT a real observation, generated by data/generate_sample_data.py"
SIM-LGT-038-061,26.940000,75.855000,lit,2026-07-31,simulated,"ClearWay simulated sample data - NOT a real observation, generated by data/generate_sample_data.py"
SIM-LGT-038-062,26.940000,75.860000,unlit,2025-06-25,simulated,"ClearWay simulated sample data - NOT a real observation, generated by data/generate_sample_data.py"
SIM-LGT-038-063,26.940000,75.865000,partial,2026-02-09,simulated,"ClearWay simulated sample data - NOT a real observation, generated by data/generate_sample_data.py"
SIM-LGT-038-064,26.940000,75.870000,lit,2025-10-14,simulated,"ClearWay simulated sample data - NOT a real observation, generated by data/generate_sample_data.py"
SIM-LGT-038-065,26.940000,75.875000,lit,2026-08-21,simulated,"ClearWay simulated sample data - NOT a real observation, generated by data/generate_sample_data.py"
SIM-LGT-038-066,26.940000,75.880000,lit,2025-11-03,simulated,"ClearWay simulated sample data - NOT a real observation, generated by data/generate_sample_data.py"
SIM-LGT-038-067,26.940000,75.885000,partial,2026-07-08,simulated,"ClearWay simulated sample data - NOT a real observation, generated by data/generate_sample_data.py"
SIM-LGT-038-068,26.940000,75.890000,partial,2026-06-11,simulated,"ClearWay simulated sample data - NOT a real observation, generated by data/generate_sample_data.py"
SIM-LGT-038-069,26.940000,75.895000,unlit,2026-05-25,simulated,"ClearWay simulated sample data - NOT a real observation, generated by data/generate_sample_data.py"
SIM-LGT-038-070,26.940000,75.900000,lit,2025-06-14,simulated,"ClearWay simulated sample data - NOT a real observation, generated by data/generate_sample_data.py"
SIM-LGT-039-000,26.945000,75.550000,lit,2026-02-09,simulated,"ClearWay simulated sample data - NOT a real observation, generated by data/generate_sample_data.py"
SIM-LGT-039-001,26.945000,75.555000,lit,2025-10-18,simulated,"ClearWay simulated sample data - NOT a real observation, generated by data/generate_sample_data.py"
SIM-LGT-039-002,26.945000,75.560000,lit,2025-07-29,simulated,"ClearWay simulated sample data - NOT a real observation, generated by data/generate_sample_data.py"
SIM-LGT-039-003,26.945000,75.565000,unlit,2026-01-03,simulated,"ClearWay simulated sample data - NOT a real observation, generated by data/generate_sample_data.py"
SIM-LGT-039-004,26.945000,75.570000,lit,2026-06-09,simulated,"ClearWay simulated sample data - NOT a real observation, generated by data/generate_sample_data.py"
SIM-LGT-039-005,26.945000,75.575000,partial,2026-06-24,simulated,"ClearWay simulated sample data - NOT a real observation, generated by data/generate_sample_data.py"
SIM-LGT-039-006,26.945000,75.580000,lit,2026-06-26,simulated,"ClearWay simulated sample data - NOT a real observation, generated by data/generate_sample_data.py"
SIM-LGT-039-007,26.945000,75.585000,lit,2025-09-12,simulated,"ClearWay simulated sample data - NOT a real observation, generated by data/generate_sample_data.py"
SIM-LGT-039-008,26.945000,75.590000,unlit,2026-05-25,simulated,"ClearWay simulated sample data - NOT a real observation, generated by data/generate_sample_data.py"
SIM-LGT-039-009,26.945000,75.595000,partial,2026-08-08,simulated,"ClearWay simulated sample data - NOT a real observation, generated by data/generate_sample_data.py"
SIM-LGT-039-010,26.945000,75.600000,lit,2025-09-14,simulated,"ClearWay simulated sample data - NOT a real observation, generated by data/generate_sample_data.py"
SIM-LGT-039-011,26.945000,75.605000,partial,2025-05-30,simulated,"ClearWay simulated sample data - NOT a real observation, generated by data/generate_sample_data.py"
SIM-LGT-039-012,26.945000,75.610000,lit,2026-03-08,simulated,"ClearWay simulated sample data - NOT a real observation, generated by data/generate_sample_data.py"
SIM-LGT-039-013,26.945000,75.615000,partial,2026-06-19,simulated,"ClearWay simulated sample data - NOT a real observation, generated by data/generate_sample_data.py"
SIM-LGT-039-014,26.945000,75.620000,lit,2026-03-04,simulated,"ClearWay simulated sample data - NOT a real observation, generated by data/generate_sample_data.py"
SIM-LGT-039-015,26.945000,75.625000,lit,2025-10-01,simulated,"ClearWay simulated sample data - NOT a real observation, generated by data/generate_sample_data.py"
SIM-LGT-039-016,26.945000,75.630000,partial,2025-05-09,simulated,"ClearWay simulated sample data - NOT a real observation, generated by data/generate_sample_data.py"
SIM-LGT-039-017,26.945000,75.635000,partial,2025-08-15,simulated,"ClearWay simulated sample data - NOT a real observation, generated by data/generate_sample_data.py"
SIM-LGT-039-018,26.945000,75.640000,lit,2026-08-30,simulated,"ClearWay simulated sample data - NOT a real observation, generated by data/generate_sample_data.py"
SIM-LGT-039-019,26.945000,75.645000,partial,2026-05-20,simulated,"ClearWay simulated sample data - NOT a real observation, generated by data/generate_sample_data.py"
SIM-LGT-039-020,26.945000,75.650000,partial,2026-03-10,simulated,"ClearWay simulated sample data - NOT a real observation, generated by data/generate_sample_data.py"
SIM-LGT-039-021,26.945000,75.655000,lit,2026-01-29,simulated,"ClearWay simulated sample data - NOT a real observation, generated by data/generate_sample_data.py"
SIM-LGT-039-022,26.945000,75.660000,lit,2025-09-17,simulated,"ClearWay simulated sample data - NOT a real observation, generated by data/generate_sample_data.py"
SIM-LGT-039-023,26.945000,75.665000,lit,2026-07-23,simulated,"ClearWay simulated sample data - NOT a real observation, generated by data/generate_sample_data.py"
SIM-LGT-039-024,26.945000,75.670000,lit,2026-06-30,simulated,"ClearWay simulated sample data - NOT a real observation, generated by data/generate_sample_data.py"
SIM-LGT-039-025,26.945000,75.675000,lit,2026-03-15,simulated,"ClearWay simulated sample data - NOT a real observation, generated by data/generate_sample_data.py"
SIM-LGT-039-026,26.945000,75.680000,lit,2026-05-19,simulated,"ClearWay simulated sample data - NOT a real observation, generated by data/generate_sample_data.py"
SIM-LGT-039-027,26.945000,75.685000,lit,2025-09-04,simulated,"ClearWay simulated sample data - NOT a real observation, generated by data/generate_sample_data.py"
SIM-LGT-039-028,26.945000,75.690000,partial,2025-08-07,simulated,"ClearWay simulated sample data - NOT a real observation, generated by data/generate_sample_data.py"
SIM-LGT-039-029,26.945000,75.695000,partial,2025-11-16,simulated,"ClearWay simulated sample data - NOT a real observation, generated by data/generate_sample_data.py"
SIM-LGT-039-030,26.945000,75.700000,partial,2026-01-24,simulated,"ClearWay simulated sample data - NOT a real observation, generated by data/generate_sample_data.py"
SIM-LGT-039-031,26.945000,75.705000,partial,2025-11-08,simulated,"ClearWay simulated sample data - NOT a real observation, generated by data/generate_sample_data.py"
SIM-LGT-039-032,26.945000,75.710000,unlit,2025-09-15,simulated,"ClearWay simulated sample data - NOT a real observation, generated by data/generate_sample_data.py"
SIM-LGT-039-033,26.945000,75.715000,lit,2025-11-11,simulated,"ClearWay simulated sample data - NOT a real observation, generated by data/generate_sample_data.py"
SIM-LGT-039-034,26.945000,75.720000,lit,2026-06-04,simulated,"ClearWay simulated sample data - NOT a real observation, generated by data/generate_sample_data.py"
SIM-LGT-039-035,26.945000,75.725000,lit,2025-12-02,simulated,"ClearWay simulated sample data - NOT a real observation, generated by data/generate_sample_data.py"
SIM-LGT-039-036,26.945000,75.730000,lit,2026-09-01,simulated,"ClearWay simulated sample data - NOT a real observation, generated by data/generate_sample_data.py"
SIM-LGT-039-037,26.945000,75.735000,partial,2025-10-08,simulated,"ClearWay simulated sample data - NOT a real observation, generated by data/generate_sample_data.py"
SIM-LGT-039-038,26.945000,75.740000,lit,2025-08-06,simulated,"ClearWay simulated sample data - NOT a real observation, generated by data/generate_sample_data.py"
SIM-LGT-039-039,26.945000,75.745000,partial,2026-06-20,simulated,"ClearWay simulated sample data - NOT a real observation, generated by data/generate_sample_data.py"
SIM-LGT-039-040,26.945000,75.750000,lit,2026-03-25,simulated,"ClearWay simulated sample data - NOT a real observation, generated by data/generate_sample_data.py"
SIM-LGT-039-041,26.945000,75.755000,lit,2026-01-10,simulated,"ClearWay simulated sample data - NOT a real observation, generated by data/generate_sample_data.py"
SIM-LGT-039-042,26.945000,75.760000,unlit,2025-05-29,simulated,"ClearWay simulated sample data - NOT a real observation, generated by data/generate_sample_data.py"
SIM-LGT-039-043,26.945000,75.765000,partial,2025-12-19,simulated,"ClearWay simulated sample data - NOT a real observation, generated by data/generate_sample_data.py"
SIM-LGT-039-044,26.945000,75.770000,lit,2026-02-05,simulated,"ClearWay simulated sample data - NOT a real observation, generated by data/generate_sample_data.py"
SIM-LGT-039-045,26.945000,75.775000,partial,2026-02-13,simulated,"ClearWay simulated sample data - NOT a real observation, generated by data/generate_sample_data.py"
SIM-LGT-039-046,26.945000,75.780000,partial,2025-06-11,simulated,"ClearWay simulated sample data - NOT a real observation, generated by data/generate_sample_data.py"
SIM-LGT-039-047,26.945000,75.785000,lit,2025-07-24,simulated,"ClearWay simulated sample data - NOT a real observation, generated by data/generate_sample_data.py"
SIM-LGT-039-048,26.945000,75.790000,lit,2026-01-18,simulated,"ClearWay simulated sample data - NOT a real observation, generated by data/generate_sample_data.py"
SIM-LGT-039-049,26.945000,75.795000,lit,2026-04-16,simulated,"ClearWay simulated sample data - NOT a real observation, generated by data/generate_sample_data.py"
SIM-LGT-039-050,26.945000,75.800000,lit,2025-10-31,simulated,"ClearWay simulated sample data - NOT a real observation, generated by data/generate_sample_data.py"
SIM-LGT-039-051,26.945000,75.805000,lit,2026-08-02,simulated,"ClearWay simulated sample data - NOT a real observation, generated by data/generate_sample_data.py"
SIM-LGT-039-052,26.945000,75.810000,unlit,2026-06-19,simulated,"ClearWay simulated sample data - NOT a real observation, generated by data/generate_sample_data.py"
SIM-LGT-039-053,26.945000,75.815000,partial,2025-04-24,simulated,"ClearWay simulated sample data - NOT a real observation, generated by data/generate_sample_data.py"
SIM-LGT-039-054,26.945000,75.820000,unlit,2026-04-27,simulated,"ClearWay simulated sample data - NOT a real observation, generated by data/generate_sample_data.py"
SIM-LGT-039-055,26.945000,75.825000,lit,2026-08-03,simulated,"ClearWay simulated sample data - NOT a real observation, generated by data/generate_sample_data.py"
SIM-LGT-039-056,26.945000,75.830000,lit,2025-12-01,simulated,"ClearWay simulated sample data - NOT a real observation, generated by data/generate_sample_data.py"
SIM-LGT-039-057,26.945000,75.835000,lit,2025-05-14,simulated,"ClearWay simulated sample data - NOT a real observation, generated by data/generate_sample_data.py"
SIM-LGT-039-058,26.945000,75.840000,lit,2026-08-27,simulated,"ClearWay simulated sample data - NOT a real observation, generated by data/generate_sample_data.py"
SIM-LGT-039-059,26.945000,75.845000,lit,2025-07-20,simulated,"ClearWay simulated sample data - NOT a real observation, generated by data/generate_sample_data.py"
SIM-LGT-039-060,26.945000,75.850000,partial,2026-04-17,simulated,"ClearWay simulated sample data - NOT a real observation, generated by data/generate_sample_data.py"
SIM-LGT-039-061,26.945000,75.855000,lit,2025-12-15,simulated,"ClearWay simulated sample data - NOT a real observation, generated by data/generate_sample_data.py"
SIM-LGT-039-062,26.945000,75.860000,lit,2026-06-12,simulated,"ClearWay simulated sample data - NOT a real observation, generated by data/generate_sample_data.py"
SIM-LGT-039-063,26.945000,75.865000,lit,2025-11-04,simulated,"ClearWay simulated sample data - NOT a real observation, generated by data/generate_sample_data.py"
SIM-LGT-039-064,26.945000,75.870000,partial,2025-05-20,simulated,"ClearWay simulated sample data - NOT a real observation, generated by data/generate_sample_data.py"
SIM-LGT-039-065,26.945000,75.875000,lit,2025-08-14,simulated,"ClearWay simulated sample data - NOT a real observation, generated by data/generate_sample_data.py"
SIM-LGT-039-066,26.945000,75.880000,lit,2025-11-26,simulated,"ClearWay simulated sample data - NOT a real observation, generated by data/generate_sample_data.py"
SIM-LGT-039-067,26.945000,75.885000,unlit,2026-04-23,simulated,"ClearWay simulated sample data - NOT a real observation, generated by data/generate_sample_data.py"
SIM-LGT-039-068,26.945000,75.890000,partial,2026-08-14,simulated,"ClearWay simulated sample data - NOT a real observation, generated by data/generate_sample_data.py"
SIM-LGT-039-069,26.945000,75.895000,lit,2025-12-15,simulated,"ClearWay simulated sample data - NOT a real observation, generated by data/generate_sample_data.py"
SIM-LGT-039-070,26.945000,75.900000,partial,2026-04-04,simulated,"ClearWay simulated sample data - NOT a real observation, generated by data/generate_sample_data.py"
SIM-LGT-040-000,26.950000,75.550000,lit,2026-02-28,simulated,"ClearWay simulated sample data - NOT a real observation, generated by data/generate_sample_data.py"
SIM-LGT-040-001,26.950000,75.555000,lit,2025-05-10,simulated,"ClearWay simulated sample data - NOT a real observation, generated by data/generate_sample_data.py"
SIM-LGT-040-002,26.950000,75.560000,lit,2026-07-10,simulated,"ClearWay simulated sample data - NOT a real observation, generated by data/generate_sample_data.py"
SIM-LGT-040-003,26.950000,75.565000,lit,2026-04-01,simulated,"ClearWay simulated sample data - NOT a real observation, generated by data/generate_sample_data.py"
SIM-LGT-040-004,26.950000,75.570000,lit,2025-08-10,simulated,"ClearWay simulated sample data - NOT a real observation, generated by data/generate_sample_data.py"
SIM-LGT-040-005,26.950000,75.575000,partial,2026-03-01,simulated,"ClearWay simulated sample data - NOT a real observation, generated by data/generate_sample_data.py"
SIM-LGT-040-006,26.950000,75.580000,partial,2025-05-05,simulated,"ClearWay simulated sample data - NOT a real observation, generated by data/generate_sample_data.py"
SIM-LGT-040-007,26.950000,75.585000,lit,2026-07-26,simulated,"ClearWay simulated sample data - NOT a real observation, generated by data/generate_sample_data.py"
SIM-LGT-040-008,26.950000,75.590000,lit,2026-06-09,simulated,"ClearWay simulated sample data - NOT a real observation, generated by data/generate_sample_data.py"
SIM-LGT-040-009,26.950000,75.595000,unlit,2025-12-09,simulated,"ClearWay simulated sample data - NOT a real observation, generated by data/generate_sample_data.py"
SIM-LGT-040-010,26.950000,75.600000,partial,2026-06-16,simulated,"ClearWay simulated sample data - NOT a real observation, generated by data/generate_sample_data.py"
SIM-LGT-040-011,26.950000,75.605000,lit,2026-04-12,simulated,"ClearWay simulated sample data - NOT a real observation, generated by data/generate_sample_data.py"
SIM-LGT-040-012,26.950000,75.610000,lit,2026-08-13,simulated,"ClearWay simulated sample data - NOT a real observation, generated by data/generate_sample_data.py"
SIM-LGT-040-013,26.950000,75.615000,lit,2026-04-29,simulated,"ClearWay simulated sample data - NOT a real observation, generated by data/generate_sample_data.py"
SIM-LGT-040-014,26.950000,75.620000,lit,2025-06-02,simulated,"ClearWay simulated sample data - NOT a real observation, generated by data/generate_sample_data.py"
SIM-LGT-040-015,26.950000,75.625000,lit,2026-05-22,simulated,"ClearWay simulated sample data - NOT a real observation, generated by data/generate_sample_data.py"
SIM-LGT-040-016,26.950000,75.630000,lit,2026-05-05,simulated,"ClearWay simulated sample data - NOT a real observation, generated by data/generate_sample_data.py"
SIM-LGT-040-017,26.950000,75.635000,partial,2026-04-06,simulated,"ClearWay simulated sample data - NOT a real observation, generated by data/generate_sample_data.py"
SIM-LGT-040-018,26.950000,75.640000,lit,2025-07-03,simulated,"ClearWay simulated sample data - NOT a real observation, generated by data/generate_sample_data.py"
SIM-LGT-040-019,26.950000,75.645000,lit,2026-03-28,simulated,"ClearWay simulated sample data - NOT a real observation, generated by data/generate_sample_data.py"
SIM-LGT-040-020,26.950000,75.650000,partial,2025-10-29,simulated,"ClearWay simulated sample data - NOT a real observation, generated by data/generate_sample_data.py"
SIM-LGT-040-021,26.950000,75.655000,lit,2026-07-28,simulated,"ClearWay simulated sample data - NOT a real observation, generated by data/generate_sample_data.py"
SIM-LGT-040-022,26.950000,75.660000,partial,2026-07-07,simulated,"ClearWay simulated sample data - NOT a real observation, generated by data/generate_sample_data.py"
SIM-LGT-040-023,26.950000,75.665000,lit,2025-05-19,simulated,"ClearWay simulated sample data - NOT a real observation, generated by data/generate_sample_data.py"
SIM-LGT-040-024,26.950000,75.670000,partial,2025-10-02,simulated,"ClearWay simulated sample data - NOT a real observation, generated by data/generate_sample_data.py"
SIM-LGT-040-025,26.950000,75.675000,partial,2025-08-10,simulated,"ClearWay simulated sample data - NOT a real observation, generated by data/generate_sample_data.py"
SIM-LGT-040-026,26.950000,75.680000,partial,2026-08-05,simulated,"ClearWay simulated sample data - NOT a real observation, generated by data/generate_sample_data.py"
SIM-LGT-040-027,26.950000,75.685000,lit,2025-10-15,simulated,"ClearWay simulated sample data - NOT a real observation, generated by data/generate_sample_data.py"
SIM-LGT-040-028,26.950000,75.690000,partial,2026-05-14,simulated,"ClearWay simulated sample data - NOT a real observation, generated by data/generate_sample_data.py"
SIM-LGT-040-029,26.950000,75.695000,partial,2026-07-13,simulated,"ClearWay simulated sample data - NOT a real observation, generated by data/generate_sample_data.py"
SIM-LGT-040-030,26.950000,75.700000,lit,2025-07-10,simulated,"ClearWay simulated sample data - NOT a real observation, generated by data/generate_sample_data.py"
SIM-LGT-040-031,26.950000,75.705000,unlit,2025-09-24,simulated,"ClearWay simulated sample data - NOT a real observation, generated by data/generate_sample_data.py"
SIM-LGT-040-032,26.950000,75.710000,lit,2025-10-23,simulated,"ClearWay simulated sample data - NOT a real observation, generated by data/generate_sample_data.py"
SIM-LGT-040-033,26.950000,75.715000,lit,2025-11-05,simulated,"ClearWay simulated sample data - NOT a real observation, generated by data/generate_sample_data.py"
SIM-LGT-040-034,26.950000,75.720000,lit,2025-05-02,simulated,"ClearWay simulated sample data - NOT a real observation, generated by data/generate_sample_data.py"
SIM-LGT-040-035,26.950000,75.725000,partial,2026-05-26,simulated,"ClearWay simulated sample data - NOT a real observation, generated by data/generate_sample_data.py"
SIM-LGT-040-036,26.950000,75.730000,unlit,2026-03-17,simulated,"ClearWay simulated sample data - NOT a real observation, generated by data/generate_sample_data.py"
SIM-LGT-040-037,26.950000,75.735000,lit,2025-07-16,simulated,"ClearWay simulated sample data - NOT a real observation, generated by data/generate_sample_data.py"
SIM-LGT-040-038,26.950000,75.740000,lit,2026-01-18,simulated,"ClearWay simulated sample data - NOT a real observation, generated by data/generate_sample_data.py"
SIM-LGT-040-039,26.950000,75.745000,lit,2026-07-09,simulated,"ClearWay simulated sample data - NOT a real observation, generated by data/generate_sample_data.py"
SIM-LGT-040-040,26.950000,75.750000,unlit,2026-08-22,simulated,"ClearWay simulated sample data - NOT a real observation, generated by data/generate_sample_data.py"
SIM-LGT-040-041,26.950000,75.755000,unlit,2025-12-08,simulated,"ClearWay simulated sample data - NOT a real observation, generated by data/generate_sample_data.py"
SIM-LGT-040-042,26.950000,75.760000,unlit,2026-01-27,simulated,"ClearWay simulated sample data - NOT a real observation, generated by data/generate_sample_data.py"
SIM-LGT-040-043,26.950000,75.765000,partial,2026-02-02,simulated,"ClearWay simulated sample data - NOT a real observation, generated by data/generate_sample_data.py"
SIM-LGT-040-044,26.950000,75.770000,lit,2025-12-24,simulated,"ClearWay simulated sample data - NOT a real observation, generated by data/generate_sample_data.py"
SIM-LGT-040-045,26.950000,75.775000,lit,2025-08-13,simulated,"ClearWay simulated sample data - NOT a real observation, generated by data/generate_sample_data.py"
SIM-LGT-040-046,26.950000,75.780000,lit,2026-01-21,simulated,"ClearWay simulated sample data - NOT a real observation, generated by data/generate_sample_data.py"
SIM-LGT-040-047,26.950000,75.785000,lit,2025-07-01,simulated,"ClearWay simulated sample data - NOT a real observation, generated by data/generate_sample_data.py"
SIM-LGT-040-048,26.950000,75.790000,lit,2025-05-18,simulated,"ClearWay simulated sample data - NOT a real observation, generated by data/generate_sample_data.py"
SIM-LGT-040-049,26.950000,75.795000,lit,2025-12-04,simulated,"ClearWay simulated sample data - NOT a real observation, generated by data/generate_sample_data.py"
SIM-LGT-040-050,26.950000,75.800000,lit,2025-08-01,simulated,"ClearWay simulated sample data - NOT a real observation, generated by data/generate_sample_data.py"
SIM-LGT-040-051,26.950000,75.805000,lit,2026-07-17,simulated,"ClearWay simulated sample data - NOT a real observation, generated by data/generate_sample_data.py"
SIM-LGT-040-052,26.950000,75.810000,unlit,2026-06-05,simulated,"ClearWay simulated sample data - NOT a real observation, generated by data/generate_sample_data.py"
SIM-LGT-040-053,26.950000,75.815000,lit,2026-03-08,simulated,"ClearWay simulated sample data - NOT a real observation, generated by data/generate_sample_data.py"
SIM-LGT-040-054,26.950000,75.820000,lit,2026-08-21,simulated,"ClearWay simulated sample data - NOT a real observation, generated by data/generate_sample_data.py"
SIM-LGT-040-055,26.950000,75.825000,lit,2026-03-30,simulated,"ClearWay simulated sample data - NOT a real observation, generated by data/generate_sample_data.py"
SIM-LGT-040-056,26.950000,75.830000,lit,2026-02-23,simulated,"ClearWay simulated sample data - NOT a real observation, generated by data/generate_sample_data.py"
SIM-LGT-040-057,26.950000,75.835000,lit,2026-05-07,simulated,"ClearWay simulated sample data - NOT a real observation, generated by data/generate_sample_data.py"
SIM-LGT-040-058,26.950000,75.840000,partial,2026-05-14,simulated,"ClearWay simulated sample data - NOT a real observation, generated by data/generate_sample_data.py"
SIM-LGT-040-059,26.950000,75.845000,lit,2026-01-22,simulated,"ClearWay simulated sample data - NOT a real observation, generated by data/generate_sample_data.py"
SIM-LGT-040-060,26.950000,75.850000,partial,2026-07-03,simulated,"ClearWay simulated sample data - NOT a real observation, generated by data/generate_sample_data.py"
SIM-LGT-040-061,26.950000,75.855000,unlit,2025-05-19,simulated,"ClearWay simulated sample data - NOT a real observation, generated by data/generate_sample_data.py"
SIM-LGT-040-062,26.950000,75.860000,lit,2025-09-01,simulated,"ClearWay simulated sample data - NOT a real observation, generated by data/generate_sample_data.py"
SIM-LGT-040-063,26.950000,75.865000,partial,2026-07-13,simulated,"ClearWay simulated sample data - NOT a real observation, generated by data/generate_sample_data.py"
SIM-LGT-040-064,26.950000,75.870000,lit,2025-07-29,simulated,"ClearWay simulated sample data - NOT a real observation, generated by data/generate_sample_data.py"
SIM-LGT-040-065,26.950000,75.875000,lit,2026-07-26,simulated,"ClearWay simulated sample data - NOT a real observation, generated by data/generate_sample_data.py"
SIM-LGT-040-066,26.950000,75.880000,lit,2026-08-22,simulated,"ClearWay simulated sample data - NOT a real observation, generated by data/generate_sample_data.py"
SIM-LGT-040-067,26.950000,75.885000,lit,2025-11-03,simulated,"ClearWay simulated sample data - NOT a real observation, generated by data/generate_sample_data.py"
SIM-LGT-040-068,26.950000,75.890000,lit,2025-11-23,simulated,"ClearWay simulated sample data - NOT a real observation, generated by data/generate_sample_data.py"
SIM-LGT-040-069,26.950000,75.895000,lit,2026-03-04,simulated,"ClearWay simulated sample data - NOT a real observation, generated by data/generate_sample_data.py"
SIM-LGT-040-070,26.950000,75.900000,unlit,2026-07-10,simulated,"ClearWay simulated sample data - NOT a real observation, generated by data/generate_sample_data.py"
SIM-LGT-041-000,26.955000,75.550000,partial,2026-07-31,simulated,"ClearWay simulated sample data - NOT a real observation, generated by data/generate_sample_data.py"
SIM-LGT-041-001,26.955000,75.555000,lit,2025-08-10,simulated,"ClearWay simulated sample data - NOT a real observation, generated by data/generate_sample_data.py"
SIM-LGT-041-002,26.955000,75.560000,lit,2025-05-06,simulated,"ClearWay simulated sample data - NOT a real observation, generated by data/generate_sample_data.py"
SIM-LGT-041-003,26.955000,75.565000,lit,2026-01-12,simulated,"ClearWay simulated sample data - NOT a real observation, generated by data/generate_sample_data.py"
SIM-LGT-041-004,26.955000,75.570000,lit,2025-06-27,simulated,"ClearWay simulated sample data - NOT a real observation, generated by data/generate_sample_data.py"
SIM-LGT-041-005,26.955000,75.575000,lit,2026-01-10,simulated,"ClearWay simulated sample data - NOT a real observation, generated by data/generate_sample_data.py"
SIM-LGT-041-006,26.955000,75.580000,unlit,2025-08-01,simulated,"ClearWay simulated sample data - NOT a real observation, generated by data/generate_sample_data.py"
SIM-LGT-041-007,26.955000,75.585000,unlit,2025-10-09,simulated,"ClearWay simulated sample data - NOT a real observation, generated by data/generate_sample_data.py"
SIM-LGT-041-008,26.955000,75.590000,lit,2026-02-20,simulated,"ClearWay simulated sample data - NOT a real observation, generated by data/generate_sample_data.py"
SIM-LGT-041-009,26.955000,75.595000,unlit,2025-04-20,simulated,"ClearWay simulated sample data - NOT a real observation, generated by data/generate_sample_data.py"
SIM-LGT-041-010,26.955000,75.600000,partial,2025-05-22,simulated,"ClearWay simulated sample data - NOT a real observation, generated by data/generate_sample_data.py"
SIM-LGT-041-011,26.955000,75.605000,lit,2026-01-31,simulated,"ClearWay simulated sample data - NOT a real observation, generated by data/generate_sample_data.py"
SIM-LGT-041-012,26.955000,75.610000,unlit,2025-07-18,simulated,"ClearWay simulated sample data - NOT a real observation, generated by data/generate_sample_data.py"
SIM-LGT-041-013,26.955000,75.615000,partial,2026-03-18,simulated,"ClearWay simulated sample data - NOT a real observation, generated by data/generate_sample_data.py"
SIM-LGT-041-014,26.955000,75.620000,lit,2025-10-06,simulated,"ClearWay simulated sample data - NOT a real observation, generated by data/generate_sample_data.py"
SIM-LGT-041-015,26.955000,75.625000,lit,2025-04-29,simulated,"ClearWay simulated sample data - NOT a real observation, generated by data/generate_sample_data.py"
SIM-LGT-041-016,26.955000,75.630000,partial,2025-11-26,simulated,"ClearWay simulated sample data - NOT a real observation, generated by data/generate_sample_data.py"
SIM-LGT-041-017,26.955000,75.635000,lit,2025-09-24,simulated,"ClearWay simulated sample data - NOT a real observation, generated by data/generate_sample_data.py"
SIM-LGT-041-018,26.955000,75.640000,lit,2025-08-21,simulated,"ClearWay simulated sample data - NOT a real observation, generated by data/generate_sample_data.py"
SIM-LGT-041-019,26.955000,75.645000,lit,2025-08-11,simulated,"ClearWay simulated sample data - NOT a real observation, generated by data/generate_sample_data.py"
SIM-LGT-041-020,26.955000,75.650000,lit,2026-09-06,simulated,"ClearWay simulated sample data - NOT a real observation, generated by data/generate_sample_data.py"
SIM-LGT-041-021,26.955000,75.655000,lit,2026-03-13,simulated,"ClearWay simulated sample data - NOT a real observation, generated by data/generate_sample_data.py"
SIM-LGT-041-022,26.955000,75.660000,lit,2026-08-19,simulated,"ClearWay simulated sample data - NOT a real observation, generated by data/generate_sample_data.py"
SIM-LGT-041-023,26.955000,75.665000,lit,2025-04-30,simulated,"ClearWay simulated sample data - NOT a real observation, generated by data/generate_sample_data.py"
SIM-LGT-041-024,26.955000,75.670000,lit,2025-04-21,simulated,"ClearWay simulated sample data - NOT a real observation, generated by data/generate_sample_data.py"
SIM-LGT-041-025,26.955000,75.675000,lit,2026-07-23,simulated,"ClearWay simulated sample data - NOT a real observation, generated by data/generate_sample_data.py"
SIM-LGT-041-026,26.955000,75.680000,unlit,2025-09-05,simulated,"ClearWay simulated sample data - NOT a real observation, generated by data/generate_sample_data.py"
SIM-LGT-041-027,26.955000,75.685000,lit,2026-05-22,simulated,"ClearWay simulated sample data - NOT a real observation, generated by data/generate_sample_data.py"
SIM-LGT-041-028,26.955000,75.690000,lit,2025-10-16,simulated,"ClearWay simulated sample data - NOT a real observation, generated by data/generate_sample_data.py"
SIM-LGT-041-029,26.955000,75.695000,lit,2025-04-22,simulated,"ClearWay simulated sample data - NOT a real observation, generated by data/generate_sample_data.py"
SIM-LGT-041-030,26.955000,75.700000,lit,2025-11-22,simulated,"ClearWay simulated sample data - NOT a real observation, generated by data/generate_sample_data.py"
SIM-LGT-041-031,26.955000,75.705000,lit,2026-05-09,simulated,"ClearWay simulated sample data - NOT a real observation, generated by data/generate_sample_data.py"
SIM-LGT-041-032,26.955000,75.710000,partial,2025-11-30,simulated,"ClearWay simulated sample data - NOT a real observation, generated by data/generate_sample_data.py"
SIM-LGT-041-033,26.955000,75.715000,partial,2026-07-18,simulated,"ClearWay simulated sample data - NOT a real observation, generated by data/generate_sample_data.py"
SIM-LGT-041-034,26.955000,75.720000,unlit,2025-10-12,simulated,"ClearWay simulated sample data - NOT a real observation, generated by data/generate_sample_data.py"
SIM-LGT-041-035,26.955000,75.725000,partial,2026-08-27,simulated,"ClearWay simulated sample data - NOT a real observation, generated by data/generate_sample_data.py"
SIM-LGT-041-036,26.955000,75.730000,lit,2026-08-09,simulated,"ClearWay simulated sample data - NOT a real observation, generated by data/generate_sample_data.py"
SIM-LGT-041-037,26.955000,75.735000,partial,2025-08-22,simulated,"ClearWay simulated sample data - NOT a real observation, generated by data/generate_sample_data.py"
SIM-LGT-041-038,26.955000,75.740000,lit,2026-06-16,simulated,"ClearWay simulated sample data - NOT a real observation, generated by data/generate_sample_data.py"
SIM-LGT-041-039,26.955000,75.745000,unlit,2025-12-17,simulated,"ClearWay simulated sample data - NOT a real observation, generated by data/generate_sample_data.py"
SIM-LGT-041-040,26.955000,75.750000,partial,2026-07-29,simulated,"ClearWay simulated sample data - NOT a real observation, generated by data/generate_sample_data.py"
SIM-LGT-041-041,26.955000,75.755000,lit,2026-07-06,simulated,"ClearWay simulated sample data - NOT a real observation, generated by data/generate_sample_data.py"
SIM-LGT-041-042,26.955000,75.760000,lit,2025-06-02,simulated,"ClearWay simulated sample data - NOT a real observation, generated by data/generate_sample_data.py"
SIM-LGT-041-043,26.955000,75.765000,partial,2026-09-04,simulated,"ClearWay simulated sample data - NOT a real observation, generated by data/generate_sample_data.py"
SIM-LGT-041-044,26.955000,75.770000,lit,2026-07-15,simulated,"ClearWay simulated sample data - NOT a real observation, generated by data/generate_sample_data.py"
SIM-LGT-041-045,26.955000,75.775000,partial,2025-12-11,simulated,"ClearWay simulated sample data - NOT a real observation, generated by data/generate_sample_data.py"
SIM-LGT-041-046,26.955000,75.780000,partial,2026-05-09,simulated,"ClearWay simulated sample data - NOT a real observation, generated by data/generate_sample_data.py"
SIM-LGT-041-047,26.955000,75.785000,partial,2026-04-30,simulated,"ClearWay simulated sample data - NOT a real observation, generated by data/generate_sample_data.py"
SIM-LGT-041-048,26.955000,75.790000,partial,2025-12-12,simulated,"ClearWay simulated sample data - NOT a real observation, generated by data/generate_sample_data.py"
SIM-LGT-041-049,26.955000,75.795000,unlit,2026-02-26,simulated,"ClearWay simulated sample data - NOT a real observation, generated by data/generate_sample_data.py"
SIM-LGT-041-050,26.955000,75.800000,partial,2026-02-05,simulated,"ClearWay simulated sample data - NOT a real observation, generated by data/generate_sample_data.py"
SIM-LGT-041-051,26.955000,75.805000,lit,2025-04-27,simulated,"ClearWay simulated sample data - NOT a real observation, generated by data/generate_sample_data.py"
SIM-LGT-041-052,26.955000,75.810000,lit,2026-05-23,simulated,"ClearWay simulated sample data - NOT a real observation, generated by data/generate_sample_data.py"
SIM-LGT-041-053,26.955000,75.815000,partial,2025-05-24,simulated,"ClearWay simulated sample data - NOT a real observation, generated by data/generate_sample_data.py"
SIM-LGT-041-054,26.955000,75.820000,unlit,2025-09-19,simulated,"ClearWay simulated sample data - NOT a real observation, generated by data/generate_sample_data.py"
SIM-LGT-041-055,26.955000,75.825000,partial,2026-05-18,simulated,"ClearWay simulated sample data - NOT a real observation, generated by data/generate_sample_data.py"
SIM-LGT-041-056,26.955000,75.830000,unlit,2025-12-27,simulated,"ClearWay simulated sample data - NOT a real observation, generated by data/generate_sample_data.py"
SIM-LGT-041-057,26.955000,75.835000,unlit,2026-01-02,simulated,"ClearWay simulated sample data - NOT a real observation, generated by data/generate_sample_data.py"
SIM-LGT-041-058,26.955000,75.840000,lit,2026-04-12,simulated,"ClearWay simulated sample data - NOT a real observation, generated by data/generate_sample_data.py"
SIM-LGT-041-059,26.955000,75.845000,partial,2025-06-14,simulated,"ClearWay simulated sample data - NOT a real observation, generated by data/generate_sample_data.py"
SIM-LGT-041-060,26.955000,75.850000,lit,2026-02-08,simulated,"ClearWay simulated sample data - NOT a real observation, generated by data/generate_sample_data.py"
SIM-LGT-041-061,26.955000,75.855000,lit,2025-10-18,simulated,"ClearWay simulated sample data - NOT a real observation, generated by data/generate_sample_data.py"
SIM-LGT-041-062,26.955000,75.860000,partial,2025-06-28,simulated,"ClearWay simulated sample data - NOT a real observation, generated by data/generate_sample_data.py"
SIM-LGT-041-063,26.955000,75.865000,partial,2026-06-16,simulated,"ClearWay simulated sample data - NOT a real observation, generated by data/generate_sample_data.py"
SIM-LGT-041-064,26.955000,75.870000,lit,2026-03-16,simulated,"ClearWay simulated sample data - NOT a real observation, generated by data/generate_sample_data.py"
SIM-LGT-041-065,26.955000,75.875000,partial,2026-02-20,simulated,"ClearWay simulated sample data - NOT a real observation, generated by data/generate_sample_data.py"
SIM-LGT-041-066,26.955000,75.880000,partial,2026-06-11,simulated,"ClearWay simulated sample data - NOT a real observation, generated by data/generate_sample_data.py"
SIM-LGT-041-067,26.955000,75.885000,partial,2026-04-16,simulated,"ClearWay simulated sample data - NOT a real observation, generated by data/generate_sample_data.py"
SIM-LGT-041-068,26.955000,75.890000,unlit,2025-09-09,simulated,"ClearWay simulated sample data - NOT a real observation, generated by data/generate_sample_data.py"
SIM-LGT-041-069,26.955000,75.895000,lit,2025-06-25,simulated,"ClearWay simulated sample data - NOT a real observation, generated by data/generate_sample_data.py"
SIM-LGT-041-070,26.955000,75.900000,lit,2026-05-15,simulated,"ClearWay simulated sample data - NOT a real observation, generated by data/generate_sample_data.py"
SIM-LGT-042-000,26.960000,75.550000,partial,2026-03-04,simulated,"ClearWay simulated sample data - NOT a real observation, generated by data/generate_sample_data.py"
SIM-LGT-042-001,26.960000,75.555000,partial,2026-08-15,simulated,"ClearWay simulated sample data - NOT a real observation, generated by data/generate_sample_data.py"
SIM-LGT-042-002,26.960000,75.560000,lit,2026-08-19,simulated,"ClearWay simulated sample data - NOT a real observation, generated by data/generate_sample_data.py"
SIM-LGT-042-003,26.960000,75.565000,lit,2026-05-09,simulated,"ClearWay simulated sample data - NOT a real observation, generated by data/generate_sample_data.py"
SIM-LGT-042-004,26.960000,75.570000,lit,2026-04-08,simulated,"ClearWay simulated sample data - NOT a real observation, generated by data/generate_sample_data.py"
SIM-LGT-042-005,26.960000,75.575000,lit,2026-08-21,simulated,"ClearWay simulated sample data - NOT a real observation, generated by data/generate_sample_data.py"
SIM-LGT-042-006,26.960000,75.580000,partial,2026-04-24,simulated,"ClearWay simulated sample data - NOT a real observation, generated by data/generate_sample_data.py"
SIM-LGT-042-007,26.960000,75.585000,partial,2026-08-08,simulated,"ClearWay simulated sample data - NOT a real observation, generated by data/generate_sample_data.py"
SIM-LGT-042-008,26.960000,75.590000,partial,2026-05-11,simulated,"ClearWay simulated sample data - NOT a real observation, generated by data/generate_sample_data.py"
SIM-LGT-042-009,26.960000,75.595000,unlit,2026-08-28,simulated,"ClearWay simulated sample data - NOT a real observation, generated by data/generate_sample_data.py"
SIM-LGT-042-010,26.960000,75.600000,lit,2025-05-31,simulated,"ClearWay simulated sample data - NOT a real observation, generated by data/generate_sample_data.py"
SIM-LGT-042-011,26.960000,75.605000,lit,2026-04-03,simulated,"ClearWay simulated sample data - NOT a real observation, generated by data/generate_sample_data.py"
SIM-LGT-042-012,26.960000,75.610000,partial,2025-05-14,simulated,"ClearWay simulated sample data - NOT a real observation, generated by data/generate_sample_data.py"
SIM-LGT-042-013,26.960000,75.615000,lit,2025-07-22,simulated,"ClearWay simulated sample data - NOT a real observation, generated by data/generate_sample_data.py"
SIM-LGT-042-014,26.960000,75.620000,partial,2025-05-11,simulated,"ClearWay simulated sample data - NOT a real observation, generated by data/generate_sample_data.py"
SIM-LGT-042-015,26.960000,75.625000,partial,2026-01-19,simulated,"ClearWay simulated sample data - NOT a real observation, generated by data/generate_sample_data.py"
SIM-LGT-042-016,26.960000,75.630000,lit,2025-08-20,simulated,"ClearWay simulated sample data - NOT a real observation, generated by data/generate_sample_data.py"
SIM-LGT-042-017,26.960000,75.635000,lit,2025-05-12,simulated,"ClearWay simulated sample data - NOT a real observation, generated by data/generate_sample_data.py"
SIM-LGT-042-018,26.960000,75.640000,partial,2026-05-27,simulated,"ClearWay simulated sample data - NOT a real observation, generated by data/generate_sample_data.py"
SIM-LGT-042-019,26.960000,75.645000,partial,2026-03-03,simulated,"ClearWay simulated sample data - NOT a real observation, generated by data/generate_sample_data.py"
SIM-LGT-042-020,26.960000,75.650000,lit,2026-08-15,simulated,"ClearWay simulated sample data - NOT a real observation, generated by data/generate_sample_data.py"
SIM-LGT-042-021,26.960000,75.655000,partial,2026-08-31,simulated,"ClearWay simulated sample data - NOT a real observation, generated by data/generate_sample_data.py"
SIM-LGT-042-022,26.960000,75.660000,lit,2025-11-14,simulated,"ClearWay simulated sample data - NOT a real observation, generated by data/generate_sample_data.py"
SIM-LGT-042-023,26.960000,75.665000,partial,2025-04-21,simulated,"ClearWay simulated sample data - NOT a real observation, generated by data/generate_sample_data.py"
SIM-LGT-042-024,26.960000,75.670000,lit,2026-06-29,simulated,"ClearWay simulated sample data - NOT a real observation, generated by data/generate_sample_data.py"
SIM-LGT-042-025,26.960000,75.675000,lit,2026-01-04,simulated,"ClearWay simulated sample data - NOT a real observation, generated by data/generate_sample_data.py"
SIM-LGT-042-026,26.960000,75.680000,lit,2025-12-30,simulated,"ClearWay simulated sample data - NOT a real observation, generated by data/generate_sample_data.py"
SIM-LGT-042-027,26.960000,75.685000,lit,2025-12-17,simulated,"ClearWay simulated sample data - NOT a real observation, generated by data/generate_sample_data.py"
SIM-LGT-042-028,26.960000,75.690000,lit,2026-06-24,simulated,"ClearWay simulated sample data - NOT a real observation, generated by data/generate_sample_data.py"
SIM-LGT-042-029,26.960000,75.695000,lit,2025-09-06,simulated,"ClearWay simulated sample data - NOT a real observation, generated by data/generate_sample_data.py"
SIM-LGT-042-030,26.960000,75.700000,lit,2025-05-07,simulated,"ClearWay simulated sample data - NOT a real observation, generated by data/generate_sample_data.py"
SIM-LGT-042-031,26.960000,75.705000,lit,2025-06-17,simulated,"ClearWay simulated sample data - NOT a real observation, generated by data/generate_sample_data.py"
SIM-LGT-042-032,26.960000,75.710000,unlit,2026-03-30,simulated,"ClearWay simulated sample data - NOT a real observation, generated by data/generate_sample_data.py"
SIM-LGT-042-033,26.960000,75.715000,lit,2026-02-01,simulated,"ClearWay simulated sample data - NOT a real observation, generated by data/generate_sample_data.py"
SIM-LGT-042-034,26.960000,75.720000,lit,2026-09-01,simulated,"ClearWay simulated sample data - NOT a real observation, generated by data/generate_sample_data.py"
SIM-LGT-042-035,26.960000,75.725000,partial,2025-06-25,simulated,"ClearWay simulated sample data - NOT a real observation, generated by data/generate_sample_data.py"
SIM-LGT-042-036,26.960000,75.730000,unlit,2025-11-27,simulated,"ClearWay simulated sample data - NOT a real observation, generated by data/generate_sample_data.py"
SIM-LGT-042-037,26.960000,75.735000,lit,2025-07-12,simulated,"ClearWay simulated sample data - NOT a real observation, generated by data/generate_sample_data.py"
SIM-LGT-042-038,26.960000,75.740000,lit,2025-12-18,simulated,"ClearWay simulated sample data - NOT a real observation, generated by data/generate_sample_data.py"
SIM-LGT-042-039,26.960000,75.745000,partial,2025-06-30,simulated,"ClearWay simulated sample data - NOT a real observation, generated by data/generate_sample_data.py"
SIM-LGT-042-040,26.960000,75.750000,lit,2025-10-30,simulated,"ClearWay simulated sample data - NOT a real observation, generated by data/generate_sample_data.py"
SIM-LGT-042-041,26.960000,75.755000,lit,2025-12-19,simulated,"ClearWay simulated sample data - NOT a real observation, generated by data/generate_sample_data.py"
SIM-LGT-042-042,26.960000,75.760000,partial,2025-12-31,simulated,"ClearWay simulated sample data - NOT a real observation, generated by data/generate_sample_data.py"
SIM-LGT-042-043,26.960000,75.765000,lit,2026-06-05,simulated,"ClearWay simulated sample data - NOT a real observation, generated by data/generate_sample_data.py"
SIM-LGT-042-044,26.960000,75.770000,lit,2026-07-10,simulated,"ClearWay simulated sample data - NOT a real observation, generated by data/generate_sample_data.py"
SIM-LGT-042-045,26.960000,75.775000,unlit,2026-06-03,simulated,"ClearWay simulated sample data - NOT a real observation, generated by data/generate_sample_data.py"
SIM-LGT-042-046,26.960000,75.780000,partial,2025-08-24,simulated,"ClearWay simulated sample data - NOT a real observation, generated by data/generate_sample_data.py"
SIM-LGT-042-047,26.960000,75.785000,lit,2026-02-26,simulated,"ClearWay simulated sample data - NOT a real observation, generated by data/generate_sample_data.py"
SIM-LGT-042-048,26.960000,75.790000,partial,2025-12-15,simulated,"ClearWay simulated sample data - NOT a real observation, generated by data/generate_sample_data.py"
SIM-LGT-042-049,26.960000,75.795000,partial,2025-08-31,simulated,"ClearWay simulated sample data - NOT a real observation, generated by data/generate_sample_data.py"
SIM-LGT-042-050,26.960000,75.800000,lit,2025-06-07,simulated,"ClearWay simulated sample data - NOT a real observation, generated by data/generate_sample_data.py"
SIM-LGT-042-051,26.960000,75.805000,lit,2025-08-28,simulated,"ClearWay simulated sample data - NOT a real observation, generated by data/generate_sample_data.py"
SIM-LGT-042-052,26.960000,75.810000,lit,2026-03-10,simulated,"ClearWay simulated sample data - NOT a real observation, generated by data/generate_sample_data.py"
SIM-LGT-042-053,26.960000,75.815000,partial,2025-10-22,simulated,"ClearWay simulated sample data - NOT a real observation, generated by data/generate_sample_data.py"
SIM-LGT-042-054,26.960000,75.820000,lit,2025-12-01,simulated,"ClearWay simulated sample data - NOT a real observation, generated by data/generate_sample_data.py"
SIM-LGT-042-055,26.960000,75.825000,unlit,2025-10-09,simulated,"ClearWay simulated sample data - NOT a real observation, generated by data/generate_sample_data.py"
SIM-LGT-042-056,26.960000,75.830000,partial,2026-06-18,simulated,"ClearWay simulated sample data - NOT a real observation, generated by data/generate_sample_data.py"
SIM-LGT-042-057,26.960000,75.835000,lit,2025-11-25,simulated,"ClearWay simulated sample data - NOT a real observation, generated by data/generate_sample_data.py"
SIM-LGT-042-058,26.960000,75.840000,lit,2025-09-07,simulated,"ClearWay simulated sample data - NOT a real observation, generated by data/generate_sample_data.py"
SIM-LGT-042-059,26.960000,75.845000,lit,2025-07-16,simulated,"ClearWay simulated sample data - NOT a real observation, generated by data/generate_sample_data.py"
SIM-LGT-042-060,26.960000,75.850000,partial,2025-06-14,simulated,"ClearWay simulated sample data - NOT a real observation, generated by data/generate_sample_data.py"
SIM-LGT-042-061,26.960000,75.855000,lit,2026-03-31,simulated,"ClearWay simulated sample data - NOT a real observation, generated by data/generate_sample_data.py"
SIM-LGT-042-062,26.960000,75.860000,partial,2025-05-23,simulated,"ClearWay simulated sample data - NOT a real observation, generated by data/generate_sample_data.py"
SIM-LGT-042-063,26.960000,75.865000,lit,2026-03-04,simulated,"ClearWay simulated sample data - NOT a real observation, generated by data/generate_sample_data.py"
SIM-LGT-042-064,26.960000,75.870000,partial,2026-01-07,simulated,"ClearWay simulated sample data - NOT a real observation, generated by data/generate_sample_data.py"
SIM-LGT-042-065,26.960000,75.875000,lit,2025-09-03,simulated,"ClearWay simulated sample data - NOT a real observation, generated by data/generate_sample_data.py"
SIM-LGT-042-066,26.960000,75.880000,lit,2025-12-14,simulated,"ClearWay simulated sample data - NOT a real observation, generated by data/generate_sample_data.py"
SIM-LGT-042-067,26.960000,75.885000,lit,2026-09-07,simulated,"ClearWay simulated sample data - NOT a real observation, generated by data/generate_sample_data.py"
SIM-LGT-042-068,26.960000,75.890000,lit,2026-05-04,simulated,"ClearWay simulated sample data - NOT a real observation, generated by data/generate_sample_data.py"
SIM-LGT-042-069,26.960000,75.895000,unlit,2025-07-01,simulated,"ClearWay simulated sample data - NOT a real observation, generated by data/generate_sample_data.py"
SIM-LGT-042-070,26.960000,75.900000,partial,2026-03-13,simulated,"ClearWay simulated sample data - NOT a real observation, generated by data/generate_sample_data.py"
SIM-LGT-043-000,26.965000,75.550000,lit,2025-10-31,simulated,"ClearWay simulated sample data - NOT a real observation, generated by data/generate_sample_data.py"
SIM-LGT-043-001,26.965000,75.555000,lit,2025-10-15,simulated,"ClearWay simulated sample data - NOT a real observation, generated by data/generate_sample_data.py"
SIM-LGT-043-002,26.965000,75.560000,lit,2025-10-04,simulated,"ClearWay simulated sample data - NOT a real observation, generated by data/generate_sample_data.py"
SIM-LGT-043-003,26.965000,75.565000,lit,2025-08-11,simulated,"ClearWay simulated sample data - NOT a real observation, generated by data/generate_sample_data.py"
SIM-LGT-043-004,26.965000,75.570000,lit,2026-08-09,simulated,"ClearWay simulated sample data - NOT a real observation, generated by data/generate_sample_data.py"
SIM-LGT-043-005,26.965000,75.575000,lit,2025-11-28,simulated,"ClearWay simulated sample data - NOT a real observation, generated by data/generate_sample_data.py"
SIM-LGT-043-006,26.965000,75.580000,unlit,2025-10-13,simulated,"ClearWay simulated sample data - NOT a real observation, generated by data/generate_sample_data.py"
SIM-LGT-043-007,26.965000,75.585000,lit,2025-07-07,simulated,"ClearWay simulated sample data - NOT a real observation, generated by data/generate_sample_data.py"
SIM-LGT-043-008,26.965000,75.590000,partial,2025-06-28,simulated,"ClearWay simulated sample data - NOT a real observation, generated by data/generate_sample_data.py"
SIM-LGT-043-009,26.965000,75.595000,unlit,2026-07-23,simulated,"ClearWay simulated sample data - NOT a real observation, generated by data/generate_sample_data.py"
SIM-LGT-043-010,26.965000,75.600000,lit,2026-02-20,simulated,"ClearWay simulated sample data - NOT a real observation, generated by data/generate_sample_data.py"
SIM-LGT-043-011,26.965000,75.605000,unlit,2025-12-30,simulated,"ClearWay simulated sample data - NOT a real observation, generated by data/generate_sample_data.py"
SIM-LGT-043-012,26.965000,75.610000,lit,2025-12-29,simulated,"ClearWay simulated sample data - NOT a real observation, generated by data/generate_sample_data.py"
SIM-LGT-043-013,26.965000,75.615000,unlit,2026-04-12,simulated,"ClearWay simulated sample data - NOT a real observation, generated by data/generate_sample_data.py"
SIM-LGT-043-014,26.965000,75.620000,lit,2026-03-24,simulated,"ClearWay simulated sample data - NOT a real observation, generated by data/generate_sample_data.py"
SIM-LGT-043-015,26.965000,75.625000,lit,2025-08-05,simulated,"ClearWay simulated sample data - NOT a real observation, generated by data/generate_sample_data.py"
SIM-LGT-043-016,26.965000,75.630000,partial,2026-03-12,simulated,"ClearWay simulated sample data - NOT a real observation, generated by data/generate_sample_data.py"
SIM-LGT-043-017,26.965000,75.635000,unlit,2026-06-28,simulated,"ClearWay simulated sample data - NOT a real observation, generated by data/generate_sample_data.py"
SIM-LGT-043-018,26.965000,75.640000,lit,2026-01-09,simulated,"ClearWay simulated sample data - NOT a real observation, generated by data/generate_sample_data.py"
SIM-LGT-043-019,26.965000,75.645000,lit,2025-07-01,simulated,"ClearWay simulated sample data - NOT a real observation, generated by data/generate_sample_data.py"
SIM-LGT-043-020,26.965000,75.650000,lit,2026-08-11,simulated,"ClearWay simulated sample data - NOT a real observation, generated by data/generate_sample_data.py"
SIM-LGT-043-021,26.965000,75.655000,lit,2026-05-31,simulated,"ClearWay simulated sample data - NOT a real observation, generated by data/generate_sample_data.py"
SIM-LGT-043-022,26.965000,75.660000,lit,2025-07-11,simulated,"ClearWay simulated sample data - NOT a real observation, generated by data/generate_sample_data.py"
SIM-LGT-043-023,26.965000,75.665000,lit,2025-04-23,simulated,"ClearWay simulated sample data - NOT a real observation, generated by data/generate_sample_data.py"
SIM-LGT-043-024,26.965000,75.670000,lit,2025-05-21,simulated,"ClearWay simulated sample data - NOT a real observation, generated by data/generate_sample_data.py"
SIM-LGT-043-025,26.965000,75.675000,lit,2025-07-27,simulated,"ClearWay simulated sample data - NOT a real observation, generated by data/generate_sample_data.py"
SIM-LGT-043-026,26.965000,75.680000,lit,2025-08-27,simulated,"ClearWay simulated sample data - NOT a real observation, generated by data/generate_sample_data.py"
SIM-LGT-043-027,26.965000,75.685000,unlit,2025-07-25,simulated,"ClearWay simulated sample data - NOT a real observation, generated by data/generate_sample_data.py"
SIM-LGT-043-028,26.965000,75.690000,lit,2025-09-08,simulated,"ClearWay simulated sample data - NOT a real observation, generated by data/generate_sample_data.py"
SIM-LGT-043-029,26.965000,75.695000,partial,2026-03-06,simulated,"ClearWay simulated sample data - NOT a real observation, generated by data/generate_sample_data.py"
SIM-LGT-043-030,26.965000,75.700000,lit,2025-07-19,simulated,"ClearWay simulated sample data - NOT a real observation, generated by data/generate_sample_data.py"
SIM-LGT-043-031,26.965000,75.705000,lit,2025-10-31,simulated,"ClearWay simulated sample data - NOT a real observation, generated by data/generate_sample_data.py"
SIM-LGT-043-032,26.965000,75.710000,partial,2026-04-13,simulated,"ClearWay simulated sample data - NOT a real observation, generated by data/generate_sample_data.py"
SIM-LGT-043-033,26.965000,75.715000,lit,2026-06-27,simulated,"ClearWay simulated sample data - NOT a real observation, generated by data/generate_sample_data.py"
SIM-LGT-043-034,26.965000,75.720000,lit,2025-11-08,simulated,"ClearWay simulated sample data - NOT a real observation, generated by data/generate_sample_data.py"
SIM-LGT-043-035,26.965000,75.725000,partial,2026-04-13,simulated,"ClearWay simulated sample data - NOT a real observation, generated by data/generate_sample_data.py"
SIM-LGT-043-036,26.965000,75.730000,lit,2026-05-09,simulated,"ClearWay simulated sample data - NOT a real observation, generated by data/generate_sample_data.py"
SIM-LGT-043-037,26.965000,75.735000,lit,2025-06-20,simulated,"ClearWay simulated sample data - NOT a real observation, generated by data/generate_sample_data.py"
SIM-LGT-043-038,26.965000,75.740000,lit,2025-04-22,simulated,"ClearWay simulated sample data - NOT a real observation, generated by data/generate_sample_data.py"
SIM-LGT-043-039,26.965000,75.745000,partial,2025-09-04,simulated,"ClearWay simulated sample data - NOT a real observation, generated by data/generate_sample_data.py"
SIM-LGT-043-040,26.965000,75.750000,partial,2026-06-03,simulated,"ClearWay simulated sample data - NOT a real observation, generated by data/generate_sample_data.py"
SIM-LGT-043-041,26.965000,75.755000,lit,2025-10-19,simulated,"ClearWay simulated sample data - NOT a real observation, generated by data/generate_sample_data.py"
SIM-LGT-043-042,26.965000,75.760000,partial,2026-01-08,simulated,"ClearWay simulated sample data - NOT a real observation, generated by data/generate_sample_data.py"
SIM-LGT-043-043,26.965000,75.765000,lit,2026-07-31,simulated,"ClearWay simulated sample data - NOT a real observation, generated by data/generate_sample_data.py"
SIM-LGT-043-044,26.965000,75.770000,lit,2025-11-23,simulated,"ClearWay simulated sample data - NOT a real observation, generated by data/generate_sample_data.py"
SIM-LGT-043-045,26.965000,75.775000,partial,2025-07-20,simulated,"ClearWay simulated sample data - NOT a real observation, generated by data/generate_sample_data.py"
SIM-LGT-043-046,26.965000,75.780000,lit,2026-01-15,simulated,"ClearWay simulated sample data - NOT a real observation, generated by data/generate_sample_data.py"
SIM-LGT-043-047,26.965000,75.785000,lit,2026-01-25,simulated,"ClearWay simulated sample data - NOT a real observation, generated by data/generate_sample_data.py"
SIM-LGT-043-048,26.965000,75.790000,lit,2026-06-03,simulated,"ClearWay simulated sample data - NOT a real observation, generated by data/generate_sample_data.py"
SIM-LGT-043-049,26.965000,75.795000,unlit,2026-03-07,simulated,"ClearWay simulated sample data - NOT a real observation, generated by data/generate_sample_data.py"
SIM-LGT-043-050,26.965000,75.800000,partial,2026-02-16,simulated,"ClearWay simulated sample data - NOT a real observation, generated by data/generate_sample_data.py"
SIM-LGT-043-051,26.965000,75.805000,unlit,2025-10-29,simulated,"ClearWay simulated sample data - NOT a real observation, generated by data/generate_sample_data.py"
SIM-LGT-043-052,26.965000,75.810000,unlit,2025-10-02,simulated,"ClearWay simulated sample data - NOT a real observation, generated by data/generate_sample_data.py"
SIM-LGT-043-053,26.965000,75.815000,lit,2026-03-14,simulated,"ClearWay simulated sample data - NOT a real observation, generated by data/generate_sample_data.py"
SIM-LGT-043-054,26.965000,75.820000,lit,2025-11-26,simulated,"ClearWay simulated sample data - NOT a real observation, generated by data/generate_sample_data.py"
SIM-LGT-043-055,26.965000,75.825000,partial,2025-12-18,simulated,"ClearWay simulated sample data - NOT a real observation, generated by data/generate_sample_data.py"
SIM-LGT-043-056,26.965000,75.830000,lit,2025-12-11,simulated,"ClearWay simulated sample data - NOT a real observation, generated by data/generate_sample_data.py"
SIM-LGT-043-057,26.965000,75.835000,lit,2026-04-18,simulated,"ClearWay simulated sample data - NOT a real observation, generated by data/generate_sample_data.py"
SIM-LGT-043-058,26.965000,75.840000,partial,2025-09-19,simulated,"ClearWay simulated sample data - NOT a real observation, generated by data/generate_sample_data.py"
SIM-LGT-043-059,26.965000,75.845000,lit,2025-10-12,simulated,"ClearWay simulated sample data - NOT a real observation, generated by data/generate_sample_data.py"
SIM-LGT-043-060,26.965000,75.850000,lit,2025-12-03,simulated,"ClearWay simulated sample data - NOT a real observation, generated by data/generate_sample_data.py"
SIM-LGT-043-061,26.965000,75.855000,unlit,2026-07-25,simulated,"ClearWay simulated sample data - NOT a real observation, generated by data/generate_sample_data.py"
SIM-LGT-043-062,26.965000,75.860000,partial,2026-08-23,simulated,"ClearWay simulated sample data - NOT a real observation, generated by data/generate_sample_data.py"
SIM-LGT-043-063,26.965000,75.865000,lit,2026-03-20,simulated,"ClearWay simulated sample data - NOT a real observation, generated by data/generate_sample_data.py"
SIM-LGT-043-064,26.965000,75.870000,lit,2025-09-09,simulated,"ClearWay simulated sample data - NOT a real observation, generated by data/generate_sample_data.py"
SIM-LGT-043-065,26.965000,75.875000,lit,2025-08-18,simulated,"ClearWay simulated sample data - NOT a real observation, generated by data/generate_sample_data.py"
SIM-LGT-043-066,26.965000,75.880000,lit,2026-04-09,simulated,"ClearWay simulated sample data - NOT a real observation, generated by data/generate_sample_data.py"
SIM-LGT-043-067,26.965000,75.885000,lit,2026-05-14,simulated,"ClearWay simulated sample data - NOT a real observation, generated by data/generate_sample_data.py"
SIM-LGT-043-068,26.965000,75.890000,lit,2025-06-10,simulated,"ClearWay simulated sample data - NOT a real observation, generated by data/generate_sample_data.py"
SIM-LGT-043-069,26.965000,75.895000,lit,2025-06-28,simulated,"ClearWay simulated sample data - NOT a real observation, generated by data/generate_sample_data.py"
SIM-LGT-043-070,26.965000,75.900000,partial,2026-03-25,simulated,"ClearWay simulated sample data - NOT a real observation, generated by data/generate_sample_data.py"
SIM-LGT-044-000,26.970000,75.550000,unlit,2026-09-03,simulated,"ClearWay simulated sample data - NOT a real observation, generated by data/generate_sample_data.py"
SIM-LGT-044-001,26.970000,75.555000,unlit,2026-07-22,simulated,"ClearWay simulated sample data - NOT a real observation, generated by data/generate_sample_data.py"
SIM-LGT-044-002,26.970000,75.560000,unlit,2026-01-05,simulated,"ClearWay simulated sample data - NOT a real observation, generated by data/generate_sample_data.py"
SIM-LGT-044-003,26.970000,75.565000,lit,2026-04-23,simulated,"ClearWay simulated sample data - NOT a real observation, generated by data/generate_sample_data.py"
SIM-LGT-044-004,26.970000,75.570000,lit,2026-03-22,simulated,"ClearWay simulated sample data - NOT a real observation, generated by data/generate_sample_data.py"
SIM-LGT-044-005,26.970000,75.575000,partial,2026-04-12,simulated,"ClearWay simulated sample data - NOT a real observation, generated by data/generate_sample_data.py"
SIM-LGT-044-006,26.970000,75.580000,lit,2026-03-27,simulated,"ClearWay simulated sample data - NOT a real observation, generated by data/generate_sample_data.py"
SIM-LGT-044-007,26.970000,75.585000,lit,2026-04-24,simulated,"ClearWay simulated sample data - NOT a real observation, generated by data/generate_sample_data.py"
SIM-LGT-044-008,26.970000,75.590000,lit,2026-04-30,simulated,"ClearWay simulated sample data - NOT a real observation, generated by data/generate_sample_data.py"
SIM-LGT-044-009,26.970000,75.595000,partial,2025-10-18,simulated,"ClearWay simulated sample data - NOT a real observation, generated by data/generate_sample_data.py"
SIM-LGT-044-010,26.970000,75.600000,lit,2025-08-31,simulated,"ClearWay simulated sample data - NOT a real observation, generated by data/generate_sample_data.py"
SIM-LGT-044-011,26.970000,75.605000,lit,2025-09-07,simulated,"ClearWay simulated sample data - NOT a real observation, generated by data/generate_sample_data.py"
SIM-LGT-044-012,26.970000,75.610000,lit,2026-04-14,simulated,"ClearWay simulated sample data - NOT a real observation, generated by data/generate_sample_data.py"
SIM-LGT-044-013,26.970000,75.615000,unlit,2026-09-09,simulated,"ClearWay simulated sample data - NOT a real observation, generated by data/generate_sample_data.py"
SIM-LGT-044-014,26.970000,75.620000,lit,2026-03-20,simulated,"ClearWay simulated sample data - NOT a real observation, generated by data/generate_sample_data.py"
SIM-LGT-044-015,26.970000,75.625000,lit,2026-04-08,simulated,"ClearWay simulated sample data - NOT a real observation, generated by data/generate_sample_data.py"
SIM-LGT-044-016,26.970000,75.630000,partial,2025-06-25,simulated,"ClearWay simulated sample data - NOT a real observation, generated by data/generate_sample_data.py"
SIM-LGT-044-017,26.970000,75.635000,unlit,2025-08-24,simulated,"ClearWay simulated sample data - NOT a real observation, generated by data/generate_sample_data.py"
SIM-LGT-044-018,26.970000,75.640000,lit,2025-07-01,simulated,"ClearWay simulated sample data - NOT a real observation, generated by data/generate_sample_data.py"
SIM-LGT-044-019,26.970000,75.645000,partial,2026-04-07,simulated,"ClearWay simulated sample data - NOT a real observation, generated by data/generate_sample_data.py"
SIM-LGT-044-020,26.970000,75.650000,partial,2026-07-28,simulated,"ClearWay simulated sample data - NOT a real observation, generated by data/generate_sample_data.py"
SIM-LGT-044-021,26.970000,75.655000,lit,2025-04-26,simulated,"ClearWay simulated sample data - NOT a real observation, generated by data/generate_sample_data.py"
SIM-LGT-044-022,26.970000,75.660000,lit,2025-05-02,simulated,"ClearWay simulated sample data - NOT a real observation, generated by data/generate_sample_data.py"
SIM-LGT-044-023,26.970000,75.665000,lit,2025-11-03,simulated,"ClearWay simulated sample data - NOT a real observation, generated by data/generate_sample_data.py"
SIM-LGT-044-024,26.970000,75.670000,lit,2025-10-25,simulated,"ClearWay simulated sample data - NOT a real observation, generated by data/generate_sample_data.py"
SIM-LGT-044-025,26.970000,75.675000,partial,2025-05-12,simulated,"ClearWay simulated sample data - NOT a real observation, generated by data/generate_sample_data.py"
SIM-LGT-044-026,26.970000,75.680000,partial,2025-10-01,simulated,"ClearWay simulated sample data - NOT a real observation, generated by data/generate_sample_data.py"
SIM-LGT-044-027,26.970000,75.685000,partial,2025-11-27,simulated,"ClearWay simulated sample data - NOT a real observation, generated by data/generate_sample_data.py"
SIM-LGT-044-028,26.970000,75.690000,lit,2025-06-01,simulated,"ClearWay simulated sample data - NOT a real observation, generated by data/generate_sample_data.py"
SIM-LGT-044-029,26.970000,75.695000,lit,2026-02-02,simulated,"ClearWay simulated sample data - NOT a real observation, generated by data/generate_sample_data.py"
SIM-LGT-044-030,26.970000,75.700000,lit,2026-06-28,simulated,"ClearWay simulated sample data - NOT a real observation, generated by data/generate_sample_data.py"
SIM-LGT-044-031,26.970000,75.705000,lit,2026-03-07,simulated,"ClearWay simulated sample data - NOT a real observation, generated by data/generate_sample_data.py"
SIM-LGT-044-032,26.970000,75.710000,lit,2025-10-03,simulated,"ClearWay simulated sample data - NOT a real observation, generated by data/generate_sample_data.py"
SIM-LGT-044-033,26.970000,75.715000,lit,2025-10-13,simulated,"ClearWay simulated sample data - NOT a real observation, generated by data/generate_sample_data.py"
SIM-LGT-044-034,26.970000,75.720000,partial,2025-08-13,simulated,"ClearWay simulated sample data - NOT a real observation, generated by data/generate_sample_data.py"
SIM-LGT-044-035,26.970000,75.725000,partial,2026-05-02,simulated,"ClearWay simulated sample data - NOT a real observation, generated by data/generate_sample_data.py"
SIM-LGT-044-036,26.970000,75.730000,partial,2025-11-17,simulated,"ClearWay simulated sample data - NOT a real observation, generated by data/generate_sample_data.py"
SIM-LGT-044-037,26.970000,75.735000,unlit,2026-08-24,simulated,"ClearWay simulated sample data - NOT a real observation, generated by data/generate_sample_data.py"
SIM-LGT-044-038,26.970000,75.740000,lit,2026-05-20,simulated,"ClearWay simulated sample data - NOT a real observation, generated by data/generate_sample_data.py"
SIM-LGT-044-039,26.970000,75.745000,lit,2026-03-21,simulated,"ClearWay simulated sample data - NOT a real observation, generated by data/generate_sample_data.py"
SIM-LGT-044-040,26.970000,75.750000,lit,2025-05-09,simulated,"ClearWay simulated sample data - NOT a real observation, generated by data/generate_sample_data.py"
SIM-LGT-044-041,26.970000,75.755000,lit,2025-05-26,simulated,"ClearWay simulated sample data - NOT a real observation, generated by data/generate_sample_data.py"
SIM-LGT-044-042,26.970000,75.760000,lit,2025-05-28,simulated,"ClearWay simulated sample data - NOT a real observation, generated by data/generate_sample_data.py"
SIM-LGT-044-043,26.970000,75.765000,partial,2026-04-20,simulated,"ClearWay simulated sample data - NOT a real observation, generated by data/generate_sample_data.py"
SIM-LGT-044-044,26.970000,75.770000,partial,2026-05-13,simulated,"ClearWay simulated sample data - NOT a real observation, generated by data/generate_sample_data.py"
SIM-LGT-044-045,26.970000,75.775000,lit,2025-05-30,simulated,"ClearWay simulated sample data - NOT a real observation, generated by data/generate_sample_data.py"
SIM-LGT-044-046,26.970000,75.780000,unlit,2026-08-05,simulated,"ClearWay simulated sample data - NOT a real observation, generated by data/generate_sample_data.py"
SIM-LGT-044-047,26.970000,75.785000,partial,2026-04-13,simulated,"ClearWay simulated sample data - NOT a real observation, generated by data/generate_sample_data.py"
SIM-LGT-044-048,26.970000,75.790000,lit,2026-03-12,simulated,"ClearWay simulated sample data - NOT a real observation, generated by data/generate_sample_data.py"
SIM-LGT-044-049,26.970000,75.795000,partial,2025-12-12,simulated,"ClearWay simulated sample data - NOT a real observation, generated by data/generate_sample_data.py"
SIM-LGT-044-050,26.970000,75.800000,lit,2025-10-17,simulated,"ClearWay simulated sample data - NOT a real observation, generated by data/generate_sample_data.py"
SIM-LGT-044-051,26.970000,75.805000,lit,2025-07-02,simulated,"ClearWay simulated sample data - NOT a real observation, generated by data/generate_sample_data.py"
SIM-LGT-044-052,26.970000,75.810000,partial,2025-11-18,simulated,"ClearWay simulated sample data - NOT a real observation, generated by data/generate_sample_data.py"
SIM-LGT-044-053,26.970000,75.815000,lit,2025-11-11,simulated,"ClearWay simulated sample data - NOT a real observation, generated by data/generate_sample_data.py"
SIM-LGT-044-054,26.970000,75.820000,partial,2026-05-18,simulated,"ClearWay simulated sample data - NOT a real observation, generated by data/generate_sample_data.py"
SIM-LGT-044-055,26.970000,75.825000,lit,2025-06-11,simulated,"ClearWay simulated sample data - NOT a real observation, generated by data/generate_sample_data.py"
SIM-LGT-044-056,26.970000,75.830000,unlit,2025-12-03,simulated,"ClearWay simulated sample data - NOT a real observation, generated by data/generate_sample_data.py"
SIM-LGT-044-057,26.970000,75.835000,lit,2026-08-06,simulated,"ClearWay simulated sample data - NOT a real observation, generated by data/generate_sample_data.py"
SIM-LGT-044-058,26.970000,75.840000,partial,2025-06-25,simulated,"ClearWay simulated sample data - NOT a real observation, generated by data/generate_sample_data.py"
SIM-LGT-044-059,26.970000,75.845000,unlit,2026-05-25,simulated,"ClearWay simulated sample data - NOT a real observation, generated by data/generate_sample_data.py"
SIM-LGT-044-060,26.970000,75.850000,lit,2025-12-12,simulated,"ClearWay simulated sample data - NOT a real observation, generated by data/generate_sample_data.py"
SIM-LGT-044-061,26.970000,75.855000,lit,2025-08-29,simulated,"ClearWay simulated sample data - NOT a real observation, generated by data/generate_sample_data.py"
SIM-LGT-044-062,26.970000,75.860000,unlit,2025-12-28,simulated,"ClearWay simulated sample data - NOT a real observation, generated by data/generate_sample_data.py"
SIM-LGT-044-063,26.970000,75.865000,unlit,2025-10-26,simulated,"ClearWay simulated sample data - NOT a real observation, generated by data/generate_sample_data.py"
SIM-LGT-044-064,26.970000,75.870000,unlit,2026-07-31,simulated,"ClearWay simulated sample data - NOT a real observation, generated by data/generate_sample_data.py"
SIM-LGT-044-065,26.970000,75.875000,lit,2026-03-18,simulated,"ClearWay simulated sample data - NOT a real observation, generated by data/generate_sample_data.py"
SIM-LGT-044-066,26.970000,75.880000,lit,2025-05-28,simulated,"ClearWay simulated sample data - NOT a real observation, generated by data/generate_sample_data.py"
SIM-LGT-044-067,26.970000,75.885000,lit,2025-10-08,simulated,"ClearWay simulated sample data - NOT a real observation, generated by data/generate_sample_data.py"
SIM-LGT-044-068,26.970000,75.890000,lit,2025-12-06,simulated,"ClearWay simulated sample data - NOT a real observation, generated by data/generate_sample_data.py"
SIM-LGT-044-069,26.970000,75.895000,lit,2025-12-30,simulated,"ClearWay simulated sample data - NOT a real observation, generated by data/generate_sample_data.py"
SIM-LGT-044-070,26.970000,75.900000,partial,2026-03-13,simulated,"ClearWay simulated sample data - NOT a real observation, generated by data/generate_sample_data.py"
SIM-LGT-045-000,26.975000,75.550000,lit,2025-07-03,simulated,"ClearWay simulated sample data - NOT a real observation, generated by data/generate_sample_data.py"
SIM-LGT-045-001,26.975000,75.555000,partial,2026-08-01,simulated,"ClearWay simulated sample data - NOT a real observation, generated by data/generate_sample_data.py"
SIM-LGT-045-002,26.975000,75.560000,lit,2025-11-23,simulated,"ClearWay simulated sample data - NOT a real observation, generated by data/generate_sample_data.py"
SIM-LGT-045-003,26.975000,75.565000,lit,2025-05-08,simulated,"ClearWay simulated sample data - NOT a real observation, generated by data/generate_sample_data.py"
SIM-LGT-045-004,26.975000,75.570000,partial,2026-05-09,simulated,"ClearWay simulated sample data - NOT a real observation, generated by data/generate_sample_data.py"
SIM-LGT-045-005,26.975000,75.575000,lit,2026-01-31,simulated,"ClearWay simulated sample data - NOT a real observation, generated by data/generate_sample_data.py"
SIM-LGT-045-006,26.975000,75.580000,lit,2025-11-19,simulated,"ClearWay simulated sample data - NOT a real observation, generated by data/generate_sample_data.py"
SIM-LGT-045-007,26.975000,75.585000,lit,2026-02-01,simulated,"ClearWay simulated sample data - NOT a real observation, generated by data/generate_sample_data.py"
SIM-LGT-045-008,26.975000,75.590000,unlit,2026-07-11,simulated,"ClearWay simulated sample data - NOT a real observation, generated by data/generate_sample_data.py"
SIM-LGT-045-009,26.975000,75.595000,lit,2026-06-28,simulated,"ClearWay simulated sample data - NOT a real observation, generated by data/generate_sample_data.py"
SIM-LGT-045-010,26.975000,75.600000,unlit,2025-11-01,simulated,"ClearWay simulated sample data - NOT a real observation, generated by data/generate_sample_data.py"
SIM-LGT-045-011,26.975000,75.605000,lit,2026-01-09,simulated,"ClearWay simulated sample data - NOT a real observation, generated by data/generate_sample_data.py"
SIM-LGT-045-012,26.975000,75.610000,lit,2025-12-17,simulated,"ClearWay simulated sample data - NOT a real observation, generated by data/generate_sample_data.py"
SIM-LGT-045-013,26.975000,75.615000,lit,2025-04-18,simulated,"ClearWay simulated sample data - NOT a real observation, generated by data/generate_sample_data.py"
SIM-LGT-045-014,26.975000,75.620000,lit,2026-06-12,simulated,"ClearWay simulated sample data - NOT a real observation, generated by data/generate_sample_data.py"
SIM-LGT-045-015,26.975000,75.625000,lit,2026-07-29,simulated,"ClearWay simulated sample data - NOT a real observation, generated by data/generate_sample_data.py"
SIM-LGT-045-016,26.975000,75.630000,lit,2025-06-02,simulated,"ClearWay simulated sample data - NOT a real observation, generated by data/generate_sample_data.py"
SIM-LGT-045-017,26.975000,75.635000,lit,2025-11-12,simulated,"ClearWay simulated sample data - NOT a real observation, generated by data/generate_sample_data.py"
SIM-LGT-045-018,26.975000,75.640000,lit,2026-01-02,simulated,"ClearWay simulated sample data - NOT a real observation, generated by data/generate_sample_data.py"
SIM-LGT-045-019,26.975000,75.645000,lit,2025-06-16,simulated,"ClearWay simulated sample data - NOT a real observation, generated by data/generate_sample_data.py"
SIM-LGT-045-020,26.975000,75.650000,unlit,2025-06-16,simulated,"ClearWay simulated sample data - NOT a real observation, generated by data/generate_sample_data.py"
SIM-LGT-045-021,26.975000,75.655000,partial,2025-05-05,simulated,"ClearWay simulated sample data - NOT a real observation, generated by data/generate_sample_data.py"
SIM-LGT-045-022,26.975000,75.660000,partial,2025-08-10,simulated,"ClearWay simulated sample data - NOT a real observation, generated by data/generate_sample_data.py"
SIM-LGT-045-023,26.975000,75.665000,lit,2025-10-10,simulated,"ClearWay simulated sample data - NOT a real observation, generated by data/generate_sample_data.py"
SIM-LGT-045-024,26.975000,75.670000,lit,2025-10-11,simulated,"ClearWay simulated sample data - NOT a real observation, generated by data/generate_sample_data.py"
SIM-LGT-045-025,26.975000,75.675000,partial,2026-05-08,simulated,"ClearWay simulated sample data - NOT a real observation, generated by data/generate_sample_data.py"
SIM-LGT-045-026,26.975000,75.680000,unlit,2025-08-17,simulated,"ClearWay simulated sample data - NOT a real observation, generated by data/generate_sample_data.py"
SIM-LGT-045-027,26.975000,75.685000,lit,2026-08-24,simulated,"ClearWay simulated sample data - NOT a real observation, generated by data/generate_sample_data.py"
SIM-LGT-045-028,26.975000,75.690000,unlit,2026-04-10,simulated,"ClearWay simulated sample data - NOT a real observation, generated by data/generate_sample_data.py"
SIM-LGT-045-029,26.975000,75.695000,lit,2025-08-18,simulated,"ClearWay simulated sample data - NOT a real observation, generated by data/generate_sample_data.py"
SIM-LGT-045-030,26.975000,75.700000,partial,2025-11-17,simulated,"ClearWay simulated sample data - NOT a real observation, generated by data/generate_sample_data.py"
SIM-LGT-045-031,26.975000,75.705000,unlit,2026-05-16,simulated,"ClearWay simulated sample data - NOT a real observation, generated by data/generate_sample_data.py"
SIM-LGT-045-032,26.975000,75.710000,lit,2026-08-18,simulated,"ClearWay simulated sample data - NOT a real observation, generated by data/generate_sample_data.py"
SIM-LGT-045-033,26.975000,75.715000,lit,2025-10-03,simulated,"ClearWay simulated sample data - NOT a real observation, generated by data/generate_sample_data.py"
SIM-LGT-045-034,26.975000,75.720000,lit,2026-01-22,simulated,"ClearWay simulated sample data - NOT a real observation, generated by data/generate_sample_data.py"
SIM-LGT-045-035,26.975000,75.725000,lit,2025-11-20,simulated,"ClearWay simulated sample data - NOT a real observation, generated by data/generate_sample_data.py"
SIM-LGT-045-036,26.975000,75.730000,lit,2025-05-11,simulated,"ClearWay simulated sample data - NOT a real observation, generated by data/generate_sample_data.py"
SIM-LGT-045-037,26.975000,75.735000,partial,2026-09-06,simulated,"ClearWay simulated sample data - NOT a real observation, generated by data/generate_sample_data.py"
SIM-LGT-045-038,26.975000,75.740000,unlit,2025-10-05,simulated,"ClearWay simulated sample data - NOT a real observation, generated by data/generate_sample_data.py"
SIM-LGT-045-039,26.975000,75.745000,lit,2026-09-08,simulated,"ClearWay simulated sample data - NOT a real observation, generated by data/generate_sample_data.py"
SIM-LGT-045-040,26.975000,75.750000,lit,2026-07-30,simulated,"ClearWay simulated sample data - NOT a real observation, generated by data/generate_sample_data.py"
SIM-LGT-045-041,26.975000,75.755000,partial,2025-11-19,simulated,"ClearWay simulated sample data - NOT a real observation, generated by data/generate_sample_data.py"
SIM-LGT-045-042,26.975000,75.760000,lit,2026-03-21,simulated,"ClearWay simulated sample data - NOT a real observation, generated by data/generate_sample_data.py"
SIM-LGT-045-043,26.975000,75.765000,partial,2026-03-14,simulated,"ClearWay simulated sample data - NOT a real observation, generated by data/generate_sample_data.py"
SIM-LGT-045-044,26.975000,75.770000,lit,2025-10-22,simulated,"ClearWay simulated sample data - NOT a real observation, generated by data/generate_sample_data.py"
SIM-LGT-045-045,26.975000,75.775000,partial,2026-04-13,simulated,"ClearWay simulated sample data - NOT a real observation, generated by data/generate_sample_data.py"
SIM-LGT-045-046,26.975000,75.780000,lit,2025-11-08,simulated,"ClearWay simulated sample data - NOT a real observation, generated by data/generate_sample_data.py"
SIM-LGT-045-047,26.975000,75.785000,unlit,2026-03-15,simulated,"ClearWay simulated sample data - NOT a real observation, generated by data/generate_sample_data.py"
SIM-LGT-045-048,26.975000,75.790000,lit,2026-04-21,simulated,"ClearWay simulated sample data - NOT a real observation, generated by data/generate_sample_data.py"
SIM-LGT-045-049,26.975000,75.795000,lit,2025-08-04,simulated,"ClearWay simulated sample data - NOT a real observation, generated by data/generate_sample_data.py"
SIM-LGT-045-050,26.975000,75.800000,lit,2026-03-31,simulated,"ClearWay simulated sample data - NOT a real observation, generated by data/generate_sample_data.py"
SIM-LGT-045-051,26.975000,75.805000,partial,2025-09-19,simulated,"ClearWay simulated sample data - NOT a real observation, generated by data/generate_sample_data.py"
SIM-LGT-045-052,26.975000,75.810000,lit,2026-08-29,simulated,"ClearWay simulated sample data - NOT a real observation, generated by data/generate_sample_data.py"
SIM-LGT-045-053,26.975000,75.815000,partial,2026-01-13,simulated,"ClearWay simulated sample data - NOT a real observation, generated by data/generate_sample_data.py"
SIM-LGT-045-054,26.975000,75.820000,lit,2025-08-08,simulated,"ClearWay simulated sample data - NOT a real observation, generated by data/generate_sample_data.py"
SIM-LGT-045-055,26.975000,75.825000,lit,2025-09-02,simulated,"ClearWay simulated sample data - NOT a real observation, generated by data/generate_sample_data.py"
SIM-LGT-045-056,26.975000,75.830000,partial,2026-02-02,simulated,"ClearWay simulated sample data - NOT a real observation, generated by data/generate_sample_data.py"
SIM-LGT-045-057,26.975000,75.835000,unlit,2025-06-21,simulated,"ClearWay simulated sample data - NOT a real observation, generated by data/generate_sample_data.py"
SIM-LGT-045-058,26.975000,75.840000,partial,2026-05-06,simulated,"ClearWay simulated sample data - NOT a real observation, generated by data/generate_sample_data.py"
SIM-LGT-045-059,26.975000,75.845000,lit,2026-09-06,simulated,"ClearWay simulated sample data - NOT a real observation, generated by data/generate_sample_data.py"
SIM-LGT-045-060,26.975000,75.850000,lit,2026-01-03,simulated,"ClearWay simulated sample data - NOT a real observation, generated by data/generate_sample_data.py"
SIM-LGT-045-061,26.975000,75.855000,lit,2025-09-04,simulated,"ClearWay simulated sample data - NOT a real observation, generated by data/generate_sample_data.py"
SIM-LGT-045-062,26.975000,75.860000,unlit,2025-07-16,simulated,"ClearWay simulated sample data - NOT a real observation, generated by data/generate_sample_data.py"
SIM-LGT-045-063,26.975000,75.865000,lit,2025-09-27,simulated,"ClearWay simulated sample data - NOT a real observation, generated by data/generate_sample_data.py"
SIM-LGT-045-064,26.975000,75.870000,unlit,2026-01-03,simulated,"ClearWay simulated sample data - NOT a real observation, generated by data/generate_sample_data.py"
SIM-LGT-045-065,26.975000,75.875000,partial,2026-06-24,simulated,"ClearWay simulated sample data - NOT a real observation, generated by data/generate_sample_data.py"
SIM-LGT-045-066,26.975000,75.880000,lit,2025-05-07,simulated,"ClearWay simulated sample data - NOT a real observation, generated by data/generate_sample_data.py"
SIM-LGT-045-067,26.975000,75.885000,lit,2025-08-04,simulated,"ClearWay simulated sample data - NOT a real observation, generated by data/generate_sample_data.py"
SIM-LGT-045-068,26.975000,75.890000,partial,2026-09-10,simulated,"ClearWay simulated sample data - NOT a real observation, generated by data/generate_sample_data.py"
SIM-LGT-045-069,26.975000,75.895000,unlit,2026-03-05,simulated,"ClearWay simulated sample data - NOT a real observation, generated by data/generate_sample_data.py"
SIM-LGT-045-070,26.975000,75.900000,lit,2025-08-09,simulated,"ClearWay simulated sample data - NOT a real observation, generated by data/generate_sample_data.py"
SIM-LGT-046-000,26.980000,75.550000,partial,2026-02-16,simulated,"ClearWay simulated sample data - NOT a real observation, generated by data/generate_sample_data.py"
SIM-LGT-046-001,26.980000,75.555000,lit,2026-01-25,simulated,"ClearWay simulated sample data - NOT a real observation, generated by data/generate_sample_data.py"
SIM-LGT-046-002,26.980000,75.560000,unlit,2025-08-13,simulated,"ClearWay simulated sample data - NOT a real observation, generated by data/generate_sample_data.py"
SIM-LGT-046-003,26.980000,75.565000,lit,2025-10-31,simulated,"ClearWay simulated sample data - NOT a real observation, generated by data/generate_sample_data.py"
SIM-LGT-046-004,26.980000,75.570000,partial,2025-05-04,simulated,"ClearWay simulated sample data - NOT a real observation, generated by data/generate_sample_data.py"
SIM-LGT-046-005,26.980000,75.575000,lit,2026-04-13,simulated,"ClearWay simulated sample data - NOT a real observation, generated by data/generate_sample_data.py"
SIM-LGT-046-006,26.980000,75.580000,unlit,2026-07-24,simulated,"ClearWay simulated sample data - NOT a real observation, generated by data/generate_sample_data.py"
SIM-LGT-046-007,26.980000,75.585000,lit,2025-12-18,simulated,"ClearWay simulated sample data - NOT a real observation, generated by data/generate_sample_data.py"
SIM-LGT-046-008,26.980000,75.590000,partial,2026-08-16,simulated,"ClearWay simulated sample data - NOT a real observation, generated by data/generate_sample_data.py"
SIM-LGT-046-009,26.980000,75.595000,lit,2025-07-01,simulated,"ClearWay simulated sample data - NOT a real observation, generated by data/generate_sample_data.py"
SIM-LGT-046-010,26.980000,75.600000,lit,2026-05-15,simulated,"ClearWay simulated sample data - NOT a real observation, generated by data/generate_sample_data.py"
SIM-LGT-046-011,26.980000,75.605000,partial,2026-01-21,simulated,"ClearWay simulated sample data - NOT a real observation, generated by data/generate_sample_data.py"
SIM-LGT-046-012,26.980000,75.610000,lit,2025-05-14,simulated,"ClearWay simulated sample data - NOT a real observation, generated by data/generate_sample_data.py"
SIM-LGT-046-013,26.980000,75.615000,lit,2026-01-17,simulated,"ClearWay simulated sample data - NOT a real observation, generated by data/generate_sample_data.py"
SIM-LGT-046-014,26.980000,75.620000,lit,2026-07-04,simulated,"ClearWay simulated sample data - NOT a real observation, generated by data/generate_sample_data.py"
SIM-LGT-046-015,26.980000,75.625000,lit,2026-08-19,simulated,"ClearWay simulated sample data - NOT a real observation, generated by data/generate_sample_data.py"
SIM-LGT-046-016,26.980000,75.630000,lit,2025-04-25,simulated,"ClearWay simulated sample data - NOT a real observation, generated by data/generate_sample_data.py"
SIM-LGT-046-017,26.980000,75.635000,lit,2026-03-10,simulated,"ClearWay simulated sample data - NOT a real observation, generated by data/generate_sample_data.py"
SIM-LGT-046-018,26.980000,75.640000,partial,2026-02-14,simulated,"ClearWay simulated sample data - NOT a real observation, generated by data/generate_sample_data.py"
SIM-LGT-046-019,26.980000,75.645000,lit,2025-04-25,simulated,"ClearWay simulated sample data - NOT a real observation, generated by data/generate_sample_data.py"
SIM-LGT-046-020,26.980000,75.650000,lit,2026-01-11,simulated,"ClearWay simulated sample data - NOT a real observation, generated by data/generate_sample_data.py"
SIM-LGT-046-021,26.980000,75.655000,partial,2025-08-19,simulated,"ClearWay simulated sample data - NOT a real observation, generated by data/generate_sample_data.py"
SIM-LGT-046-022,26.980000,75.660000,lit,2025-11-09,simulated,"ClearWay simulated sample data - NOT a real observation, generated by data/generate_sample_data.py"
SIM-LGT-046-023,26.980000,75.665000,partial,2026-07-14,simulated,"ClearWay simulated sample data - NOT a real observation, generated by data/generate_sample_data.py"
SIM-LGT-046-024,26.980000,75.670000,lit,2025-05-24,simulated,"ClearWay simulated sample data - NOT a real observation, generated by data/generate_sample_data.py"
SIM-LGT-046-025,26.980000,75.675000,partial,2025-09-30,simulated,"ClearWay simulated sample data - NOT a real observation, generated by data/generate_sample_data.py"
SIM-LGT-046-026,26.980000,75.680000,partial,2026-07-14,simulated,"ClearWay simulated sample data - NOT a real observation, generated by data/generate_sample_data.py"
SIM-LGT-046-027,26.980000,75.685000,partial,2025-11-19,simulated,"ClearWay simulated sample data - NOT a real observation, generated by data/generate_sample_data.py"
SIM-LGT-046-028,26.980000,75.690000,lit,2025-06-08,simulated,"ClearWay simulated sample data - NOT a real observation, generated by data/generate_sample_data.py"
SIM-LGT-046-029,26.980000,75.695000,lit,2026-04-06,simulated,"ClearWay simulated sample data - NOT a real observation, generated by data/generate_sample_data.py"
SIM-LGT-046-030,26.980000,75.700000,lit,2026-09-06,simulated,"ClearWay simulated sample data - NOT a real observation, generated by data/generate_sample_data.py"
SIM-LGT-046-031,26.980000,75.705000,partial,2025-04-29,simulated,"ClearWay simulated sample data - NOT a real observation, generated by data/generate_sample_data.py"
SIM-LGT-046-032,26.980000,75.710000,lit,2025-12-20,simulated,"ClearWay simulated sample data - NOT a real observation, generated by data/generate_sample_data.py"
SIM-LGT-046-033,26.980000,75.715000,partial,2026-05-02,simulated,"ClearWay simulated sample data - NOT a real observation, generated by data/generate_sample_data.py"
SIM-LGT-046-034,26.980000,75.720000,partial,2025-08-31,simulated,"ClearWay simulated sample data - NOT a real observation, generated by data/generate_sample_data.py"
SIM-LGT-046-035,26.980000,75.725000,lit,2025-10-13,simulated,"ClearWay simulated sample data - NOT a real observation, generated by data/generate_sample_data.py"
SIM-LGT-046-036,26.980000,75.730000,partial,2025-09-07,simulated,"ClearWay simulated sample data - NOT a real observation, generated by data/generate_sample_data.py"
SIM-LGT-046-037,26.980000,75.735000,unlit,2026-01-15,simulated,"ClearWay simulated sample data - NOT a real observation, generated by data/generate_sample_data.py"
SIM-LGT-046-038,26.980000,75.740000,lit,2026-01-15,simulated,"ClearWay simulated sample data - NOT a real observation, generated by data/generate_sample_data.py"
SIM-LGT-046-039,26.980000,75.745000,lit,2025-06-22,simulated,"ClearWay simulated sample data - NOT a real observation, generated by data/generate_sample_data.py"
SIM-LGT-046-040,26.980000,75.750000,lit,2025-12-05,simulated,"ClearWay simulated sample data - NOT a real observation, generated by data/generate_sample_data.py"
SIM-LGT-046-041,26.980000,75.755000,lit,2026-04-23,simulated,"ClearWay simulated sample data - NOT a real observation, generated by data/generate_sample_data.py"
SIM-LGT-046-042,26.980000,75.760000,lit,2026-02-27,simulated,"ClearWay simulated sample data - NOT a real observation, generated by data/generate_sample_data.py"
SIM-LGT-046-043,26.980000,75.765000,lit,2025-12-25,simulated,"ClearWay simulated sample data - NOT a real observation, generated by data/generate_sample_data.py"
SIM-LGT-046-044,26.980000,75.770000,lit,2026-04-25,simulated,"ClearWay simulated sample data - NOT a real observation, generated by data/generate_sample_data.py"
SIM-LGT-046-045,26.980000,75.775000,lit,2025-11-26,simulated,"ClearWay simulated sample data - NOT a real observation, generated by data/generate_sample_data.py"
SIM-LGT-046-046,26.980000,75.780000,unlit,2026-08-17,simulated,"ClearWay simulated sample data - NOT a real observation, generated by data/generate_sample_data.py"
SIM-LGT-046-047,26.980000,75.785000,lit,2025-06-15,simulated,"ClearWay simulated sample data - NOT a real observation, generated by data/generate_sample_data.py"
SIM-LGT-046-048,26.980000,75.790000,lit,2025-11-28,simulated,"ClearWay simulated sample data - NOT a real observation, generated by data/generate_sample_data.py"
SIM-LGT-046-049,26.980000,75.795000,lit,2025-06-17,simulated,"ClearWay simulated sample data - NOT a real observation, generated by data/generate_sample_data.py"
SIM-LGT-046-050,26.980000,75.800000,lit,2025-08-21,simulated,"ClearWay simulated sample data - NOT a real observation, generated by data/generate_sample_data.py"
SIM-LGT-046-051,26.980000,75.805000,lit,2026-04-12,simulated,"ClearWay simulated sample data - NOT a real observation, generated by data/generate_sample_data.py"
SIM-LGT-046-052,26.980000,75.810000,partial,2025-05-24,simulated,"ClearWay simulated sample data - NOT a real observation, generated by data/generate_sample_data.py"
SIM-LGT-046-053,26.980000,75.815000,unlit,2025-04-24,simulated,"ClearWay simulated sample data - NOT a real observation, generated by data/generate_sample_data.py"
SIM-LGT-046-054,26.980000,75.820000,lit,2026-06-08,simulated,"ClearWay simulated sample data - NOT a real observation, generated by data/generate_sample_data.py"
SIM-LGT-046-055,26.980000,75.825000,lit,2026-08-29,simulated,"ClearWay simulated sample data - NOT a real observation, generated by data/generate_sample_data.py"
SIM-LGT-046-056,26.980000,75.830000,lit,2026-01-05,simulated,"ClearWay simulated sample data - NOT a real observation, generated by data/generate_sample_data.py"
SIM-LGT-046-057,26.980000,75.835000,unlit,2025-09-19,simulated,"ClearWay simulated sample data - NOT a real observation, generated by data/generate_sample_data.py"
SIM-LGT-046-058,26.980000,75.840000,partial,2025-06-05,simulated,"ClearWay simulated sample data - NOT a real observation, generated by data/generate_sample_data.py"
SIM-LGT-046-059,26.980000,75.845000,lit,2026-02-07,simulated,"ClearWay simulated sample data - NOT a real observation, generated by data/generate_sample_data.py"
SIM-LGT-046-060,26.980000,75.850000,lit,2025-07-11,simulated,"ClearWay simulated sample data - NOT a real observation, generated by data/generate_sample_data.py"
SIM-LGT-046-061,26.980000,75.855000,lit,2025-11-05,simulated,"ClearWay simulated sample data - NOT a real observation, generated by data/generate_sample_data.py"
SIM-LGT-046-062,26.980000,75.860000,lit,2025-06-27,simulated,"ClearWay simulated sample data - NOT a real observation, generated by data/generate_sample_data.py"
SIM-LGT-046-063,26.980000,75.865000,lit,2025-08-25,simulated,"ClearWay simulated sample data - NOT a real observation, generated by data/generate_sample_data.py"
SIM-LGT-046-064,26.980000,75.870000,unlit,2026-07-20,simulated,"ClearWay simulated sample data - NOT a real observation, generated by data/generate_sample_data.py"
SIM-LGT-046-065,26.980000,75.875000,partial,2026-05-29,simulated,"ClearWay simulated sample data - NOT a real observation, generated by data/generate_sample_data.py"
SIM-LGT-046-066,26.980000,75.880000,partial,2025-12-03,simulated,"ClearWay simulated sample data - NOT a real observation, generated by data/generate_sample_data.py"
SIM-LGT-046-067,26.980000,75.885000,unlit,2025-11-17,simulated,"ClearWay simulated sample data - NOT a real observation, generated by data/generate_sample_data.py"
SIM-LGT-046-068,26.980000,75.890000,partial,2025-09-04,simulated,"ClearWay simulated sample data - NOT a real observation, generated by data/generate_sample_data.py"
SIM-LGT-046-069,26.980000,75.895000,partial,2025-12-05,simulated,"ClearWay simulated sample data - NOT a real observation, generated by data/generate_sample_data.py"
SIM-LGT-046-070,26.980000,75.900000,lit,2026-06-21,simulated,"ClearWay simulated sample data - NOT a real observation, generated by data/generate_sample_data.py"
SIM-LGT-047-000,26.985000,75.550000,lit,2026-08-27,simulated,"ClearWay simulated sample data - NOT a real observation, generated by data/generate_sample_data.py"
SIM-LGT-047-001,26.985000,75.555000,unlit,2025-10-06,simulated,"ClearWay simulated sample data - NOT a real observation, generated by data/generate_sample_data.py"
SIM-LGT-047-002,26.985000,75.560000,partial,2025-06-17,simulated,"ClearWay simulated sample data - NOT a real observation, generated by data/generate_sample_data.py"
SIM-LGT-047-003,26.985000,75.565000,lit,2026-04-17,simulated,"ClearWay simulated sample data - NOT a real observation, generated by data/generate_sample_data.py"
SIM-LGT-047-004,26.985000,75.570000,lit,2025-12-29,simulated,"ClearWay simulated sample data - NOT a real observation, generated by data/generate_sample_data.py"
SIM-LGT-047-005,26.985000,75.575000,partial,2026-08-31,simulated,"ClearWay simulated sample data - NOT a real observation, generated by data/generate_sample_data.py"
SIM-LGT-047-006,26.985000,75.580000,unlit,2026-04-06,simulated,"ClearWay simulated sample data - NOT a real observation, generated by data/generate_sample_data.py"
SIM-LGT-047-007,26.985000,75.585000,lit,2026-05-09,simulated,"ClearWay simulated sample data - NOT a real observation, generated by data/generate_sample_data.py"
SIM-LGT-047-008,26.985000,75.590000,partial,2026-04-04,simulated,"ClearWay simulated sample data - NOT a real observation, generated by data/generate_sample_data.py"
SIM-LGT-047-009,26.985000,75.595000,lit,2026-03-27,simulated,"ClearWay simulated sample data - NOT a real observation, generated by data/generate_sample_data.py"
SIM-LGT-047-010,26.985000,75.600000,partial,2025-07-10,simulated,"ClearWay simulated sample data - NOT a real observation, generated by data/generate_sample_data.py"
SIM-LGT-047-011,26.985000,75.605000,lit,2025-09-14,simulated,"ClearWay simulated sample data - NOT a real observation, generated by data/generate_sample_data.py"
SIM-LGT-047-012,26.985000,75.610000,lit,2026-08-04,simulated,"ClearWay simulated sample data - NOT a real observation, generated by data/generate_sample_data.py"
SIM-LGT-047-013,26.985000,75.615000,partial,2025-07-17,simulated,"ClearWay simulated sample data - NOT a real observation, generated by data/generate_sample_data.py"
SIM-LGT-047-014,26.985000,75.620000,unlit,2025-10-29,simulated,"ClearWay simulated sample data - NOT a real observation, generated by data/generate_sample_data.py"
SIM-LGT-047-015,26.985000,75.625000,lit,2026-05-21,simulated,"ClearWay simulated sample data - NOT a real observation, generated by data/generate_sample_data.py"
SIM-LGT-047-016,26.985000,75.630000,unlit,2026-02-22,simulated,"ClearWay simulated sample data - NOT a real observation, generated by data/generate_sample_data.py"
SIM-LGT-047-017,26.985000,75.635000,unlit,2026-05-29,simulated,"ClearWay simulated sample data - NOT a real observation, generated by data/generate_sample_data.py"
SIM-LGT-047-018,26.985000,75.640000,unlit,2025-07-07,simulated,"ClearWay simulated sample data - NOT a real observation, generated by data/generate_sample_data.py"
SIM-LGT-047-019,26.985000,75.645000,lit,2025-04-23,simulated,"ClearWay simulated sample data - NOT a real observation, generated by data/generate_sample_data.py"
SIM-LGT-047-020,26.985000,75.650000,partial,2025-11-27,simulated,"ClearWay simulated sample data - NOT a real observation, generated by data/generate_sample_data.py"
SIM-LGT-047-021,26.985000,75.655000,unlit,2025-05-26,simulated,"ClearWay simulated sample data - NOT a real observation, generated by data/generate_sample_data.py"
SIM-LGT-047-022,26.985000,75.660000,partial,2025-11-27,simulated,"ClearWay simulated sample data - NOT a real observation, generated by data/generate_sample_data.py"
SIM-LGT-047-023,26.985000,75.665000,lit,2026-05-02,simulated,"ClearWay simulated sample data - NOT a real observation, generated by data/generate_sample_data.py"
SIM-LGT-047-024,26.985000,75.670000,lit,2026-03-07,simulated,"ClearWay simulated sample data - NOT a real observation, generated by data/generate_sample_data.py"
SIM-LGT-047-025,26.985000,75.675000,lit,2026-04-24,simulated,"ClearWay simulated sample data - NOT a real observation, generated by data/generate_sample_data.py"
SIM-LGT-047-026,26.985000,75.680000,partial,2026-06-29,simulated,"ClearWay simulated sample data - NOT a real observation, generated by data/generate_sample_data.py"
SIM-LGT-047-027,26.985000,75.685000,unlit,2025-08-01,simulated,"ClearWay simulated sample data - NOT a real observation, generated by data/generate_sample_data.py"
SIM-LGT-047-028,26.985000,75.690000,partial,2026-04-26,simulated,"ClearWay simulated sample data - NOT a real observation, generated by data/generate_sample_data.py"
SIM-LGT-047-029,26.985000,75.695000,lit,2026-05-16,simulated,"ClearWay simulated sample data - NOT a real observation, generated by data/generate_sample_data.py"
SIM-LGT-047-030,26.985000,75.700000,unlit,2025-12-18,simulated,"ClearWay simulated sample data - NOT a real observation, generated by data/generate_sample_data.py"
SIM-LGT-047-031,26.985000,75.705000,lit,2026-09-07,simulated,"ClearWay simulated sample data - NOT a real observation, generated by data/generate_sample_data.py"
SIM-LGT-047-032,26.985000,75.710000,lit,2026-04-05,simulated,"ClearWay simulated sample data - NOT a real observation, generated by data/generate_sample_data.py"
SIM-LGT-047-033,26.985000,75.715000,unlit,2025-12-30,simulated,"ClearWay simulated sample data - NOT a real observation, generated by data/generate_sample_data.py"
SIM-LGT-047-034,26.985000,75.720000,lit,2026-02-16,simulated,"ClearWay simulated sample data - NOT a real observation, generated by data/generate_sample_data.py"
SIM-LGT-047-035,26.985000,75.725000,lit,2026-06-18,simulated,"ClearWay simulated sample data - NOT a real observation, generated by data/generate_sample_data.py"
SIM-LGT-047-036,26.985000,75.730000,partial,2025-09-17,simulated,"ClearWay simulated sample data - NOT a real observation, generated by data/generate_sample_data.py"
SIM-LGT-047-037,26.985000,75.735000,lit,2025-07-07,simulated,"ClearWay simulated sample data - NOT a real observation, generated by data/generate_sample_data.py"
SIM-LGT-047-038,26.985000,75.740000,partial,2026-03-04,simulated,"ClearWay simulated sample data - NOT a real observation, generated by data/generate_sample_data.py"
SIM-LGT-047-039,26.985000,75.745000,partial,2026-02-05,simulated,"ClearWay simulated sample data - NOT a real observation, generated by data/generate_sample_data.py"
SIM-LGT-047-040,26.985000,75.750000,partial,2026-07-13,simulated,"ClearWay simulated sample data - NOT a real observation, generated by data/generate_sample_data.py"
SIM-LGT-047-041,26.985000,75.755000,unlit,2025-05-14,simulated,"ClearWay simulated sample data - NOT a real observation, generated by data/generate_sample_data.py"
SIM-LGT-047-042,26.985000,75.760000,lit,2025-06-15,simulated,"ClearWay simulated sample data - NOT a real observation, generated by data/generate_sample_data.py"
SIM-LGT-047-043,26.985000,75.765000,lit,2025-12-18,simulated,"ClearWay simulated sample data - NOT a real observation, generated by data/generate_sample_data.py"
SIM-LGT-047-044,26.985000,75.770000,partial,2026-08-01,simulated,"ClearWay simulated sample data - NOT a real observation, generated by data/generate_sample_data.py"
SIM-LGT-047-045,26.985000,75.775000,unlit,2026-09-04,simulated,"ClearWay simulated sample data - NOT a real observation, generated by data/generate_sample_data.py"
SIM-LGT-047-046,26.985000,75.780000,lit,2025-05-02,simulated,"ClearWay simulated sample data - NOT a real observation, generated by data/generate_sample_data.py"
SIM-LGT-047-047,26.985000,75.785000,lit,2026-05-23,simulated,"ClearWay simulated sample data - NOT a real observation, generated by data/generate_sample_data.py"
SIM-LGT-047-048,26.985000,75.790000,unlit,2026-05-10,simulated,"ClearWay simulated sample data - NOT a real observation, generated by data/generate_sample_data.py"
SIM-LGT-047-049,26.985000,75.795000,lit,2026-07-23,simulated,"ClearWay simulated sample data - NOT a real observation, generated by data/generate_sample_data.py"
SIM-LGT-047-050,26.985000,75.800000,lit,2026-01-17,simulated,"ClearWay simulated sample data - NOT a real observation, generated by data/generate_sample_data.py"
SIM-LGT-047-051,26.985000,75.805000,lit,2026-03-21,simulated,"ClearWay simulated sample data - NOT a real observation, generated by data/generate_sample_data.py"
SIM-LGT-047-052,26.985000,75.810000,lit,2025-12-19,simulated,"ClearWay simulated sample data - NOT a real observation, generated by data/generate_sample_data.py"
SIM-LGT-047-053,26.985000,75.815000,lit,2026-08-15,simulated,"ClearWay simulated sample data - NOT a real observation, generated by data/generate_sample_data.py"
SIM-LGT-047-054,26.985000,75.820000,lit,2025-07-07,simulated,"ClearWay simulated sample data - NOT a real observation, generated by data/generate_sample_data.py"
SIM-LGT-047-055,26.985000,75.825000,partial,2026-07-01,simulated,"ClearWay simulated sample data - NOT a real observation, generated by data/generate_sample_data.py"
SIM-LGT-047-056,26.985000,75.830000,lit,2025-10-24,simulated,"ClearWay simulated sample data - NOT a real observation, generated by data/generate_sample_data.py"
SIM-LGT-047-057,26.985000,75.835000,partial,2025-08-16,simulated,"ClearWay simulated sample data - NOT a real observation, generated by data/generate_sample_data.py"
SIM-LGT-047-058,26.985000,75.840000,lit,2025-09-26,simulated,"ClearWay simulated sample data - NOT a real observation, generated by data/generate_sample_data.py"
SIM-LGT-047-059,26.985000,75.845000,lit,2025-12-20,simulated,"ClearWay simulated sample data - NOT a real observation, generated by data/generate_sample_data.py"
SIM-LGT-047-060,26.985000,75.850000,partial,2025-08-12,simulated,"ClearWay simulated sample data - NOT a real observation, generated by data/generate_sample_data.py"
SIM-LGT-047-061,26.985000,75.855000,lit,2025-08-16,simulated,"ClearWay simulated sample data - NOT a real observation, generated by data/generate_sample_data.py"
SIM-LGT-047-062,26.985000,75.860000,partial,2025-11-27,simulated,"ClearWay simulated sample data - NOT a real observation, generated by data/generate_sample_data.py"
SIM-LGT-047-063,26.985000,75.865000,lit,2025-10-14,simulated,"ClearWay simulated sample data - NOT a real observation, generated by data/generate_sample_data.py"
SIM-LGT-047-064,26.985000,75.870000,partial,2025-10-23,simulated,"ClearWay simulated sample data - NOT a real observation, generated by data/generate_sample_data.py"
SIM-LGT-047-065,26.985000,75.875000,lit,2025-11-26,simulated,"ClearWay simulated sample data - NOT a real observation, generated by data/generate_sample_data.py"
SIM-LGT-047-066,26.985000,75.880000,unlit,2025-10-10,simulated,"ClearWay simulated sample data - NOT a real observation, generated by data/generate_sample_data.py"
SIM-LGT-047-067,26.985000,75.885000,unlit,2026-02-06,simulated,"ClearWay simulated sample data - NOT a real observation, generated by data/generate_sample_data.py"
SIM-LGT-047-068,26.985000,75.890000,partial,2026-02-01,simulated,"ClearWay simulated sample data - NOT a real observation, generated by data/generate_sample_data.py"
SIM-LGT-047-069,26.985000,75.895000,lit,2025-08-04,simulated,"ClearWay simulated sample data - NOT a real observation, generated by data/generate_sample_data.py"
SIM-LGT-047-070,26.985000,75.900000,lit,2025-08-11,simulated,"ClearWay simulated sample data - NOT a real observation, generated by data/generate_sample_data.py"
SIM-LGT-048-000,26.990000,75.550000,lit,2025-09-14,simulated,"ClearWay simulated sample data - NOT a real observation, generated by data/generate_sample_data.py"
SIM-LGT-048-001,26.990000,75.555000,lit,2026-05-06,simulated,"ClearWay simulated sample data - NOT a real observation, generated by data/generate_sample_data.py"
SIM-LGT-048-002,26.990000,75.560000,lit,2026-09-02,simulated,"ClearWay simulated sample data - NOT a real observation, generated by data/generate_sample_data.py"
SIM-LGT-048-003,26.990000,75.565000,partial,2025-10-17,simulated,"ClearWay simulated sample data - NOT a real observation, generated by data/generate_sample_data.py"
SIM-LGT-048-004,26.990000,75.570000,lit,2025-10-30,simulated,"ClearWay simulated sample data - NOT a real observation, generated by data/generate_sample_data.py"
SIM-LGT-048-005,26.990000,75.575000,lit,2026-07-17,simulated,"ClearWay simulated sample data - NOT a real observation, generated by data/generate_sample_data.py"
SIM-LGT-048-006,26.990000,75.580000,lit,2025-09-29,simulated,"ClearWay simulated sample data - NOT a real observation, generated by data/generate_sample_data.py"
SIM-LGT-048-007,26.990000,75.585000,lit,2025-12-06,simulated,"ClearWay simulated sample data - NOT a real observation, generated by data/generate_sample_data.py"
SIM-LGT-048-008,26.990000,75.590000,lit,2025-12-20,simulated,"ClearWay simulated sample data - NOT a real observation, generated by data/generate_sample_data.py"
SIM-LGT-048-009,26.990000,75.595000,lit,2025-10-04,simulated,"ClearWay simulated sample data - NOT a real observation, generated by data/generate_sample_data.py"
SIM-LGT-048-010,26.990000,75.600000,lit,2026-04-27,simulated,"ClearWay simulated sample data - NOT a real observation, generated by data/generate_sample_data.py"
SIM-LGT-048-011,26.990000,75.605000,partial,2026-02-09,simulated,"ClearWay simulated sample data - NOT a real observation, generated by data/generate_sample_data.py"
SIM-LGT-048-012,26.990000,75.610000,lit,2026-05-23,simulated,"ClearWay simulated sample data - NOT a real observation, generated by data/generate_sample_data.py"
SIM-LGT-048-013,26.990000,75.615000,lit,2025-06-13,simulated,"ClearWay simulated sample data - NOT a real observation, generated by data/generate_sample_data.py"
SIM-LGT-048-014,26.990000,75.620000,lit,2026-01-09,simulated,"ClearWay simulated sample data - NOT a real observation, generated by data/generate_sample_data.py"
SIM-LGT-048-015,26.990000,75.625000,lit,2026-06-06,simulated,"ClearWay simulated sample data - NOT a real observation, generated by data/generate_sample_data.py"
SIM-LGT-048-016,26.990000,75.630000,partial,2025-07-17,simulated,"ClearWay simulated sample data - NOT a real observation, generated by data/generate_sample_data.py"
SIM-LGT-048-017,26.990000,75.635000,partial,2026-07-23,simulated,"ClearWay simulated sample data - NOT a real observation, generated by data/generate_sample_data.py"
SIM-LGT-048-018,26.990000,75.640000,unlit,2025-07-10,simulated,"ClearWay simulated sample data - NOT a real observation, generated by data/generate_sample_data.py"
SIM-LGT-048-019,26.990000,75.645000,unlit,2025-08-09,simulated,"ClearWay simulated sample data - NOT a real observation, generated by data/generate_sample_data.py"
SIM-LGT-048-020,26.990000,75.650000,partial,2025-07-21,simulated,"ClearWay simulated sample data - NOT a real observation, generated by data/generate_sample_data.py"
SIM-LGT-048-021,26.990000,75.655000,partial,2026-05-11,simulated,"ClearWay simulated sample data - NOT a real observation, generated by data/generate_sample_data.py"
SIM-LGT-048-022,26.990000,75.660000,partial,2026-04-03,simulated,"ClearWay simulated sample data - NOT a real observation, generated by data/generate_sample_data.py"
SIM-LGT-048-023,26.990000,75.665000,partial,2026-02-22,simulated,"ClearWay simulated sample data - NOT a real observation, generated by data/generate_sample_data.py"
SIM-LGT-048-024,26.990000,75.670000,lit,2026-06-17,simulated,"ClearWay simulated sample data - NOT a real observation, generated by data/generate_sample_data.py"
SIM-LGT-048-025,26.990000,75.675000,lit,2025-07-12,simulated,"ClearWay simulated sample data - NOT a real observation, generated by data/generate_sample_data.py"
SIM-LGT-048-026,26.990000,75.680000,partial,2025-05-08,simulated,"ClearWay simulated sample data - NOT a real observation, generated by data/generate_sample_data.py"
SIM-LGT-048-027,26.990000,75.685000,lit,2025-06-03,simulated,"ClearWay simulated sample data - NOT a real observation, generated by data/generate_sample_data.py"
SIM-LGT-048-028,26.990000,75.690000,lit,2025-05-27,simulated,"ClearWay simulated sample data - NOT a real observation, generated by data/generate_sample_data.py"
SIM-LGT-048-029,26.990000,75.695000,lit,2025-06-29,simulated,"ClearWay simulated sample data - NOT a real observation, generated by data/generate_sample_data.py"
SIM-LGT-048-030,26.990000,75.700000,unlit,2026-08-09,simulated,"ClearWay simulated sample data - NOT a real observation, generated by data/generate_sample_data.py"
SIM-LGT-048-031,26.990000,75.705000,lit,2025-07-25,simulated,"ClearWay simulated sample data - NOT a real observation, generated by data/generate_sample_data.py"
SIM-LGT-048-032,26.990000,75.710000,lit,2026-04-30,simulated,"ClearWay simulated sample data - NOT a real observation, generated by data/generate_sample_data.py"
SIM-LGT-048-033,26.990000,75.715000,lit,2025-08-16,simulated,"ClearWay simulated sample data - NOT a real observation, generated by data/generate_sample_data.py"
SIM-LGT-048-034,26.990000,75.720000,lit,2025-06-12,simulated,"ClearWay simulated sample data - NOT a real observation, generated by data/generate_sample_data.py"
SIM-LGT-048-035,26.990000,75.725000,lit,2026-02-09,simulated,"ClearWay simulated sample data - NOT a real observation, generated by data/generate_sample_data.py"
SIM-LGT-048-036,26.990000,75.730000,lit,2026-07-13,simulated,"ClearWay simulated sample data - NOT a real observation, generated by data/generate_sample_data.py"
SIM-LGT-048-037,26.990000,75.735000,lit,2025-12-23,simulated,"ClearWay simulated sample data - NOT a real observation, generated by data/generate_sample_data.py"
SIM-LGT-048-038,26.990000,75.740000,partial,2026-01-03,simulated,"ClearWay simulated sample data - NOT a real observation, generated by data/generate_sample_data.py"
SIM-LGT-048-039,26.990000,75.745000,lit,2025-06-12,simulated,"ClearWay simulated sample data - NOT a real observation, generated by data/generate_sample_data.py"
SIM-LGT-048-040,26.990000,75.750000,partial,2025-06-19,simulated,"ClearWay simulated sample data - NOT a real observation, generated by data/generate_sample_data.py"
SIM-LGT-048-041,26.990000,75.755000,lit,2026-08-01,simulated,"ClearWay simulated sample data - NOT a real observation, generated by data/generate_sample_data.py"
SIM-LGT-048-042,26.990000,75.760000,partial,2026-06-27,simulated,"ClearWay simulated sample data - NOT a real observation, generated by data/generate_sample_data.py"
SIM-LGT-048-043,26.990000,75.765000,partial,2026-04-18,simulated,"ClearWay simulated sample data - NOT a real observation, generated by data/generate_sample_data.py"
SIM-LGT-048-044,26.990000,75.770000,partial,2025-06-27,simulated,"ClearWay simulated sample data - NOT a real observation, generated by data/generate_sample_data.py"
SIM-LGT-048-045,26.990000,75.775000,lit,2026-03-23,simulated,"ClearWay simulated sample data - NOT a real observation, generated by data/generate_sample_data.py"
SIM-LGT-048-046,26.990000,75.780000,lit,2025-12-02,simulated,"ClearWay simulated sample data - NOT a real observation, generated by data/generate_sample_data.py"
SIM-LGT-048-047,26.990000,75.785000,lit,2025-11-05,simulated,"ClearWay simulated sample data - NOT a real observation, generated by data/generate_sample_data.py"
SIM-LGT-048-048,26.990000,75.790000,lit,2026-08-30,simulated,"ClearWay simulated sample data - NOT a real observation, generated by data/generate_sample_data.py"
SIM-LGT-048-049,26.990000,75.795000,lit,2025-07-21,simulated,"ClearWay simulated sample data - NOT a real observation, generated by data/generate_sample_data.py"
SIM-LGT-048-050,26.990000,75.800000,lit,2026-01-12,simulated,"ClearWay simulated sample data - NOT a real observation, generated by data/generate_sample_data.py"
SIM-LGT-048-051,26.990000,75.805000,partial,2026-02-09,simulated,"ClearWay simulated sample data - NOT a real observation, generated by data/generate_sample_data.py"
SIM-LGT-048-052,26.990000,75.810000,lit,2026-05-15,simulated,"ClearWay simulated sample data - NOT a real observation, generated by data/generate_sample_data.py"
SIM-LGT-048-053,26.990000,75.815000,lit,2026-07-03,simulated,"ClearWay simulated sample data - NOT a real observation, generated by data/generate_sample_data.py"
SIM-LGT-048-054,26.990000,75.820000,lit,2026-07-17,simulated,"ClearWay simulated sample data - NOT a real observation, generated by data/generate_sample_data.py"
SIM-LGT-048-055,26.990000,75.825000,lit,2025-11-17,simulated,"ClearWay simulated sample data - NOT a real observation, generated by data/generate_sample_data.py"
SIM-LGT-048-056,26.990000,75.830000,lit,2025-08-12,simulated,"ClearWay simulated sample data - NOT a real observation, generated by data/generate_sample_data.py"
SIM-LGT-048-057,26.990000,75.835000,lit,2025-07-29,simulated,"ClearWay simulated sample data - NOT a real observation, generated by data/generate_sample_data.py"
SIM-LGT-048-058,26.990000,75.840000,unlit,2026-06-09,simulated,"ClearWay simulated sample data - NOT a real observation, generated by data/generate_sample_data.py"
SIM-LGT-048-059,26.990000,75.845000,lit,2026-03-23,simulated,"ClearWay simulated sample data - NOT a real observation, generated by data/generate_sample_data.py"
SIM-LGT-048-060,26.990000,75.850000,lit,2025-12-13,simulated,"ClearWay simulated sample data - NOT a real observation, generated by data/generate_sample_data.py"
SIM-LGT-048-061,26.990000,75.855000,lit,2026-02-07,simulated,"ClearWay simulated sample data - NOT a real observation, generated by data/generate_sample_data.py"
SIM-LGT-048-062,26.990000,75.860000,lit,2025-06-07,simulated,"ClearWay simulated sample data - NOT a real observation, generated by data/generate_sample_data.py"
SIM-LGT-048-063,26.990000,75.865000,lit,2026-02-14,simulated,"ClearWay simulated sample data - NOT a real observation, generated by data/generate_sample_data.py"
SIM-LGT-048-064,26.990000,75.870000,lit,2025-11-14,simulated,"ClearWay simulated sample data - NOT a real observation, generated by data/generate_sample_data.py"
SIM-LGT-048-065,26.990000,75.875000,partial,2025-07-21,simulated,"ClearWay simulated sample data - NOT a real observation, generated by data/generate_sample_data.py"
SIM-LGT-048-066,26.990000,75.880000,lit,2026-08-29,simulated,"ClearWay simulated sample data - NOT a real observation, generated by data/generate_sample_data.py"
SIM-LGT-048-067,26.990000,75.885000,partial,2025-04-26,simulated,"ClearWay simulated sample data - NOT a real observation, generated by data/generate_sample_data.py"
SIM-LGT-048-068,26.990000,75.890000,lit,2026-01-31,simulated,"ClearWay simulated sample data - NOT a real observation, generated by data/generate_sample_data.py"
SIM-LGT-048-069,26.990000,75.895000,partial,2025-07-23,simulated,"ClearWay simulated sample data - NOT a real observation, generated by data/generate_sample_data.py"
SIM-LGT-048-070,26.990000,75.900000,lit,2026-05-03,simulated,"ClearWay simulated sample data - NOT a real observation, generated by data/generate_sample_data.py"
SIM-LGT-049-000,26.995000,75.550000,lit,2025-12-27,simulated,"ClearWay simulated sample data - NOT a real observation, generated by data/generate_sample_data.py"
SIM-LGT-049-001,26.995000,75.555000,lit,2025-07-30,simulated,"ClearWay simulated sample data - NOT a real observation, generated by data/generate_sample_data.py"
SIM-LGT-049-002,26.995000,75.560000,lit,2026-04-22,simulated,"ClearWay simulated sample data - NOT a real observation, generated by data/generate_sample_data.py"
SIM-LGT-049-003,26.995000,75.565000,unlit,2025-05-29,simulated,"ClearWay simulated sample data - NOT a real observation, generated by data/generate_sample_data.py"
SIM-LGT-049-004,26.995000,75.570000,lit,2026-06-08,simulated,"ClearWay simulated sample data - NOT a real observation, generated by data/generate_sample_data.py"
SIM-LGT-049-005,26.995000,75.575000,lit,2026-05-19,simulated,"ClearWay simulated sample data - NOT a real observation, generated by data/generate_sample_data.py"
SIM-LGT-049-006,26.995000,75.580000,lit,2026-04-03,simulated,"ClearWay simulated sample data - NOT a real observation, generated by data/generate_sample_data.py"
SIM-LGT-049-007,26.995000,75.585000,partial,2025-08-22,simulated,"ClearWay simulated sample data - NOT a real observation, generated by data/generate_sample_data.py"
SIM-LGT-049-008,26.995000,75.590000,lit,2025-08-23,simulated,"ClearWay simulated sample data - NOT a real observation, generated by data/generate_sample_data.py"
SIM-LGT-049-009,26.995000,75.595000,lit,2026-01-31,simulated,"ClearWay simulated sample data - NOT a real observation, generated by data/generate_sample_data.py"
SIM-LGT-049-010,26.995000,75.600000,lit,2025-05-30,simulated,"ClearWay simulated sample data - NOT a real observation, generated by data/generate_sample_data.py"
SIM-LGT-049-011,26.995000,75.605000,lit,2026-03-25,simulated,"ClearWay simulated sample data - NOT a real observation, generated by data/generate_sample_data.py"
SIM-LGT-049-012,26.995000,75.610000,lit,2025-04-24,simulated,"ClearWay simulated sample data - NOT a real observation, generated by data/generate_sample_data.py"
SIM-LGT-049-013,26.995000,75.615000,lit,2025-08-01,simulated,"ClearWay simulated sample data - NOT a real observation, generated by data/generate_sample_data.py"
SIM-LGT-049-014,26.995000,75.620000,lit,2026-04-26,simulated,"ClearWay simulated sample data - NOT a real observation, generated by data/generate_sample_data.py"
SIM-LGT-049-015,26.995000,75.625000,partial,2025-12-25,simulated,"ClearWay simulated sample data - NOT a real observation, generated by data/generate_sample_data.py"
SIM-LGT-049-016,26.995000,75.630000,partial,2026-08-17,simulated,"ClearWay simulated sample data - NOT a real observation, generated by data/generate_sample_data.py"
SIM-LGT-049-017,26.995000,75.635000,partial,2026-07-29,simulated,"ClearWay simulated sample data - NOT a real observation, generated by data/generate_sample_data.py"
SIM-LGT-049-018,26.995000,75.640000,lit,2026-02-06,simulated,"ClearWay simulated sample data - NOT a real observation, generated by data/generate_sample_data.py"
SIM-LGT-049-019,26.995000,75.645000,partial,2025-10-14,simulated,"ClearWay simulated sample data - NOT a real observation, generated by data/generate_sample_data.py"
SIM-LGT-049-020,26.995000,75.650000,partial,2026-08-16,simulated,"ClearWay simulated sample data - NOT a real observation, generated by data/generate_sample_data.py"
SIM-LGT-049-021,26.995000,75.655000,partial,2025-04-19,simulated,"ClearWay simulated sample data - NOT a real observation, generated by data/generate_sample_data.py"
SIM-LGT-049-022,26.995000,75.660000,partial,2025-11-21,simulated,"ClearWay simulated sample data - NOT a real observation, generated by data/generate_sample_data.py"
SIM-LGT-049-023,26.995000,75.665000,lit,2025-05-28,simulated,"ClearWay simulated sample data - NOT a real observation, generated by data/generate_sample_data.py"
SIM-LGT-049-024,26.995000,75.670000,unlit,2026-04-12,simulated,"ClearWay simulated sample data - NOT a real observation, generated by data/generate_sample_data.py"
SIM-LGT-049-025,26.995000,75.675000,lit,2025-07-21,simulated,"ClearWay simulated sample data - NOT a real observation, generated by data/generate_sample_data.py"
SIM-LGT-049-026,26.995000,75.680000,lit,2025-07-23,simulated,"ClearWay simulated sample data - NOT a real observation, generated by data/generate_sample_data.py"
SIM-LGT-049-027,26.995000,75.685000,partial,2026-02-06,simulated,"ClearWay simulated sample data - NOT a real observation, generated by data/generate_sample_data.py"
SIM-LGT-049-028,26.995000,75.690000,lit,2026-01-21,simulated,"ClearWay simulated sample data - NOT a real observation, generated by data/generate_sample_data.py"
SIM-LGT-049-029,26.995000,75.695000,unlit,2026-02-25,simulated,"ClearWay simulated sample data - NOT a real observation, generated by data/generate_sample_data.py"
SIM-LGT-049-030,26.995000,75.700000,unlit,2025-12-07,simulated,"ClearWay simulated sample data - NOT a real observation, generated by data/generate_sample_data.py"
SIM-LGT-049-031,26.995000,75.705000,lit,2026-03-22,simulated,"ClearWay simulated sample data - NOT a real observation, generated by data/generate_sample_data.py"
SIM-LGT-049-032,26.995000,75.710000,lit,2025-11-11,simulated,"ClearWay simulated sample data - NOT a real observation, generated by data/generate_sample_data.py"
SIM-LGT-049-033,26.995000,75.715000,lit,2025-11-23,simulated,"ClearWay simulated sample data - NOT a real observation, generated by data/generate_sample_data.py"
SIM-LGT-049-034,26.995000,75.720000,unlit,2026-07-11,simulated,"ClearWay simulated sample data - NOT a real observation, generated by data/generate_sample_data.py"
SIM-LGT-049-035,26.995000,75.725000,lit,2026-02-07,simulated,"ClearWay simulated sample data - NOT a real observation, generated by data/generate_sample_data.py"
SIM-LGT-049-036,26.995000,75.730000,lit,2025-06-24,simulated,"ClearWay simulated sample data - NOT a real observation, generated by data/generate_sample_data.py"
SIM-LGT-049-037,26.995000,75.735000,unlit,2025-10-04,simulated,"ClearWay simulated sample data - NOT a real observation, generated by data/generate_sample_data.py"
SIM-LGT-049-038,26.995000,75.740000,lit,2026-04-17,simulated,"ClearWay simulated sample data - NOT a real observation, generated by data/generate_sample_data.py"
SIM-LGT-049-039,26.995000,75.745000,partial,2025-04-19,simulated,"ClearWay simulated sample data - NOT a real observation, generated by data/generate_sample_data.py"
SIM-LGT-049-040,26.995000,75.750000,lit,2026-04-28,simulated,"ClearWay simulated sample data - NOT a real observation, generated by data/generate_sample_data.py"
SIM-LGT-049-041,26.995000,75.755000,lit,2025-09-28,simulated,"ClearWay simulated sample data - NOT a real observation, generated by data/generate_sample_data.py"
SIM-LGT-049-042,26.995000,75.760000,unlit,2026-04-23,simulated,"ClearWay simulated sample data - NOT a real observation, generated by data/generate_sample_data.py"
SIM-LGT-049-043,26.995000,75.765000,partial,2026-08-22,simulated,"ClearWay simulated sample data - NOT a real observation, generated by data/generate_sample_data.py"
SIM-LGT-049-044,26.995000,75.770000,partial,2026-03-25,simulated,"ClearWay simulated sample data - NOT a real observation, generated by data/generate_sample_data.py"
SIM-LGT-049-045,26.995000,75.775000,partial,2026-06-01,simulated,"ClearWay simulated sample data - NOT a real observation, generated by data/generate_sample_data.py"
SIM-LGT-049-046,26.995000,75.780000,lit,2025-10-20,simulated,"ClearWay simulated sample data - NOT a real observation, generated by data/generate_sample_data.py"
SIM-LGT-049-047,26.995000,75.785000,partial,2026-04-01,simulated,"ClearWay simulated sample data - NOT a real observation, generated by data/generate_sample_data.py"
SIM-LGT-049-048,26.995000,75.790000,lit,2025-10-01,simulated,"ClearWay simulated sample data - NOT a real observation, generated by data/generate_sample_data.py"
SIM-LGT-049-049,26.995000,75.795000,unlit,2026-03-21,simulated,"ClearWay simulated sample data - NOT a real observation, generated by data/generate_sample_data.py"
SIM-LGT-049-050,26.995000,75.800000,lit,2025-10-14,simulated,"ClearWay simulated sample data - NOT a real observation, generated by data/generate_sample_data.py"
SIM-LGT-049-051,26.995000,75.805000,lit,2025-06-04,simulated,"ClearWay simulated sample data - NOT a real observation, generated by data/generate_sample_data.py"
SIM-LGT-049-052,26.995000,75.810000,lit,2025-11-16,simulated,"ClearWay simulated sample data - NOT a real observation, generated by data/generate_sample_data.py"
SIM-LGT-049-053,26.995000,75.815000,lit,2026-03-25,simulated,"ClearWay simulated sample data - NOT a real observation, generated by data/generate_sample_data.py"
SIM-LGT-049-054,26.995000,75.820000,lit,2026-08-01,simulated,"ClearWay simulated sample data - NOT a real observation, generated by data/generate_sample_data.py"
SIM-LGT-049-055,26.995000,75.825000,lit,2025-05-14,simulated,"ClearWay simulated sample data - NOT a real observation, generated by data/generate_sample_data.py"
SIM-LGT-049-056,26.995000,75.830000,lit,2025-05-09,simulated,"ClearWay simulated sample data - NOT a real observation, generated by data/generate_sample_data.py"
SIM-LGT-049-057,26.995000,75.835000,lit,2026-03-30,simulated,"ClearWay simulated sample data - NOT a real observation, generated by data/generate_sample_data.py"
SIM-LGT-049-058,26.995000,75.840000,lit,2026-05-27,simulated,"ClearWay simulated sample data - NOT a real observation, generated by data/generate_sample_data.py"
SIM-LGT-049-059,26.995000,75.845000,partial,2025-10-04,simulated,"ClearWay simulated sample data - NOT a real observation, generated by data/generate_sample_data.py"
SIM-LGT-049-060,26.995000,75.850000,partial,2025-12-03,simulated,"ClearWay simulated sample data - NOT a real observation, generated by data/generate_sample_data.py"
SIM-LGT-049-061,26.995000,75.855000,lit,2026-06-17,simulated,"ClearWay simulated sample data - NOT a real observation, generated by data/generate_sample_data.py"
SIM-LGT-049-062,26.995000,75.860000,partial,2025-11-17,simulated,"ClearWay simulated sample data - NOT a real observation, generated by data/generate_sample_data.py"
SIM-LGT-049-063,26.995000,75.865000,lit,2025-10-19,simulated,"ClearWay simulated sample data - NOT a real observation, generated by data/generate_sample_data.py"
SIM-LGT-049-064,26.995000,75.870000,lit,2025-05-01,simulated,"ClearWay simulated sample data - NOT a real observation, generated by data/generate_sample_data.py"
SIM-LGT-049-065,26.995000,75.875000,unlit,2025-06-24,simulated,"ClearWay simulated sample data - NOT a real observation, generated by data/generate_sample_data.py"
SIM-LGT-049-066,26.995000,75.880000,lit,2026-04-01,simulated,"ClearWay simulated sample data - NOT a real observation, generated by data/generate_sample_data.py"
SIM-LGT-049-067,26.995000,75.885000,partial,2026-01-27,simulated,"ClearWay simulated sample data - NOT a real observation, generated by data/generate_sample_data.py"
SIM-LGT-049-068,26.995000,75.890000,lit,2025-11-17,simulated,"ClearWay simulated sample data - NOT a real observation, generated by data/generate_sample_data.py"
SIM-LGT-049-069,26.995000,75.895000,partial,2026-04-15,simulated,"ClearWay simulated sample data - NOT a real observation, generated by data/generate_sample_data.py"
SIM-LGT-049-070,26.995000,75.900000,lit,2026-08-07,simulated,"ClearWay simulated sample data - NOT a real observation, generated by data/generate_sample_data.py"
SIM-LGT-050-000,27.000000,75.550000,lit,2025-07-07,simulated,"ClearWay simulated sample data - NOT a real observation, generated by data/generate_sample_data.py"
SIM-LGT-050-001,27.000000,75.555000,lit,2026-03-26,simulated,"ClearWay simulated sample data - NOT a real observation, generated by data/generate_sample_data.py"
SIM-LGT-050-002,27.000000,75.560000,lit,2026-06-16,simulated,"ClearWay simulated sample data - NOT a real observation, generated by data/generate_sample_data.py"
SIM-LGT-050-003,27.000000,75.565000,lit,2026-01-01,simulated,"ClearWay simulated sample data - NOT a real observation, generated by data/generate_sample_data.py"
SIM-LGT-050-004,27.000000,75.570000,partial,2026-07-16,simulated,"ClearWay simulated sample data - NOT a real observation, generated by data/generate_sample_data.py"
SIM-LGT-050-005,27.000000,75.575000,lit,2026-02-26,simulated,"ClearWay simulated sample data - NOT a real observation, generated by data/generate_sample_data.py"
SIM-LGT-050-006,27.000000,75.580000,partial,2026-06-20,simulated,"ClearWay simulated sample data - NOT a real observation, generated by data/generate_sample_data.py"
SIM-LGT-050-007,27.000000,75.585000,lit,2026-04-15,simulated,"ClearWay simulated sample data - NOT a real observation, generated by data/generate_sample_data.py"
SIM-LGT-050-008,27.000000,75.590000,lit,2026-07-29,simulated,"ClearWay simulated sample data - NOT a real observation, generated by data/generate_sample_data.py"
SIM-LGT-050-009,27.000000,75.595000,lit,2026-07-09,simulated,"ClearWay simulated sample data - NOT a real observation, generated by data/generate_sample_data.py"
SIM-LGT-050-010,27.000000,75.600000,lit,2026-08-06,simulated,"ClearWay simulated sample data - NOT a real observation, generated by data/generate_sample_data.py"
SIM-LGT-050-011,27.000000,75.605000,unlit,2025-06-28,simulated,"ClearWay simulated sample data - NOT a real observation, generated by data/generate_sample_data.py"
SIM-LGT-050-012,27.000000,75.610000,lit,2026-01-02,simulated,"ClearWay simulated sample data - NOT a real observation, generated by data/generate_sample_data.py"
SIM-LGT-050-013,27.000000,75.615000,unlit,2025-06-26,simulated,"ClearWay simulated sample data - NOT a real observation, generated by data/generate_sample_data.py"
SIM-LGT-050-014,27.000000,75.620000,lit,2025-12-27,simulated,"ClearWay simulated sample data - NOT a real observation, generated by data/generate_sample_data.py"
SIM-LGT-050-015,27.000000,75.625000,lit,2026-02-25,simulated,"ClearWay simulated sample data - NOT a real observation, generated by data/generate_sample_data.py"
SIM-LGT-050-016,27.000000,75.630000,lit,2026-07-14,simulated,"ClearWay simulated sample data - NOT a real observation, generated by data/generate_sample_data.py"
SIM-LGT-050-017,27.000000,75.635000,lit,2025-05-25,simulated,"ClearWay simulated sample data - NOT a real observation, generated by data/generate_sample_data.py"
SIM-LGT-050-018,27.000000,75.640000,unlit,2026-06-08,simulated,"ClearWay simulated sample data - NOT a real observation, generated by data/generate_sample_data.py"
SIM-LGT-050-019,27.000000,75.645000,unlit,2025-07-27,simulated,"ClearWay simulated sample data - NOT a real observation, generated by data/generate_sample_data.py"
SIM-LGT-050-020,27.000000,75.650000,unlit,2026-06-10,simulated,"ClearWay simulated sample data - NOT a real observation, generated by data/generate_sample_data.py"
SIM-LGT-050-021,27.000000,75.655000,lit,2026-03-20,simulated,"ClearWay simulated sample data - NOT a real observation, generated by data/generate_sample_data.py"
SIM-LGT-050-022,27.000000,75.660000,partial,2026-08-12,simulated,"ClearWay simulated sample data - NOT a real observation, generated by data/generate_sample_data.py"
SIM-LGT-050-023,27.000000,75.665000,partial,2025-09-24,simulated,"ClearWay simulated sample data - NOT a real observation, generated by data/generate_sample_data.py"
SIM-LGT-050-024,27.000000,75.670000,partial,2025-07-10,simulated,"ClearWay simulated sample data - NOT a real observation, generated by data/generate_sample_data.py"
SIM-LGT-050-025,27.000000,75.675000,unlit,2026-06-01,simulated,"ClearWay simulated sample data - NOT a real observation, generated by data/generate_sample_data.py"
SIM-LGT-050-026,27.000000,75.680000,partial,2025-10-31,simulated,"ClearWay simulated sample data - NOT a real observation, generated by data/generate_sample_data.py"
SIM-LGT-050-027,27.000000,75.685000,lit,2026-05-27,simulated,"ClearWay simulated sample data - NOT a real observation, generated by data/generate_sample_data.py"
SIM-LGT-050-028,27.000000,75.690000,partial,2026-02-26,simulated,"ClearWay simulated sample data - NOT a real observation, generated by data/generate_sample_data.py"
SIM-LGT-050-029,27.000000,75.695000,lit,2025-10-01,simulated,"ClearWay simulated sample data - NOT a real observation, generated by data/generate_sample_data.py"
SIM-LGT-050-030,27.000000,75.700000,lit,2026-04-01,simulated,"ClearWay simulated sample data - NOT a real observation, generated by data/generate_sample_data.py"
SIM-LGT-050-031,27.000000,75.705000,partial,2025-08-05,simulated,"ClearWay simulated sample data - NOT a real observation, generated by data/generate_sample_data.py"
SIM-LGT-050-032,27.000000,75.710000,partial,2025-06-10,simulated,"ClearWay simulated sample data - NOT a real observation, generated by data/generate_sample_data.py"
SIM-LGT-050-033,27.000000,75.715000,lit,2025-08-22,simulated,"ClearWay simulated sample data - NOT a real observation, generated by data/generate_sample_data.py"
SIM-LGT-050-034,27.000000,75.720000,lit,2025-07-14,simulated,"ClearWay simulated sample data - NOT a real observation, generated by data/generate_sample_data.py"
SIM-LGT-050-035,27.000000,75.725000,partial,2026-06-18,simulated,"ClearWay simulated sample data - NOT a real observation, generated by data/generate_sample_data.py"
SIM-LGT-050-036,27.000000,75.730000,lit,2026-02-07,simulated,"ClearWay simulated sample data - NOT a real observation, generated by data/generate_sample_data.py"
SIM-LGT-050-037,27.000000,75.735000,partial,2025-11-14,simulated,"ClearWay simulated sample data - NOT a real observation, generated by data/generate_sample_data.py"
SIM-LGT-050-038,27.000000,75.740000,lit,2025-06-13,simulated,"ClearWay simulated sample data - NOT a real observation, generated by data/generate_sample_data.py"
SIM-LGT-050-039,27.000000,75.745000,partial,2025-11-16,simulated,"ClearWay simulated sample data - NOT a real observation, generated by data/generate_sample_data.py"
SIM-LGT-050-040,27.000000,75.750000,partial,2026-01-14,simulated,"ClearWay simulated sample data - NOT a real observation, generated by data/generate_sample_data.py"
SIM-LGT-050-041,27.000000,75.755000,lit,2025-11-29,simulated,"ClearWay simulated sample data - NOT a real observation, generated by data/generate_sample_data.py"
SIM-LGT-050-042,27.000000,75.760000,lit,2025-12-08,simulated,"ClearWay simulated sample data - NOT a real observation, generated by data/generate_sample_data.py"
SIM-LGT-050-043,27.000000,75.765000,lit,2026-04-04,simulated,"ClearWay simulated sample data - NOT a real observation, generated by data/generate_sample_data.py"
SIM-LGT-050-044,27.000000,75.770000,unlit,2026-03-23,simulated,"ClearWay simulated sample data - NOT a real observation, generated by data/generate_sample_data.py"
SIM-LGT-050-045,27.000000,75.775000,partial,2026-02-22,simulated,"ClearWay simulated sample data - NOT a real observation, generated by data/generate_sample_data.py"
SIM-LGT-050-046,27.000000,75.780000,lit,2026-01-18,simulated,"ClearWay simulated sample data - NOT a real observation, generated by data/generate_sample_data.py"
SIM-LGT-050-047,27.000000,75.785000,lit,2025-11-04,simulated,"ClearWay simulated sample data - NOT a real observation, generated by data/generate_sample_data.py"
SIM-LGT-050-048,27.000000,75.790000,lit,2025-10-13,simulated,"ClearWay simulated sample data - NOT a real observation, generated by data/generate_sample_data.py"
SIM-LGT-050-049,27.000000,75.795000,lit,2026-01-16,simulated,"ClearWay simulated sample data - NOT a real observation, generated by data/generate_sample_data.py"
SIM-LGT-050-050,27.000000,75.800000,lit,2026-05-06,simulated,"ClearWay simulated sample data - NOT a real observation, generated by data/generate_sample_data.py"
SIM-LGT-050-051,27.000000,75.805000,unlit,2025-10-12,simulated,"ClearWay simulated sample data - NOT a real observation, generated by data/generate_sample_data.py"
SIM-LGT-050-052,27.000000,75.810000,lit,2026-07-28,simulated,"ClearWay simulated sample data - NOT a real observation, generated by data/generate_sample_data.py"
SIM-LGT-050-053,27.000000,75.815000,lit,2026-05-22,simulated,"ClearWay simulated sample data - NOT a real observation, generated by data/generate_sample_data.py"
SIM-LGT-050-054,27.000000,75.820000,lit,2025-07-25,simulated,"ClearWay simulated sample data - NOT a real observation, generated by data/generate_sample_data.py"
SIM-LGT-050-055,27.000000,75.825000,lit,2026-08-05,simulated,"ClearWay simulated sample data - NOT a real observation, generated by data/generate_sample_data.py"
SIM-LGT-050-056,27.000000,75.830000,lit,2025-09-16,simulated,"ClearWay simulated sample data - NOT a real observation, generated by data/generate_sample_data.py"
SIM-LGT-050-057,27.000000,75.835000,lit,2025-09-26,simulated,"ClearWay simulated sample data - NOT a real observation, generated by data/generate_sample_data.py"
SIM-LGT-050-058,27.000000,75.840000,lit,2025-07-27,simulated,"ClearWay simulated sample data - NOT a real observation, generated by data/generate_sample_data.py"
SIM-LGT-050-059,27.000000,75.845000,partial,2026-01-31,simulated,"ClearWay simulated sample data - NOT a real observation, generated by data/generate_sample_data.py"
SIM-LGT-050-060,27.000000,75.850000,partial,2025-08-03,simulated,"ClearWay simulated sample data - NOT a real observation, generated by data/generate_sample_data.py"
SIM-LGT-050-061,27.000000,75.855000,lit,2026-07-07,simulated,"ClearWay simulated sample data - NOT a real observation, generated by data/generate_sample_data.py"
SIM-LGT-050-062,27.000000,75.860000,lit,2026-04-02,simulated,"ClearWay simulated sample data - NOT a real observation, generated by data/generate_sample_data.py"
SIM-LGT-050-063,27.000000,75.865000,lit,2026-01-26,simulated,"ClearWay simulated sample data - NOT a real observation, generated by data/generate_sample_data.py"
SIM-LGT-050-064,27.000000,75.870000,lit,2025-07-03,simulated,"ClearWay simulated sample data - NOT a real observation, generated by data/generate_sample_data.py"
SIM-LGT-050-065,27.000000,75.875000,lit,2025-10-09,simulated,"ClearWay simulated sample data - NOT a real observation, generated by data/generate_sample_data.py"
SIM-LGT-050-066,27.000000,75.880000,lit,2025-12-19,simulated,"ClearWay simulated sample data - NOT a real observation, generated by data/generate_sample_data.py"
SIM-LGT-050-067,27.000000,75.885000,lit,2026-01-22,simulated,"ClearWay simulated sample data - NOT a real observation, generated by data/generate_sample_data.py"
SIM-LGT-050-068,27.000000,75.890000,unlit,2026-08-21,simulated,"ClearWay simulated sample data - NOT a real observation, generated by data/generate_sample_data.py"
SIM-LGT-050-069,27.000000,75.895000,lit,2026-09-06,simulated,"ClearWay simulated sample data - NOT a real observation, generated by data/generate_sample_data.py"
SIM-LGT-050-070,27.000000,75.900000,lit,2026-05-05,simulated,"ClearWay simulated sample data - NOT a real observation, generated by data/generate_sample_data.py"
SIM-LGT-051-000,27.005000,75.550000,lit,2026-07-25,simulated,"ClearWay simulated sample data - NOT a real observation, generated by data/generate_sample_data.py"
SIM-LGT-051-001,27.005000,75.555000,lit,2026-05-07,simulated,"ClearWay simulated sample data - NOT a real observation, generated by data/generate_sample_data.py"
SIM-LGT-051-002,27.005000,75.560000,partial,2025-07-02,simulated,"ClearWay simulated sample data - NOT a real observation, generated by data/generate_sample_data.py"
SIM-LGT-051-003,27.005000,75.565000,lit,2025-11-01,simulated,"ClearWay simulated sample data - NOT a real observation, generated by data/generate_sample_data.py"
SIM-LGT-051-004,27.005000,75.570000,lit,2025-09-10,simulated,"ClearWay simulated sample data - NOT a real observation, generated by data/generate_sample_data.py"
SIM-LGT-051-005,27.005000,75.575000,partial,2026-08-08,simulated,"ClearWay simulated sample data - NOT a real observation, generated by data/generate_sample_data.py"
SIM-LGT-051-006,27.005000,75.580000,unlit,2026-05-14,simulated,"ClearWay simulated sample data - NOT a real observation, generated by data/generate_sample_data.py"
SIM-LGT-051-007,27.005000,75.585000,lit,2026-05-25,simulated,"ClearWay simulated sample data - NOT a real observation, generated by data/generate_sample_data.py"
SIM-LGT-051-008,27.005000,75.590000,partial,2025-07-02,simulated,"ClearWay simulated sample data - NOT a real observation, generated by data/generate_sample_data.py"
SIM-LGT-051-009,27.005000,75.595000,lit,2025-11-26,simulated,"ClearWay simulated sample data - NOT a real observation, generated by data/generate_sample_data.py"
SIM-LGT-051-010,27.005000,75.600000,partial,2025-12-28,simulated,"ClearWay simulated sample data - NOT a real observation, generated by data/generate_sample_data.py"
SIM-LGT-051-011,27.005000,75.605000,unlit,2025-04-18,simulated,"ClearWay simulated sample data - NOT a real observation, generated by data/generate_sample_data.py"
SIM-LGT-051-012,27.005000,75.610000,unlit,2025-04-25,simulated,"ClearWay simulated sample data - NOT a real observation, generated by data/generate_sample_data.py"
SIM-LGT-051-013,27.005000,75.615000,partial,2025-06-21,simulated,"ClearWay simulated sample data - NOT a real observation, generated by data/generate_sample_data.py"
SIM-LGT-051-014,27.005000,75.620000,partial,2025-10-19,simulated,"ClearWay simulated sample data - NOT a real observation, generated by data/generate_sample_data.py"
SIM-LGT-051-015,27.005000,75.625000,lit,2026-03-14,simulated,"ClearWay simulated sample data - NOT a real observation, generated by data/generate_sample_data.py"
SIM-LGT-051-016,27.005000,75.630000,partial,2026-05-27,simulated,"ClearWay simulated sample data - NOT a real observation, generated by data/generate_sample_data.py"
SIM-LGT-051-017,27.005000,75.635000,partial,2026-03-15,simulated,"ClearWay simulated sample data - NOT a real observation, generated by data/generate_sample_data.py"
SIM-LGT-051-018,27.005000,75.640000,unlit,2025-09-07,simulated,"ClearWay simulated sample data - NOT a real observation, generated by data/generate_sample_data.py"
SIM-LGT-051-019,27.005000,75.645000,lit,2026-06-15,simulated,"ClearWay simulated sample data - NOT a real observation, generated by data/generate_sample_data.py"
SIM-LGT-051-020,27.005000,75.650000,lit,2026-05-01,simulated,"ClearWay simulated sample data - NOT a real observation, generated by data/generate_sample_data.py"
SIM-LGT-051-021,27.005000,75.655000,unlit,2026-01-19,simulated,"ClearWay simulated sample data - NOT a real observation, generated by data/generate_sample_data.py"
SIM-LGT-051-022,27.005000,75.660000,unlit,2026-05-28,simulated,"ClearWay simulated sample data - NOT a real observation, generated by data/generate_sample_data.py"
SIM-LGT-051-023,27.005000,75.665000,lit,2026-03-15,simulated,"ClearWay simulated sample data - NOT a real observation, generated by data/generate_sample_data.py"
SIM-LGT-051-024,27.005000,75.670000,unlit,2026-05-26,simulated,"ClearWay simulated sample data - NOT a real observation, generated by data/generate_sample_data.py"
SIM-LGT-051-025,27.005000,75.675000,partial,2025-08-02,simulated,"ClearWay simulated sample data - NOT a real observation, generated by data/generate_sample_data.py"
SIM-LGT-051-026,27.005000,75.680000,lit,2025-10-16,simulated,"ClearWay simulated sample data - NOT a real observation, generated by data/generate_sample_data.py"
SIM-LGT-051-027,27.005000,75.685000,lit,2026-09-03,simulated,"ClearWay simulated sample data - NOT a real observation, generated by data/generate_sample_data.py"
SIM-LGT-051-028,27.005000,75.690000,lit,2026-01-26,simulated,"ClearWay simulated sample data - NOT a real observation, generated by data/generate_sample_data.py"
SIM-LGT-051-029,27.005000,75.695000,unlit,2025-10-12,simulated,"ClearWay simulated sample data - NOT a real observation, generated by data/generate_sample_data.py"
SIM-LGT-051-030,27.005000,75.700000,unlit,2026-05-26,simulated,"ClearWay simulated sample data - NOT a real observation, generated by data/generate_sample_data.py"
SIM-LGT-051-031,27.005000,75.705000,lit,2026-03-11,simulated,"ClearWay simulated sample data - NOT a real observation, generated by data/generate_sample_data.py"
SIM-LGT-051-032,27.005000,75.710000,partial,2025-05-21,simulated,"ClearWay simulated sample data - NOT a real observation, generated by data/generate_sample_data.py"
SIM-LGT-051-033,27.005000,75.715000,lit,2025-09-21,simulated,"ClearWay simulated sample data - NOT a real observation, generated by data/generate_sample_data.py"
SIM-LGT-051-034,27.005000,75.720000,unlit,2026-03-25,simulated,"ClearWay simulated sample data - NOT a real observation, generated by data/generate_sample_data.py"
SIM-LGT-051-035,27.005000,75.725000,partial,2026-02-22,simulated,"ClearWay simulated sample data - NOT a real observation, generated by data/generate_sample_data.py"
SIM-LGT-051-036,27.005000,75.730000,lit,2026-01-31,simulated,"ClearWay simulated sample data - NOT a real observation, generated by data/generate_sample_data.py"
SIM-LGT-051-037,27.005000,75.735000,unlit,2026-02-05,simulated,"ClearWay simulated sample data - NOT a real observation, generated by data/generate_sample_data.py"
SIM-LGT-051-038,27.005000,75.740000,partial,2025-12-20,simulated,"ClearWay simulated sample data - NOT a real observation, generated by data/generate_sample_data.py"
SIM-LGT-051-039,27.005000,75.745000,unlit,2025-06-05,simulated,"ClearWay simulated sample data - NOT a real observation, generated by data/generate_sample_data.py"
SIM-LGT-051-040,27.005000,75.750000,unlit,2025-10-30,simulated,"ClearWay simulated sample data - NOT a real observation, generated by data/generate_sample_data.py"
SIM-LGT-051-041,27.005000,75.755000,lit,2025-10-20,simulated,"ClearWay simulated sample data - NOT a real observation, generated by data/generate_sample_data.py"
SIM-LGT-051-042,27.005000,75.760000,lit,2026-04-13,simulated,"ClearWay simulated sample data - NOT a real observation, generated by data/generate_sample_data.py"
SIM-LGT-051-043,27.005000,75.765000,partial,2025-06-24,simulated,"ClearWay simulated sample data - NOT a real observation, generated by data/generate_sample_data.py"
SIM-LGT-051-044,27.005000,75.770000,partial,2026-07-29,simulated,"ClearWay simulated sample data - NOT a real observation, generated by data/generate_sample_data.py"
SIM-LGT-051-045,27.005000,75.775000,partial,2025-08-25,simulated,"ClearWay simulated sample data - NOT a real observation, generated by data/generate_sample_data.py"
SIM-LGT-051-046,27.005000,75.780000,lit,2026-08-16,simulated,"ClearWay simulated sample data - NOT a real observation, generated by data/generate_sample_data.py"
SIM-LGT-051-047,27.005000,75.785000,lit,2025-06-08,simulated,"ClearWay simulated sample data - NOT a real observation, generated by data/generate_sample_data.py"
SIM-LGT-051-048,27.005000,75.790000,lit,2025-07-13,simulated,"ClearWay simulated sample data - NOT a real observation, generated by data/generate_sample_data.py"
SIM-LGT-051-049,27.005000,75.795000,lit,2026-01-06,simulated,"ClearWay simulated sample data - NOT a real observation, generated by data/generate_sample_data.py"
SIM-LGT-051-050,27.005000,75.800000,unlit,2026-03-15,simulated,"ClearWay simulated sample data - NOT a real observation, generated by data/generate_sample_data.py"
SIM-LGT-051-051,27.005000,75.805000,lit,2025-10-09,simulated,"ClearWay simulated sample data - NOT a real observation, generated by data/generate_sample_data.py"
SIM-LGT-051-052,27.005000,75.810000,lit,2025-09-24,simulated,"ClearWay simulated sample data - NOT a real observation, generated by data/generate_sample_data.py"
SIM-LGT-051-053,27.005000,75.815000,unlit,2026-02-24,simulated,"ClearWay simulated sample data - NOT a real observation, generated by data/generate_sample_data.py"
SIM-LGT-051-054,27.005000,75.820000,lit,2025-09-01,simulated,"ClearWay simulated sample data - NOT a real observation, generated by data/generate_sample_data.py"
SIM-LGT-051-055,27.005000,75.825000,partial,2025-07-14,simulated,"ClearWay simulated sample data - NOT a real observation, generated by data/generate_sample_data.py"
SIM-LGT-051-056,27.005000,75.830000,unlit,2026-07-06,simulated,"ClearWay simulated sample data - NOT a real observation, generated by data/generate_sample_data.py"
SIM-LGT-051-057,27.005000,75.835000,partial,2026-01-02,simulated,"ClearWay simulated sample data - NOT a real observation, generated by data/generate_sample_data.py"
SIM-LGT-051-058,27.005000,75.840000,lit,2026-08-04,simulated,"ClearWay simulated sample data - NOT a real observation, generated by data/generate_sample_data.py"
SIM-LGT-051-059,27.005000,75.845000,lit,2025-05-02,simulated,"ClearWay simulated sample data - NOT a real observation, generated by data/generate_sample_data.py"
SIM-LGT-051-060,27.005000,75.850000,lit,2025-12-11,simulated,"ClearWay simulated sample data - NOT a real observation, generated by data/generate_sample_data.py"
SIM-LGT-051-061,27.005000,75.855000,unlit,2026-02-15,simulated,"ClearWay simulated sample data - NOT a real observation, generated by data/generate_sample_data.py"
SIM-LGT-051-062,27.005000,75.860000,lit,2025-08-15,simulated,"ClearWay simulated sample data - NOT a real observation, generated by data/generate_sample_data.py"
SIM-LGT-051-063,27.005000,75.865000,partial,2025-10-16,simulated,"ClearWay simulated sample data - NOT a real observation, generated by data/generate_sample_data.py"
SIM-LGT-051-064,27.005000,75.870000,lit,2025-07-22,simulated,"ClearWay simulated sample data - NOT a real observation, generated by data/generate_sample_data.py"
SIM-LGT-051-065,27.005000,75.875000,lit,2025-08-06,simulated,"ClearWay simulated sample data - NOT a real observation, generated by data/generate_sample_data.py"
SIM-LGT-051-066,27.005000,75.880000,unlit,2026-02-04,simulated,"ClearWay simulated sample data - NOT a real observation, generated by data/generate_sample_data.py"
SIM-LGT-051-067,27.005000,75.885000,partial,2025-12-14,simulated,"ClearWay simulated sample data - NOT a real observation, generated by data/generate_sample_data.py"
SIM-LGT-051-068,27.005000,75.890000,lit,2026-08-02,simulated,"ClearWay simulated sample data - NOT a real observation, generated by data/generate_sample_data.py"
SIM-LGT-051-069,27.005000,75.895000,lit,2025-08-26,simulated,"ClearWay simulated sample data - NOT a real observation, generated by data/generate_sample_data.py"
SIM-LGT-051-070,27.005000,75.900000,lit,2026-06-02,simulated,"ClearWay simulated sample data - NOT a real observation, generated by data/generate_sample_data.py"
SIM-LGT-052-000,27.010000,75.550000,unlit,2026-05-06,simulated,"ClearWay simulated sample data - NOT a real observation, generated by data/generate_sample_data.py"
SIM-LGT-052-001,27.010000,75.555000,unlit,2026-03-31,simulated,"ClearWay simulated sample data - NOT a real observation, generated by data/generate_sample_data.py"
SIM-LGT-052-002,27.010000,75.560000,lit,2025-09-28,simulated,"ClearWay simulated sample data - NOT a real observation, generated by data/generate_sample_data.py"
SIM-LGT-052-003,27.010000,75.565000,partial,2026-04-10,simulated,"ClearWay simulated sample data - NOT a real observation, generated by data/generate_sample_data.py"
SIM-LGT-052-004,27.010000,75.570000,partial,2025-11-17,simulated,"ClearWay simulated sample data - NOT a real observation, generated by data/generate_sample_data.py"
SIM-LGT-052-005,27.010000,75.575000,lit,2025-10-17,simulated,"ClearWay simulated sample data - NOT a real observation, generated by data/generate_sample_data.py"
SIM-LGT-052-006,27.010000,75.580000,lit,2025-05-04,simulated,"ClearWay simulated sample data - NOT a real observation, generated by data/generate_sample_data.py"
SIM-LGT-052-007,27.010000,75.585000,partial,2026-05-20,simulated,"ClearWay simulated sample data - NOT a real observation, generated by data/generate_sample_data.py"
SIM-LGT-052-008,27.010000,75.590000,lit,2026-09-02,simulated,"ClearWay simulated sample data - NOT a real observation, generated by data/generate_sample_data.py"
SIM-LGT-052-009,27.010000,75.595000,partial,2025-12-07,simulated,"ClearWay simulated sample data - NOT a real observation, generated by data/generate_sample_data.py"
SIM-LGT-052-010,27.010000,75.600000,lit,2026-03-09,simulated,"ClearWay simulated sample data - NOT a real observation, generated by data/generate_sample_data.py"
SIM-LGT-052-011,27.010000,75.605000,partial,2026-06-24,simulated,"ClearWay simulated sample data - NOT a real observation, generated by data/generate_sample_data.py"
SIM-LGT-052-012,27.010000,75.610000,partial,2026-04-29,simulated,"ClearWay simulated sample data - NOT a real observation, generated by data/generate_sample_data.py"
SIM-LGT-052-013,27.010000,75.615000,partial,2026-01-25,simulated,"ClearWay simulated sample data - NOT a real observation, generated by data/generate_sample_data.py"
SIM-LGT-052-014,27.010000,75.620000,lit,2025-08-08,simulated,"ClearWay simulated sample data - NOT a real observation, generated by data/generate_sample_data.py"
SIM-LGT-052-015,27.010000,75.625000,lit,2025-10-04,simulated,"ClearWay simulated sample data - NOT a real observation, generated by data/generate_sample_data.py"
SIM-LGT-052-016,27.010000,75.630000,unlit,2025-06-25,simulated,"ClearWay simulated sample data - NOT a real observation, generated by data/generate_sample_data.py"
SIM-LGT-052-017,27.010000,75.635000,partial,2026-03-05,simulated,"ClearWay simulated sample data - NOT a real observation, generated by data/generate_sample_data.py"
SIM-LGT-052-018,27.010000,75.640000,lit,2026-08-08,simulated,"ClearWay simulated sample data - NOT a real observation, generated by data/generate_sample_data.py"
SIM-LGT-052-019,27.010000,75.645000,lit,2025-05-02,simulated,"ClearWay simulated sample data - NOT a real observation, generated by data/generate_sample_data.py"
SIM-LGT-052-020,27.010000,75.650000,partial,2026-02-27,simulated,"ClearWay simulated sample data - NOT a real observation, generated by data/generate_sample_data.py"
SIM-LGT-052-021,27.010000,75.655000,lit,2026-03-26,simulated,"ClearWay simulated sample data - NOT a real observation, generated by data/generate_sample_data.py"
SIM-LGT-052-022,27.010000,75.660000,partial,2026-01-26,simulated,"ClearWay simulated sample data - NOT a real observation, generated by data/generate_sample_data.py"
SIM-LGT-052-023,27.010000,75.665000,partial,2026-05-10,simulated,"ClearWay simulated sample data - NOT a real observation, generated by data/generate_sample_data.py"
SIM-LGT-052-024,27.010000,75.670000,lit,2026-01-29,simulated,"ClearWay simulated sample data - NOT a real observation, generated by data/generate_sample_data.py"
SIM-LGT-052-025,27.010000,75.675000,partial,2025-04-23,simulated,"ClearWay simulated sample data - NOT a real observation, generated by data/generate_sample_data.py"
SIM-LGT-052-026,27.010000,75.680000,unlit,2025-12-13,simulated,"ClearWay simulated sample data - NOT a real observation, generated by data/generate_sample_data.py"
SIM-LGT-052-027,27.010000,75.685000,partial,2026-08-31,simulated,"ClearWay simulated sample data - NOT a real observation, generated by data/generate_sample_data.py"
SIM-LGT-052-028,27.010000,75.690000,lit,2026-04-14,simulated,"ClearWay simulated sample data - NOT a real observation, generated by data/generate_sample_data.py"
SIM-LGT-052-029,27.010000,75.695000,lit,2026-04-22,simulated,"ClearWay simulated sample data - NOT a real observation, generated by data/generate_sample_data.py"
SIM-LGT-052-030,27.010000,75.700000,lit,2026-08-30,simulated,"ClearWay simulated sample data - NOT a real observation, generated by data/generate_sample_data.py"
SIM-LGT-052-031,27.010000,75.705000,lit,2026-01-01,simulated,"ClearWay simulated sample data - NOT a real observation, generated by data/generate_sample_data.py"
SIM-LGT-052-032,27.010000,75.710000,lit,2025-12-31,simulated,"ClearWay simulated sample data - NOT a real observation, generated by data/generate_sample_data.py"
SIM-LGT-052-033,27.010000,75.715000,partial,2025-11-22,simulated,"ClearWay simulated sample data - NOT a real observation, generated by data/generate_sample_data.py"
SIM-LGT-052-034,27.010000,75.720000,lit,2026-05-01,simulated,"ClearWay simulated sample data - NOT a real observation, generated by data/generate_sample_data.py"
SIM-LGT-052-035,27.010000,75.725000,lit,2025-09-11,simulated,"ClearWay simulated sample data - NOT a real observation, generated by data/generate_sample_data.py"
SIM-LGT-052-036,27.010000,75.730000,partial,2025-08-16,simulated,"ClearWay simulated sample data - NOT a real observation, generated by data/generate_sample_data.py"
SIM-LGT-052-037,27.010000,75.735000,partial,2026-06-16,simulated,"ClearWay simulated sample data - NOT a real observation, generated by data/generate_sample_data.py"
SIM-LGT-052-038,27.010000,75.740000,partial,2026-03-27,simulated,"ClearWay simulated sample data - NOT a real observation, generated by data/generate_sample_data.py"
SIM-LGT-052-039,27.010000,75.745000,partial,2025-05-24,simulated,"ClearWay simulated sample data - NOT a real observation, generated by data/generate_sample_data.py"
SIM-LGT-052-040,27.010000,75.750000,lit,2025-07-04,simulated,"ClearWay simulated sample data - NOT a real observation, generated by data/generate_sample_data.py"
SIM-LGT-052-041,27.010000,75.755000,unlit,2026-01-23,simulated,"ClearWay simulated sample data - NOT a real observation, generated by data/generate_sample_data.py"
SIM-LGT-052-042,27.010000,75.760000,unlit,2025-05-18,simulated,"ClearWay simulated sample data - NOT a real observation, generated by data/generate_sample_data.py"
SIM-LGT-052-043,27.010000,75.765000,partial,2026-05-30,simulated,"ClearWay simulated sample data - NOT a real observation, generated by data/generate_sample_data.py"
SIM-LGT-052-044,27.010000,75.770000,partial,2026-06-09,simulated,"ClearWay simulated sample data - NOT a real observation, generated by data/generate_sample_data.py"
SIM-LGT-052-045,27.010000,75.775000,lit,2026-06-13,simulated,"ClearWay simulated sample data - NOT a real observation, generated by data/generate_sample_data.py"
SIM-LGT-052-046,27.010000,75.780000,lit,2026-02-01,simulated,"ClearWay simulated sample data - NOT a real observation, generated by data/generate_sample_data.py"
SIM-LGT-052-047,27.010000,75.785000,partial,2025-12-04,simulated,"ClearWay simulated sample data - NOT a real observation, generated by data/generate_sample_data.py"
SIM-LGT-052-048,27.010000,75.790000,lit,2026-02-24,simulated,"ClearWay simulated sample data - NOT a real observation, generated by data/generate_sample_data.py"
SIM-LGT-052-049,27.010000,75.795000,lit,2025-05-03,simulated,"ClearWay simulated sample data - NOT a real observation, generated by data/generate_sample_data.py"
SIM-LGT-052-050,27.010000,75.800000,partial,2026-03-08,simulated,"ClearWay simulated sample data - NOT a real observation, generated by data/generate_sample_data.py"
SIM-LGT-052-051,27.010000,75.805000,lit,2026-06-24,simulated,"ClearWay simulated sample data - NOT a real observation, generated by data/generate_sample_data.py"
SIM-LGT-052-052,27.010000,75.810000,partial,2025-11-24,simulated,"ClearWay simulated sample data - NOT a real observation, generated by data/generate_sample_data.py"
SIM-LGT-052-053,27.010000,75.815000,lit,2025-05-07,simulated,"ClearWay simulated sample data - NOT a real observation, generated by data/generate_sample_data.py"
SIM-LGT-052-054,27.010000,75.820000,lit,2025-09-19,simulated,"ClearWay simulated sample data - NOT a real observation, generated by data/generate_sample_data.py"
SIM-LGT-052-055,27.010000,75.825000,partial,2026-09-07,simulated,"ClearWay simulated sample data - NOT a real observation, generated by data/generate_sample_data.py"
SIM-LGT-052-056,27.010000,75.830000,lit,2026-09-01,simulated,"ClearWay simulated sample data - NOT a real observation, generated by data/generate_sample_data.py"
SIM-LGT-052-057,27.010000,75.835000,partial,2025-11-28,simulated,"ClearWay simulated sample data - NOT a real observation, generated by data/generate_sample_data.py"
SIM-LGT-052-058,27.010000,75.840000,lit,2026-03-06,simulated,"ClearWay simulated sample data - NOT a real observation, generated by data/generate_sample_data.py"
SIM-LGT-052-059,27.010000,75.845000,lit,2025-06-05,simulated,"ClearWay simulated sample data - NOT a real observation, generated by data/generate_sample_data.py"
SIM-LGT-052-060,27.010000,75.850000,lit,2025-06-11,simulated,"ClearWay simulated sample data - NOT a real observation, generated by data/generate_sample_data.py"
SIM-LGT-052-061,27.010000,75.855000,lit,2025-11-02,simulated,"ClearWay simulated sample data - NOT a real observation, generated by data/generate_sample_data.py"
SIM-LGT-052-062,27.010000,75.860000,lit,2026-05-19,simulated,"ClearWay simulated sample data - NOT a real observation, generated by data/generate_sample_data.py"
SIM-LGT-052-063,27.010000,75.865000,partial,2025-07-10,simulated,"ClearWay simulated sample data - NOT a real observation, generated by data/generate_sample_data.py"
SIM-LGT-052-064,27.010000,75.870000,unlit,2026-03-17,simulated,"ClearWay simulated sample data - NOT a real observation, generated by data/generate_sample_data.py"
SIM-LGT-052-065,27.010000,75.875000,unlit,2026-01-10,simulated,"ClearWay simulated sample data - NOT a real observation, generated by data/generate_sample_data.py"
SIM-LGT-052-066,27.010000,75.880000,lit,2025-06-29,simulated,"ClearWay simulated sample data - NOT a real observation, generated by data/generate_sample_data.py"
SIM-LGT-052-067,27.010000,75.885000,lit,2025-05-27,simulated,"ClearWay simulated sample data - NOT a real observation, generated by data/generate_sample_data.py"
SIM-LGT-052-068,27.010000,75.890000,unlit,2025-07-09,simulated,"ClearWay simulated sample data - NOT a real observation, generated by data/generate_sample_data.py"
SIM-LGT-052-069,27.010000,75.895000,lit,2025-06-15,simulated,"ClearWay simulated sample data - NOT a real observation, generated by data/generate_sample_data.py"
SIM-LGT-052-070,27.010000,75.900000,lit,2026-01-27,simulated,"ClearWay simulated sample data - NOT a real observation, generated by data/generate_sample_data.py"
SIM-LGT-053-000,27.015000,75.550000,unlit,2025-10-12,simulated,"ClearWay simulated sample data - NOT a real observation, generated by data/generate_sample_data.py"
SIM-LGT-053-001,27.015000,75.555000,lit,2025-08-08,simulated,"ClearWay simulated sample data - NOT a real observation, generated by data/generate_sample_data.py"
SIM-LGT-053-002,27.015000,75.560000,lit,2025-08-12,simulated,"ClearWay simulated sample data - NOT a real observation, generated by data/generate_sample_data.py"
SIM-LGT-053-003,27.015000,75.565000,unlit,2025-12-02,simulated,"ClearWay simulated sample data - NOT a real observation, generated by data/generate_sample_data.py"
SIM-LGT-053-004,27.015000,75.570000,lit,2025-11-06,simulated,"ClearWay simulated sample data - NOT a real observation, generated by data/generate_sample_data.py"
SIM-LGT-053-005,27.015000,75.575000,partial,2026-01-05,simulated,"ClearWay simulated sample data - NOT a real observation, generated by data/generate_sample_data.py"
SIM-LGT-053-006,27.015000,75.580000,lit,2026-05-01,simulated,"ClearWay simulated sample data - NOT a real observation, generated by data/generate_sample_data.py"
SIM-LGT-053-007,27.015000,75.585000,partial,2026-04-10,simulated,"ClearWay simulated sample data - NOT a real observation, generated by data/generate_sample_data.py"
SIM-LGT-053-008,27.015000,75.590000,lit,2026-01-24,simulated,"ClearWay simulated sample data - NOT a real observation, generated by data/generate_sample_data.py"
SIM-LGT-053-009,27.015000,75.595000,partial,2026-03-27,simulated,"ClearWay simulated sample data - NOT a real observation, generated by data/generate_sample_data.py"
SIM-LGT-053-010,27.015000,75.600000,lit,2026-04-12,simulated,"ClearWay simulated sample data - NOT a real observation, generated by data/generate_sample_data.py"
SIM-LGT-053-011,27.015000,75.605000,partial,2025-09-15,simulated,"ClearWay simulated sample data - NOT a real observation, generated by data/generate_sample_data.py"
SIM-LGT-053-012,27.015000,75.610000,partial,2026-05-13,simulated,"ClearWay simulated sample data - NOT a real observation, generated by data/generate_sample_data.py"
SIM-LGT-053-013,27.015000,75.615000,partial,2026-04-13,simulated,"ClearWay simulated sample data - NOT a real observation, generated by data/generate_sample_data.py"
SIM-LGT-053-014,27.015000,75.620000,unlit,2025-11-16,simulated,"ClearWay simulated sample data - NOT a real observation, generated by data/generate_sample_data.py"
SIM-LGT-053-015,27.015000,75.625000,lit,2026-04-21,simulated,"ClearWay simulated sample data - NOT a real observation, generated by data/generate_sample_data.py"
SIM-LGT-053-016,27.015000,75.630000,lit,2026-09-08,simulated,"ClearWay simulated sample data - NOT a real observation, generated by data/generate_sample_data.py"
SIM-LGT-053-017,27.015000,75.635000,lit,2026-02-05,simulated,"ClearWay simulated sample data - NOT a real observation, generated by data/generate_sample_data.py"
SIM-LGT-053-018,27.015000,75.640000,unlit,2025-12-05,simulated,"ClearWay simulated sample data - NOT a real observation, generated by data/generate_sample_data.py"
SIM-LGT-053-019,27.015000,75.645000,lit,2026-05-01,simulated,"ClearWay simulated sample data - NOT a real observation, generated by data/generate_sample_data.py"
SIM-LGT-053-020,27.015000,75.650000,lit,2025-09-10,simulated,"ClearWay simulated sample data - NOT a real observation, generated by data/generate_sample_data.py"
SIM-LGT-053-021,27.015000,75.655000,lit,2025-11-11,simulated,"ClearWay simulated sample data - NOT a real observation, generated by data/generate_sample_data.py"
SIM-LGT-053-022,27.015000,75.660000,lit,2025-07-09,simulated,"ClearWay simulated sample data - NOT a real observation, generated by data/generate_sample_data.py"
SIM-LGT-053-023,27.015000,75.665000,lit,2025-05-20,simulated,"ClearWay simulated sample data - NOT a real observation, generated by data/generate_sample_data.py"
SIM-LGT-053-024,27.015000,75.670000,lit,2025-11-13,simulated,"ClearWay simulated sample data - NOT a real observation, generated by data/generate_sample_data.py"
SIM-LGT-053-025,27.015000,75.675000,lit,2026-06-22,simulated,"ClearWay simulated sample data - NOT a real observation, generated by data/generate_sample_data.py"
SIM-LGT-053-026,27.015000,75.680000,lit,2025-08-10,simulated,"ClearWay simulated sample data - NOT a real observation, generated by data/generate_sample_data.py"
SIM-LGT-053-027,27.015000,75.685000,lit,2025-11-11,simulated,"ClearWay simulated sample data - NOT a real observation, generated by data/generate_sample_data.py"
SIM-LGT-053-028,27.015000,75.690000,lit,2025-07-26,simulated,"ClearWay simulated sample data - NOT a real observation, generated by data/generate_sample_data.py"
SIM-LGT-053-029,27.015000,75.695000,lit,2026-01-26,simulated,"ClearWay simulated sample data - NOT a real observation, generated by data/generate_sample_data.py"
SIM-LGT-053-030,27.015000,75.700000,partial,2026-03-23,simulated,"ClearWay simulated sample data - NOT a real observation, generated by data/generate_sample_data.py"
SIM-LGT-053-031,27.015000,75.705000,lit,2025-12-16,simulated,"ClearWay simulated sample data - NOT a real observation, generated by data/generate_sample_data.py"
SIM-LGT-053-032,27.015000,75.710000,lit,2026-04-17,simulated,"ClearWay simulated sample data - NOT a real observation, generated by data/generate_sample_data.py"
SIM-LGT-053-033,27.015000,75.715000,partial,2025-07-22,simulated,"ClearWay simulated sample data - NOT a real observation, generated by data/generate_sample_data.py"
SIM-LGT-053-034,27.015000,75.720000,lit,2025-05-06,simulated,"ClearWay simulated sample data - NOT a real observation, generated by data/generate_sample_data.py"
SIM-LGT-053-035,27.015000,75.725000,lit,2026-05-12,simulated,"ClearWay simulated sample data - NOT a real observation, generated by data/generate_sample_data.py"
SIM-LGT-053-036,27.015000,75.730000,lit,2025-11-10,simulated,"ClearWay simulated sample data - NOT a real observation, generated by data/generate_sample_data.py"
SIM-LGT-053-037,27.015000,75.735000,lit,2026-05-08,simulated,"ClearWay simulated sample data - NOT a real observation, generated by data/generate_sample_data.py"
SIM-LGT-053-038,27.015000,75.740000,lit,2026-05-16,simulated,"ClearWay simulated sample data - NOT a real observation, generated by data/generate_sample_data.py"
SIM-LGT-053-039,27.015000,75.745000,lit,2025-10-06,simulated,"ClearWay simulated sample data - NOT a real observation, generated by data/generate_sample_data.py"
SIM-LGT-053-040,27.015000,75.750000,lit,2026-01-19,simulated,"ClearWay simulated sample data - NOT a real observation, generated by data/generate_sample_data.py"
SIM-LGT-053-041,27.015000,75.755000,lit,2026-05-29,simulated,"ClearWay simulated sample data - NOT a real observation, generated by data/generate_sample_data.py"
SIM-LGT-053-042,27.015000,75.760000,lit,2026-03-07,simulated,"ClearWay simulated sample data - NOT a real observation, generated by data/generate_sample_data.py"
SIM-LGT-053-043,27.015000,75.765000,lit,2026-03-17,simulated,"ClearWay simulated sample data - NOT a real observation, generated by data/generate_sample_data.py"
SIM-LGT-053-044,27.015000,75.770000,lit,2026-06-26,simulated,"ClearWay simulated sample data - NOT a real observation, generated by data/generate_sample_data.py"
SIM-LGT-053-045,27.015000,75.775000,lit,2026-02-08,simulated,"ClearWay simulated sample data - NOT a real observation, generated by data/generate_sample_data.py"
SIM-LGT-053-046,27.015000,75.780000,partial,2025-05-22,simulated,"ClearWay simulated sample data - NOT a real observation, generated by data/generate_sample_data.py"
SIM-LGT-053-047,27.015000,75.785000,lit,2025-10-19,simulated,"ClearWay simulated sample data - NOT a real observation, generated by data/generate_sample_data.py"
SIM-LGT-053-048,27.015000,75.790000,lit,2026-04-25,simulated,"ClearWay simulated sample data - NOT a real observation, generated by data/generate_sample_data.py"
SIM-LGT-053-049,27.015000,75.795000,lit,2026-07-15,simulated,"ClearWay simulated sample data - NOT a real observation, generated by data/generate_sample_data.py"
SIM-LGT-053-050,27.015000,75.800000,lit,2026-07-08,simulated,"ClearWay simulated sample data - NOT a real observation, generated by data/generate_sample_data.py"
SIM-LGT-053-051,27.015000,75.805000,lit,2025-11-09,simulated,"ClearWay simulated sample data - NOT a real observation, generated by data/generate_sample_data.py"
SIM-LGT-053-052,27.015000,75.810000,lit,2026-06-05,simulated,"ClearWay simulated sample data - NOT a real observation, generated by data/generate_sample_data.py"
SIM-LGT-053-053,27.015000,75.815000,lit,2025-12-23,simulated,"ClearWay simulated sample data - NOT a real observation, generated by data/generate_sample_data.py"
SIM-LGT-053-054,27.015000,75.820000,lit,2026-03-30,simulated,"ClearWay simulated sample data - NOT a real observation, generated by data/generate_sample_data.py"
SIM-LGT-053-055,27.015000,75.825000,lit,2025-11-25,simulated,"ClearWay simulated sample data - NOT a real observation, generated by data/generate_sample_data.py"
SIM-LGT-053-056,27.015000,75.830000,lit,2026-06-11,simulated,"ClearWay simulated sample data - NOT a real observation, generated by data/generate_sample_data.py"
SIM-LGT-053-057,27.015000,75.835000,unlit,2025-06-19,simulated,"ClearWay simulated sample data - NOT a real observation, generated by data/generate_sample_data.py"
SIM-LGT-053-058,27.015000,75.840000,lit,2026-07-10,simulated,"ClearWay simulated sample data - NOT a real observation, generated by data/generate_sample_data.py"
SIM-LGT-053-059,27.015000,75.845000,lit,2026-01-22,simulated,"ClearWay simulated sample data - NOT a real observation, generated by data/generate_sample_data.py"
SIM-LGT-053-060,27.015000,75.850000,lit,2025-06-17,simulated,"ClearWay simulated sample data - NOT a real observation, generated by data/generate_sample_data.py"
SIM-LGT-053-061,27.015000,75.855000,unlit,2025-08-13,simulated,"ClearWay simulated sample data - NOT a real observation, generated by data/generate_sample_data.py"
SIM-LGT-053-062,27.015000,75.860000,lit,2025-05-11,simulated,"ClearWay simulated sample data - NOT a real observation, generated by data/generate_sample_data.py"
SIM-LGT-053-063,27.015000,75.865000,lit,2025-06-14,simulated,"ClearWay simulated sample data - NOT a real observation, generated by data/generate_sample_data.py"
SIM-LGT-053-064,27.015000,75.870000,lit,2025-08-13,simulated,"ClearWay simulated sample data - NOT a real observation, generated by data/generate_sample_data.py"
SIM-LGT-053-065,27.015000,75.875000,partial,2026-07-09,simulated,"ClearWay simulated sample data - NOT a real observation, generated by data/generate_sample_data.py"
SIM-LGT-053-066,27.015000,75.880000,unlit,2026-04-30,simulated,"ClearWay simulated sample data - NOT a real observation, generated by data/generate_sample_data.py"
SIM-LGT-053-067,27.015000,75.885000,lit,2025-05-08,simulated,"ClearWay simulated sample data - NOT a real observation, generated by data/generate_sample_data.py"
SIM-LGT-053-068,27.015000,75.890000,unlit,2025-05-17,simulated,"ClearWay simulated sample data - NOT a real observation, generated by data/generate_sample_data.py"
SIM-LGT-053-069,27.015000,75.895000,unlit,2026-07-16,simulated,"ClearWay simulated sample data - NOT a real observation, generated by data/generate_sample_data.py"
SIM-LGT-053-070,27.015000,75.900000,unlit,2026-03-09,simulated,"ClearWay simulated sample data - NOT a real observation, generated by data/generate_sample_data.py"
SIM-LGT-054-000,27.020000,75.550000,lit,2026-08-25,simulated,"ClearWay simulated sample data - NOT a real observation, generated by data/generate_sample_data.py"
SIM-LGT-054-001,27.020000,75.555000,unlit,2026-02-19,simulated,"ClearWay simulated sample data - NOT a real observation, generated by data/generate_sample_data.py"
SIM-LGT-054-002,27.020000,75.560000,lit,2026-04-09,simulated,"ClearWay simulated sample data - NOT a real observation, generated by data/generate_sample_data.py"
SIM-LGT-054-003,27.020000,75.565000,unlit,2026-01-24,simulated,"ClearWay simulated sample data - NOT a real observation, generated by data/generate_sample_data.py"
SIM-LGT-054-004,27.020000,75.570000,lit,2026-05-24,simulated,"ClearWay simulated sample data - NOT a real observation, generated by data/generate_sample_data.py"
SIM-LGT-054-005,27.020000,75.575000,lit,2025-08-09,simulated,"ClearWay simulated sample data - NOT a real observation, generated by data/generate_sample_data.py"
SIM-LGT-054-006,27.020000,75.580000,lit,2026-04-20,simulated,"ClearWay simulated sample data - NOT a real observation, generated by data/generate_sample_data.py"
SIM-LGT-054-007,27.020000,75.585000,unlit,2025-12-19,simulated,"ClearWay simulated sample data - NOT a real observation, generated by data/generate_sample_data.py"
SIM-LGT-054-008,27.020000,75.590000,lit,2025-06-25,simulated,"ClearWay simulated sample data - NOT a real observation, generated by data/generate_sample_data.py"
SIM-LGT-054-009,27.020000,75.595000,lit,2026-07-05,simulated,"ClearWay simulated sample data - NOT a real observation, generated by data/generate_sample_data.py"
SIM-LGT-054-010,27.020000,75.600000,lit,2025-09-16,simulated,"ClearWay simulated sample data - NOT a real observation, generated by data/generate_sample_data.py"
SIM-LGT-054-011,27.020000,75.605000,lit,2026-09-05,simulated,"ClearWay simulated sample data - NOT a real observation, generated by data/generate_sample_data.py"
SIM-LGT-054-012,27.020000,75.610000,partial,2025-10-30,simulated,"ClearWay simulated sample data - NOT a real observation, generated by data/generate_sample_data.py"
SIM-LGT-054-013,27.020000,75.615000,partial,2026-01-25,simulated,"ClearWay simulated sample data - NOT a real observation, generated by data/generate_sample_data.py"
SIM-LGT-054-014,27.020000,75.620000,partial,2025-05-25,simulated,"ClearWay simulated sample data - NOT a real observation, generated by data/generate_sample_data.py"
SIM-LGT-054-015,27.020000,75.625000,lit,2025-05-13,simulated,"ClearWay simulated sample data - NOT a real observation, generated by data/generate_sample_data.py"
SIM-LGT-054-016,27.020000,75.630000,lit,2026-01-02,simulated,"ClearWay simulated sample data - NOT a real observation, generated by data/generate_sample_data.py"
SIM-LGT-054-017,27.020000,75.635000,lit,2025-05-21,simulated,"ClearWay simulated sample data - NOT a real observation, generated by data/generate_sample_data.py"
SIM-LGT-054-018,27.020000,75.640000,partial,2026-01-22,simulated,"ClearWay simulated sample data - NOT a real observation, generated by data/generate_sample_data.py"
SIM-LGT-054-019,27.020000,75.645000,lit,2025-11-04,simulated,"ClearWay simulated sample data - NOT a real observation, generated by data/generate_sample_data.py"
SIM-LGT-054-020,27.020000,75.650000,lit,2026-08-01,simulated,"ClearWay simulated sample data - NOT a real observation, generated by data/generate_sample_data.py"
SIM-LGT-054-021,27.020000,75.655000,lit,2025-04-29,simulated,"ClearWay simulated sample data - NOT a real observation, generated by data/generate_sample_data.py"
SIM-LGT-054-022,27.020000,75.660000,lit,2026-06-22,simulated,"ClearWay simulated sample data - NOT a real observation, generated by data/generate_sample_data.py"
SIM-LGT-054-023,27.020000,75.665000,lit,2025-08-25,simulated,"ClearWay simulated sample data - NOT a real observation, generated by data/generate_sample_data.py"
SIM-LGT-054-024,27.020000,75.670000,partial,2026-02-01,simulated,"ClearWay simulated sample data - NOT a real observation, generated by data/generate_sample_data.py"
SIM-LGT-054-025,27.020000,75.675000,lit,2026-06-20,simulated,"ClearWay simulated sample data - NOT a real observation, generated by data/generate_sample_data.py"
SIM-LGT-054-026,27.020000,75.680000,lit,2026-05-14,simulated,"ClearWay simulated sample data - NOT a real observation, generated by data/generate_sample_data.py"
SIM-LGT-054-027,27.020000,75.685000,partial,2025-12-01,simulated,"ClearWay simulated sample data - NOT a real observation, generated by data/generate_sample_data.py"
SIM-LGT-054-028,27.020000,75.690000,lit,2026-06-01,simulated,"ClearWay simulated sample data - NOT a real observation, generated by data/generate_sample_data.py"
SIM-LGT-054-029,27.020000,75.695000,partial,2026-05-18,simulated,"ClearWay simulated sample data - NOT a real observation, generated by data/generate_sample_data.py"
SIM-LGT-054-030,27.020000,75.700000,unlit,2025-05-09,simulated,"ClearWay simulated sample data - NOT a real observation, generated by data/generate_sample_data.py"
SIM-LGT-054-031,27.020000,75.705000,partial,2026-06-04,simulated,"ClearWay simulated sample data - NOT a real observation, generated by data/generate_sample_data.py"
SIM-LGT-054-032,27.020000,75.710000,partial,2026-03-09,simulated,"ClearWay simulated sample data - NOT a real observation, generated by data/generate_sample_data.py"
SIM-LGT-054-033,27.020000,75.715000,lit,2025-11-27,simulated,"ClearWay simulated sample data - NOT a real observation, generated by data/generate_sample_data.py"
SIM-LGT-054-034,27.020000,75.720000,unlit,2026-06-07,simulated,"ClearWay simulated sample data - NOT a real observation, generated by data/generate_sample_data.py"
SIM-LGT-054-035,27.020000,75.725000,lit,2025-12-21,simulated,"ClearWay simulated sample data - NOT a real observation, generated by data/generate_sample_data.py"
SIM-LGT-054-036,27.020000,75.730000,lit,2026-05-04,simulated,"ClearWay simulated sample data - NOT a real observation, generated by data/generate_sample_data.py"
SIM-LGT-054-037,27.020000,75.735000,partial,2026-05-24,simulated,"ClearWay simulated sample data - NOT a real observation, generated by data/generate_sample_data.py"
SIM-LGT-054-038,27.020000,75.740000,lit,2026-05-27,simulated,"ClearWay simulated sample data - NOT a real observation, generated by data/generate_sample_data.py"
SIM-LGT-054-039,27.020000,75.745000,lit,2026-05-29,simulated,"ClearWay simulated sample data - NOT a real observation, generated by data/generate_sample_data.py"
SIM-LGT-054-040,27.020000,75.750000,unlit,2025-07-06,simulated,"ClearWay simulated sample data - NOT a real observation, generated by data/generate_sample_data.py"
SIM-LGT-054-041,27.020000,75.755000,unlit,2025-07-01,simulated,"ClearWay simulated sample data - NOT a real observation, generated by data/generate_sample_data.py"
SIM-LGT-054-042,27.020000,75.760000,lit,2026-06-10,simulated,"ClearWay simulated sample data - NOT a real observation, generated by data/generate_sample_data.py"
SIM-LGT-054-043,27.020000,75.765000,partial,2025-07-23,simulated,"ClearWay simulated sample data - NOT a real observation, generated by data/generate_sample_data.py"
SIM-LGT-054-044,27.020000,75.770000,partial,2025-10-04,simulated,"ClearWay simulated sample data - NOT a real observation, generated by data/generate_sample_data.py"
SIM-LGT-054-045,27.020000,75.775000,lit,2026-07-16,simulated,"ClearWay simulated sample data - NOT a real observation, generated by data/generate_sample_data.py"
SIM-LGT-054-046,27.020000,75.780000,lit,2025-06-03,simulated,"ClearWay simulated sample data - NOT a real observation, generated by data/generate_sample_data.py"
SIM-LGT-054-047,27.020000,75.785000,unlit,2025-11-11,simulated,"ClearWay simulated sample data - NOT a real observation, generated by data/generate_sample_data.py"
SIM-LGT-054-048,27.020000,75.790000,lit,2026-05-06,simulated,"ClearWay simulated sample data - NOT a real observation, generated by data/generate_sample_data.py"
SIM-LGT-054-049,27.020000,75.795000,lit,2026-04-04,simulated,"ClearWay simulated sample data - NOT a real observation, generated by data/generate_sample_data.py"
SIM-LGT-054-050,27.020000,75.800000,unlit,2026-05-15,simulated,"ClearWay simulated sample data - NOT a real observation, generated by data/generate_sample_data.py"
SIM-LGT-054-051,27.020000,75.805000,unlit,2026-04-21,simulated,"ClearWay simulated sample data - NOT a real observation, generated by data/generate_sample_data.py"
SIM-LGT-054-052,27.020000,75.810000,lit,2026-06-05,simulated,"ClearWay simulated sample data - NOT a real observation, generated by data/generate_sample_data.py"
SIM-LGT-054-053,27.020000,75.815000,partial,2025-09-30,simulated,"ClearWay simulated sample data - NOT a real observation, generated by data/generate_sample_data.py"
SIM-LGT-054-054,27.020000,75.820000,lit,2025-05-25,simulated,"ClearWay simulated sample data - NOT a real observation, generated by data/generate_sample_data.py"
SIM-LGT-054-055,27.020000,75.825000,unlit,2025-07-21,simulated,"ClearWay simulated sample data - NOT a real observation, generated by data/generate_sample_data.py"
SIM-LGT-054-056,27.020000,75.830000,lit,2026-03-06,simulated,"ClearWay simulated sample data - NOT a real observation, generated by data/generate_sample_data.py"
SIM-LGT-054-057,27.020000,75.835000,lit,2026-06-16,simulated,"ClearWay simulated sample data - NOT a real observation, generated by data/generate_sample_data.py"
SIM-LGT-054-058,27.020000,75.840000,unlit,2026-05-26,simulated,"ClearWay simulated sample data - NOT a real observation, generated by data/generate_sample_data.py"
SIM-LGT-054-059,27.020000,75.845000,unlit,2025-10-24,simulated,"ClearWay simulated sample data - NOT a real observation, generated by data/generate_sample_data.py"
SIM-LGT-054-060,27.020000,75.850000,lit,2025-08-14,simulated,"ClearWay simulated sample data - NOT a real observation, generated by data/generate_sample_data.py"
SIM-LGT-054-061,27.020000,75.855000,lit,2026-02-25,simulated,"ClearWay simulated sample data - NOT a real observation, generated by data/generate_sample_data.py"
SIM-LGT-054-062,27.020000,75.860000,lit,2026-01-30,simulated,"ClearWay simulated sample data - NOT a real observation, generated by data/generate_sample_data.py"
SIM-LGT-054-063,27.020000,75.865000,unlit,2025-07-23,simulated,"ClearWay simulated sample data - NOT a real observation, generated by data/generate_sample_data.py"
SIM-LGT-054-064,27.020000,75.870000,lit,2026-07-17,simulated,"ClearWay simulated sample data - NOT a real observation, generated by data/generate_sample_data.py"
SIM-LGT-054-065,27.020000,75.875000,partial,2025-08-23,simulated,"ClearWay simulated sample data - NOT a real observation, generated by data/generate_sample_data.py"
SIM-LGT-054-066,27.020000,75.880000,partial,2026-08-29,simulated,"ClearWay simulated sample data - NOT a real observation, generated by data/generate_sample_data.py"
SIM-LGT-054-067,27.020000,75.885000,unlit,2025-08-07,simulated,"ClearWay simulated sample data - NOT a real observation, generated by data/generate_sample_data.py"
SIM-LGT-054-068,27.020000,75.890000,lit,2025-09-24,simulated,"ClearWay simulated sample data - NOT a real observation, generated by data/generate_sample_data.py"
SIM-LGT-054-069,27.020000,75.895000,lit,2026-01-24,simulated,"ClearWay simulated sample data - NOT a real observation, generated by data/generate_sample_data.py"
SIM-LGT-054-070,27.020000,75.900000,lit,2026-02-16,simulated,"ClearWay simulated sample data - NOT a real observation, generated by data/generate_sample_data.py"
